k,k_over_n,alpha_weighted,alpha_unweighted
1,5.841462702260646e-05,0.0,0.0
2,0.00011682925404521292,0.0,0.0
3,0.00017524388106781937,0.0,0.0
4,0.00023365850809042583,0.0,0.0
5,0.0002920731351130323,0.0,0.0
6,0.00035048776213563875,0.0,0.0
7,0.00040890238915824523,0.0,0.0
8,0.00046731701618085166,0.0,0.0
9,0.0005257316432034581,0.0,0.0
10,0.0005841462702260646,0.0,0.0
11,0.0006425608972486711,0.0,0.0
12,0.0007009755242712775,0.0,0.0
13,0.000759390151293884,0.0,0.0
14,0.0008178047783164905,0.0,0.0
15,0.0008762194053390969,0.0,0.0
16,0.0009346340323617033,0.0,0.0
17,0.0009930486593843098,0.0,0.0
18,0.0010514632864069163,0.0,0.0
19,0.0011098779134295228,0.0,0.0
20,0.0011682925404521293,0.0,0.0
21,0.0012267071674747357,0.0,0.0
22,0.0012851217944973422,0.0,0.0
23,0.0013435364215199485,0.0,0.0
24,0.001401951048542555,0.0,0.0
25,0.0014603656755651615,0.0,0.0
26,0.001518780302587768,0.0,0.0
27,0.0015771949296103744,0.0,0.0
28,0.001635609556632981,0.0,0.0
29,0.0016940241836555874,0.0,0.0
30,0.0017524388106781939,0.0,0.0
31,0.0018108534377008004,0.0,0.0
32,0.0018692680647234066,0.0,0.0
33,0.0019276826917460131,0.0,0.0
34,0.0019860973187686196,0.0,0.0
35,0.0020445119457912263,0.0,0.0
36,0.0021029265728138326,0.0,0.0
37,0.002161341199836439,0.0,0.0
38,0.0022197558268590455,0.0,0.0
39,0.002278170453881652,0.0,0.0
40,0.0023365850809042585,0.0,0.0
41,0.002394999707926865,0.0,0.0
42,0.0024534143349494715,0.0,0.0
43,0.0025118289619720778,0.0,0.0
44,0.0025702435889946845,0.0,0.0
45,0.0026286582160172907,0.0,0.0
46,0.002687072843039897,0.0,0.0
47,0.0027454874700625037,0.0,0.0
48,0.00280390209708511,0.0,0.0
49,0.0028623167241077167,0.0,0.0
50,0.002920731351130323,0.0,0.0
51,0.0029791459781529296,0.0,0.0
52,0.003037560605175536,0.0,0.0
53,0.0030959752321981426,0.0,0.0
54,0.003154389859220749,0.0,0.0
55,0.003212804486243355,0.0,0.0
56,0.003271219113265962,0.0,0.0
57,0.003329633740288568,0.0,0.0
58,0.003388048367311175,0.0,0.0
59,0.003446462994333781,0.0,0.0
60,0.0035048776213563878,0.0,0.0
61,0.003563292248378994,0.0,0.0
62,0.0036217068754016007,0.0,0.0
63,0.003680121502424207,0.0,0.0
64,0.0037385361294468133,0.0,0.0
65,0.00379695075646942,0.0,0.0
66,0.0038553653834920262,0.0,0.0
67,0.003913780010514633,0.0,0.0
68,0.003972194637537239,0.0,0.0
69,0.0040306092645598455,0.0,0.0
70,0.004089023891582453,0.0,0.0
71,0.004147438518605059,0.0,0.0
72,0.004205853145627665,0.0,0.0
73,0.004264267772650271,0.0,0.0
74,0.004322682399672878,0.0,0.0
75,0.004381097026695485,0.0,0.0
76,0.004439511653718091,0.0,0.0
77,0.004497926280740697,0.0,0.0
78,0.004556340907763304,0.0,0.0
79,0.004614755534785911,0.0,0.0
80,0.004673170161808517,0.0,0.0
81,0.004731584788831123,0.0,0.0
82,0.00478999941585373,0.0,0.0
83,0.004848414042876336,0.0,0.0
84,0.004906828669898943,0.0,0.0
85,0.004965243296921549,0.0,0.0
86,0.0050236579239441555,0.0,0.0
87,0.005082072550966762,0.0,0.0
88,0.005140487177989369,0.0,0.0
89,0.005198901805011975,0.0,0.0
90,0.0052573164320345814,0.0,0.0
91,0.005315731059057188,0.0,0.0
92,0.005374145686079794,0.0,0.0
93,0.005432560313102401,0.0,0.0
94,0.005490974940125007,0.0,0.0
95,0.005549389567147614,0.0,0.0
96,0.00560780419417022,0.0,0.0
97,0.005666218821192827,0.0,0.0
98,0.005724633448215433,0.0,0.0
99,0.00578304807523804,0.0,0.0
100,0.005841462702260646,0.0,0.0
101,0.005899877329283252,0.0,0.0
102,0.005958291956305859,0.0,0.0
103,0.0060167065833284655,0.0,0.0
104,0.006075121210351072,0.0,0.0
105,0.006133535837373678,0.0,0.0
106,0.006191950464396285,0.0,0.0
107,0.0062503650914188915,0.0,0.0
108,0.006308779718441498,0.0,0.0
109,0.006367194345464104,0.0,0.0
110,0.00642560897248671,0.0,0.0
111,0.006484023599509317,0.0,0.0
112,0.006542438226531924,0.0,0.0
113,0.00660085285355453,0.0,0.0
114,0.006659267480577136,0.0,0.0
115,0.006717682107599743,0.0,0.0
116,0.00677609673462235,0.0,0.0
117,0.006834511361644956,0.0,0.0
118,0.006892925988667562,0.0,0.0
119,0.006951340615690168,0.0,0.0
120,0.0070097552427127756,0.0,0.0
121,0.007068169869735382,0.0,0.0
122,0.007126584496757988,0.0,0.0
123,0.007184999123780594,0.0,0.0
124,0.0072434137508032015,0.0,0.0
125,0.007301828377825808,0.0,0.0
126,0.007360243004848414,0.0,0.0
127,0.00741865763187102,0.0,0.0
128,0.0074770722588936266,0.0,0.0
129,0.007535486885916234,0.0,0.0
130,0.00759390151293884,0.0,0.0
131,0.007652316139961446,0.0,0.0
132,0.0077107307669840525,0.0,0.0
133,0.00776914539400666,0.0,0.0
134,0.007827560021029266,0.0,0.0
135,0.007885974648051873,0.0,0.0
136,0.007944389275074478,0.0,0.0
137,0.008002803902097086,0.0,0.0
138,0.008061218529119691,0.0,0.0
139,0.008119633156142298,0.0,0.0
140,0.008178047783164905,0.0,0.0
141,0.00823646241018751,0.0,0.0
142,0.008294877037210118,0.0,0.0
143,0.008353291664232723,0.0,0.0
144,0.00841170629125533,0.0,0.0
145,0.008470120918277937,0.0,0.0
146,0.008528535545300543,0.0,0.0
147,0.00858695017232315,0.0,0.0
148,0.008645364799345755,0.0,0.0
149,0.008703779426368363,0.0,0.0
150,0.00876219405339097,0.0,0.0
151,0.008820608680413575,0.0,0.0
152,0.008879023307436182,0.0,0.0
153,0.00893743793445879,0.0,0.0
154,0.008995852561481395,0.0,0.0
155,0.009054267188504002,0.0,0.0
156,0.009112681815526607,0.0,0.0
157,0.009171096442549214,0.0,0.0
158,0.009229511069571822,0.0,0.0
159,0.009287925696594427,0.0,0.0
160,0.009346340323617034,0.0,0.0
161,0.00940475495063964,0.0,0.0
162,0.009463169577662247,0.0,0.0
163,0.009521584204684854,0.0,0.0
164,0.00957999883170746,0.0,0.0
165,0.009638413458730066,0.0,0.0
166,0.009696828085752672,0.0,0.0
167,0.009755242712775279,0.0,0.0
168,0.009813657339797886,0.0,0.0
169,0.009872071966820491,0.0,0.0
170,0.009930486593843098,0.0,0.0
171,0.009988901220865706,0.0,0.0
172,0.010047315847888311,0.0,0.0
173,0.010105730474910918,0.0,0.0
174,0.010164145101933524,0.0,0.0
175,0.01022255972895613,0.0,0.0
176,0.010280974355978738,0.0,0.0
177,0.010339388983001343,0.0,0.0
178,0.01039780361002395,0.0,0.0
179,0.010456218237046556,0.0,0.0
180,0.010514632864069163,0.0,0.0
181,0.01057304749109177,0.0,0.0
182,0.010631462118114375,0.0,0.0
183,0.010689876745136983,0.0,0.0
184,0.010748291372159588,0.0,0.0
185,0.010806705999182195,0.0,0.0
186,0.010865120626204802,0.0,0.0
187,0.010923535253227408,0.0,0.0
188,0.010981949880250015,0.0,0.0
189,0.011040364507272622,0.0,0.0
190,0.011098779134295227,0.0,0.0
191,0.011157193761317834,0.0,0.0
192,0.01121560838834044,0.0,0.0
193,0.011274023015363047,0.0,0.0
194,0.011332437642385654,0.0,0.0
195,0.01139085226940826,0.0,0.0
196,0.011449266896430867,0.0,0.0
197,0.011507681523453472,0.0,0.0
198,0.01156609615047608,0.0,0.0
199,0.011624510777498686,0.0,0.0
200,0.011682925404521292,0.0,0.0
201,0.011741340031543899,0.0,0.0
202,0.011799754658566504,0.0,0.0
203,0.011858169285589111,0.0,0.0
204,0.011916583912611719,0.0,0.0
205,0.011974998539634324,0.0,0.0
206,0.012033413166656931,0.0,0.0
207,0.012091827793679538,0.0,0.0
208,0.012150242420702144,0.0,0.0
209,0.01220865704772475,0.0,0.0
210,0.012267071674747356,0.0,0.0
211,0.012325486301769963,0.0,0.0
212,0.01238390092879257,0.0,0.0
213,0.012442315555815176,0.0,0.0
214,0.012500730182837783,0.0,0.0
215,0.012559144809860388,0.0,0.0
216,0.012617559436882995,0.0,0.0
217,0.012675974063905603,0.0,0.0
218,0.012734388690928208,0.0,0.0
219,0.012792803317950815,0.0,0.0
220,0.01285121794497342,0.0,0.0
221,0.012909632571996028,0.0,0.0
222,0.012968047199018635,0.0,0.0
223,0.01302646182604124,0.0,0.0
224,0.013084876453063847,0.0,0.0
225,0.013143291080086454,0.0,0.0
226,0.01320170570710906,0.0,0.0
227,0.013260120334131667,0.0,0.0
228,0.013318534961154272,0.0,0.0
229,0.01337694958817688,0.0,0.0
230,0.013435364215199487,0.0,0.0
231,0.013493778842222092,0.0,0.0
232,0.0135521934692447,0.0,0.0
233,0.013610608096267305,0.0,0.0
234,0.013669022723289912,0.0,0.0
235,0.013727437350312519,0.0,0.0
236,0.013785851977335124,0.0,0.0
237,0.013844266604357731,0.0,0.0
238,0.013902681231380337,0.0,0.0
239,0.013961095858402944,0.0,0.0
240,0.014019510485425551,0.0,0.0
241,0.014077925112448157,0.0,0.0
242,0.014136339739470764,0.0,0.0
243,0.01419475436649337,0.0,0.0
244,0.014253168993515976,0.0,0.0
245,0.014311583620538583,0.0,0.0
246,0.014369998247561189,0.0,0.0
247,0.014428412874583796,0.0,0.0
248,0.014486827501606403,0.0,0.0
249,0.014545242128629008,0.0,0.0
250,0.014603656755651616,0.0,0.0
251,0.014662071382674221,0.0,0.0
252,0.014720486009696828,0.0,0.0
253,0.014778900636719435,0.0,0.0
254,0.01483731526374204,0.0,0.0
255,0.014895729890764648,0.0,0.0
256,0.014954144517787253,0.0,0.0
257,0.01501255914480986,0.0,0.0
258,0.015070973771832467,0.0,0.0
259,0.015129388398855073,0.0,0.0
260,0.01518780302587768,0.0,0.0
261,0.015246217652900287,0.0,0.0
262,0.015304632279922892,0.0,0.0
263,0.0153630469069455,0.0,0.0
264,0.015421461533968105,0.0,0.0
265,0.015479876160990712,0.0,0.0
266,0.01553829078801332,0.0,0.0
267,0.015596705415035925,0.0,0.0
268,0.015655120042058532,0.0,0.0
269,0.01571353466908114,0.0,0.0
270,0.015771949296103746,0.0,0.0
271,0.01583036392312635,0.0,0.0
272,0.015888778550148957,0.0,0.0
273,0.015947193177171564,0.0,0.0
274,0.01600560780419417,0.0,0.0
275,0.01606402243121678,0.0,0.0
276,0.016122437058239382,0.0,0.0
277,0.01618085168526199,0.0,0.0
278,0.016239266312284596,0.0,0.0
279,0.016297680939307203,0.0,0.0
280,0.01635609556632981,0.0,0.0
281,0.016414510193352414,0.0,0.0
282,0.01647292482037502,0.0,0.0
283,0.01653133944739763,0.0,0.0
284,0.016589754074420236,0.0,0.0
285,0.016648168701442843,0.0,0.0
286,0.016706583328465446,0.0,0.0
287,0.016764997955488053,0.0,0.0
288,0.01682341258251066,0.0,0.0
289,0.016881827209533268,0.0,0.0
290,0.016940241836555875,0.0,0.0
291,0.01699865646357848,0.0,0.0
292,0.017057071090601086,0.0,0.0
293,0.017115485717623693,0.0,0.0
294,0.0171739003446463,0.0,0.0
295,0.017232314971668907,0.0,0.0
296,0.01729072959869151,0.0,0.0
297,0.017349144225714118,0.0,0.0
298,0.017407558852736725,0.0,0.0
299,0.017465973479759332,0.0,0.0
300,0.01752438810678194,0.0,0.0
301,0.017582802733804543,0.0,0.0
302,0.01764121736082715,0.0,0.0
303,0.017699631987849757,0.0,0.0
304,0.017758046614872364,0.0,0.0
305,0.01781646124189497,0.0,0.0
306,0.01787487586891758,0.0,0.0
307,0.017933290495940182,0.0,0.0
308,0.01799170512296279,0.0,0.0
309,0.018050119749985397,0.0,0.0
310,0.018108534377008004,0.0,0.0
311,0.01816694900403061,0.0,0.0
312,0.018225363631053215,0.0,0.0
313,0.01828377825807582,0.0,0.0
314,0.01834219288509843,0.0,0.0
315,0.018400607512121036,0.0,0.0
316,0.018459022139143643,0.0,0.0
317,0.018517436766166247,0.0,0.0
318,0.018575851393188854,0.0,0.0
319,0.01863426602021146,0.0,0.0
320,0.018692680647234068,0.0,0.0
321,0.018751095274256675,0.0,0.0
322,0.01880950990127928,0.0,0.0
323,0.018867924528301886,0.0,0.0
324,0.018926339155324493,0.0,0.0
325,0.0189847537823471,0.0,0.0
326,0.019043168409369707,0.0,0.0
327,0.01910158303639231,0.0,0.0
328,0.01915999766341492,0.0,0.0
329,0.019218412290437525,0.0,0.0
330,0.019276826917460133,0.0,0.0
331,0.01933524154448274,0.0,0.0
332,0.019393656171505343,0.0,0.0
333,0.01945207079852795,0.0,0.0
334,0.019510485425550558,0.0,0.0
335,0.019568900052573165,0.0,0.0
336,0.019627314679595772,0.0,0.0
337,0.019685729306618376,0.0,0.0
338,0.019744143933640983,0.0,0.0
339,0.01980255856066359,0.0,0.0
340,0.019860973187686197,0.0,0.0
341,0.019919387814708804,0.0,0.0
342,0.01997780244173141,0.0,0.0
343,0.020036217068754015,0.0,0.0
344,0.020094631695776622,0.0,0.0
345,0.02015304632279923,0.0,0.0
346,0.020211460949821836,0.0,0.0
347,0.020269875576844443,0.0,0.0
348,0.020328290203867047,0.0,0.0
349,0.020386704830889654,0.0,0.0
350,0.02044511945791226,0.0,0.0
351,0.02050353408493487,0.0,0.0
352,0.020561948711957476,0.0,0.0
353,0.02062036333898008,0.0,0.0
354,0.020678777966002686,0.0,0.0
355,0.020737192593025294,0.0,0.0
356,0.0207956072200479,0.0,0.0
357,0.020854021847070508,0.0,0.0
358,0.02091243647409311,0.0,0.0
359,0.02097085110111572,0.0,0.0
360,0.021029265728138326,0.0,0.0
361,0.021087680355160933,0.0,0.0
362,0.02114609498218354,0.0,0.0
363,0.021204509609206144,0.0,0.0
364,0.02126292423622875,0.0,0.0
365,0.021321338863251358,0.0,0.0
366,0.021379753490273965,0.0,0.0
367,0.021438168117296572,0.0,0.0
368,0.021496582744319176,0.0,0.0
369,0.021554997371341783,0.0,0.0
370,0.02161341199836439,0.0,0.0
371,0.021671826625386997,0.0,0.0
372,0.021730241252409604,0.0,0.0
373,0.021788655879432208,0.0,0.0
374,0.021847070506454815,0.0,0.0
375,0.021905485133477422,0.0,0.0
376,0.02196389976050003,0.0,0.0
377,0.022022314387522637,0.0,0.0
378,0.022080729014545244,0.0,0.0
379,0.022139143641567847,0.0,0.0
380,0.022197558268590455,0.0,0.0
381,0.022255972895613062,0.0,0.0
382,0.02231438752263567,0.0,0.0
383,0.022372802149658276,0.0,0.0
384,0.02243121677668088,0.0,0.0
385,0.022489631403703487,0.0,0.0
386,0.022548046030726094,0.0,0.0
387,0.0226064606577487,0.0,0.0
388,0.022664875284771308,0.0,0.0
389,0.022723289911793912,0.0,0.0
390,0.02278170453881652,0.0,0.0
391,0.022840119165839126,0.0,0.0
392,0.022898533792861733,0.0,0.0
393,0.02295694841988434,0.0,0.0
394,0.023015363046906944,0.0,0.0
395,0.02307377767392955,0.0,0.0
396,0.02313219230095216,0.0,0.0
397,0.023190606927974765,0.0,0.0
398,0.023249021554997373,0.0,0.0
399,0.023307436182019976,0.0,0.0
400,0.023365850809042583,0.0,0.0
401,0.02342426543606519,0.0,0.0
402,0.023482680063087798,0.0,0.0
403,0.023541094690110405,0.0,0.0
404,0.02359950931713301,0.0,0.0
405,0.023657923944155616,0.0,0.0
406,0.023716338571178223,0.0,0.0
407,0.02377475319820083,0.0,0.0
408,0.023833167825223437,0.0,0.0
409,0.02389158245224604,0.0,0.0
410,0.023949997079268648,0.0,0.0
411,0.024008411706291255,0.0,0.0
412,0.024066826333313862,0.0,0.0
413,0.02412524096033647,0.0,0.0
414,0.024183655587359076,0.0,0.0
415,0.02424207021438168,0.0,0.0
416,0.024300484841404287,0.0,0.0
417,0.024358899468426894,0.0,0.0
418,0.0244173140954495,0.0,0.0
419,0.02447572872247211,0.0,0.0
420,0.024534143349494712,0.0,0.0
421,0.02459255797651732,0.0,0.0
422,0.024650972603539927,0.0,0.0
423,0.024709387230562534,0.0,0.0
424,0.02476780185758514,0.0,0.0
425,0.024826216484607744,0.0,0.0
426,0.02488463111163035,0.0,0.0
427,0.02494304573865296,0.0,0.0
428,0.025001460365675566,0.0,0.0
429,0.025059874992698173,0.0,0.0
430,0.025118289619720777,0.0,0.0
431,0.025176704246743384,0.0,0.0
432,0.02523511887376599,0.0,0.0
433,0.025293533500788598,0.0,0.0
434,0.025351948127811205,0.0,0.0
435,0.02541036275483381,0.0,0.0
436,0.025468777381856416,0.0,0.0
437,0.025527192008879023,0.0,0.0
438,0.02558560663590163,0.0,0.0
439,0.025644021262924237,0.0,0.0
440,0.02570243588994684,0.0,0.0
441,0.025760850516969448,0.0,0.0
442,0.025819265143992055,0.0,0.0
443,0.025877679771014662,0.0,0.0
444,0.02593609439803727,0.0,0.0
445,0.025994509025059873,0.0,0.0
446,0.02605292365208248,0.0,0.0
447,0.026111338279105088,0.0,0.0
448,0.026169752906127695,0.0,0.0
449,0.026228167533150302,0.0,0.0
450,0.02628658216017291,0.0,0.0
451,0.026344996787195513,0.0,0.0
452,0.02640341141421812,0.0,0.0
453,0.026461826041240727,0.0,0.0
454,0.026520240668263334,0.0,0.0
455,0.02657865529528594,0.0,0.0
456,0.026637069922308545,0.0,0.0
457,0.026695484549331152,0.0,0.0
458,0.02675389917635376,0.0,0.0
459,0.026812313803376366,0.0,0.0
460,0.026870728430398973,0.0,0.0
461,0.026929143057421577,0.0,0.0
462,0.026987557684444184,0.0,0.0
463,0.02704597231146679,0.0,0.0
464,0.0271043869384894,0.0,0.0
465,0.027162801565512006,0.0,0.0
466,0.02722121619253461,0.0,0.0
467,0.027279630819557216,0.0,0.0
468,0.027338045446579824,0.0,0.0
469,0.02739646007360243,0.0,0.0
470,0.027454874700625038,0.0,0.0
471,0.02751328932764764,0.0,0.0
472,0.02757170395467025,0.0,0.0
473,0.027630118581692856,0.0,0.0
474,0.027688533208715463,0.0,0.0
475,0.02774694783573807,0.0,0.0
476,0.027805362462760674,0.0,0.0
477,0.02786377708978328,0.0,0.0
478,0.027922191716805888,0.0,0.0
479,0.027980606343828495,0.0,0.0
480,0.028039020970851102,0.0,0.0
481,0.028097435597873706,0.0,0.0
482,0.028155850224896313,0.0,0.0
483,0.02821426485191892,0.0,0.0
484,0.028272679478941527,0.0,0.0
485,0.028331094105964134,0.0,0.0
486,0.02838950873298674,0.0,0.0
487,0.028447923360009345,0.0,0.0
488,0.028506337987031952,0.0,0.0
489,0.02856475261405456,0.0,0.0
490,0.028623167241077167,0.0,0.0
491,0.028681581868099774,0.0,0.0
492,0.028739996495122377,0.0,0.0
493,0.028798411122144985,0.0,0.0
494,0.02885682574916759,0.0,0.0
495,0.0289152403761902,0.0,0.0
496,0.028973655003212806,0.0,0.0
497,0.02903206963023541,0.0,0.0
498,0.029090484257258017,0.0,0.0
499,0.029148898884280624,0.0,0.0
500,0.02920731351130323,0.0,0.0
501,0.029265728138325838,0.0,0.0
502,0.029324142765348442,0.0,0.0
503,0.02938255739237105,0.0,0.0
504,0.029440972019393656,0.0,0.0
505,0.029499386646416263,0.0,0.0
506,0.02955780127343887,0.0,0.0
507,0.029616215900461474,0.0,0.0
508,0.02967463052748408,0.0,0.0
509,0.02973304515450669,0.0,0.0
510,0.029791459781529295,0.0,0.0
511,0.029849874408551903,0.0,0.0
512,0.029908289035574506,0.0,0.0
513,0.029966703662597113,0.0,0.0
514,0.03002511828961972,0.0,0.0
515,0.030083532916642328,0.0,0.0
516,0.030141947543664935,0.0,0.0
517,0.03020036217068754,0.0,0.0
518,0.030258776797710146,0.0,0.0
519,0.030317191424732753,0.0,0.0
520,0.03037560605175536,0.0,0.0
521,0.030434020678777967,0.0,0.0
522,0.030492435305800574,0.0,0.0
523,0.030550849932823178,0.0,0.0
524,0.030609264559845785,0.0,0.0
525,0.030667679186868392,0.0,0.0
526,0.030726093813891,0.0,0.0
527,0.030784508440913606,0.0,0.0
528,0.03084292306793621,0.0,0.0
529,0.030901337694958817,0.0,0.0
530,0.030959752321981424,0.0,0.0
531,0.03101816694900403,0.0,0.0
532,0.03107658157602664,0.0,0.0
533,0.031134996203049242,0.0,0.0
534,0.03119341083007185,0.0,0.0
535,0.031251825457094456,0.0,0.0
536,0.031310240084117064,0.0,0.0
537,0.03136865471113967,0.0,0.0
538,0.03142706933816228,0.0,0.0
539,0.031485483965184885,0.0,0.0
540,0.03154389859220749,0.0,0.0
541,0.03160231321923009,0.0,0.0
542,0.0316607278462527,0.0,0.0
543,0.03171914247327531,0.0,0.0
544,0.031777557100297914,0.0,0.0
545,0.03183597172732052,0.0,0.0
546,0.03189438635434313,0.0,0.0
547,0.031952800981365735,0.0,0.0
548,0.03201121560838834,0.0,0.0
549,0.03206963023541095,0.0,0.0
550,0.03212804486243356,0.0,0.0
551,0.03218645948945616,0.0,0.0
552,0.032244874116478764,0.0,0.0
553,0.03230328874350137,0.0,0.0
554,0.03236170337052398,0.0,0.0
555,0.032420117997546585,0.0,0.0
556,0.03247853262456919,0.0,0.0
557,0.0325369472515918,0.0,0.0
558,0.03259536187861441,0.0,0.0
559,0.032653776505637014,0.0,0.0
560,0.03271219113265962,0.0,0.0
561,0.03277060575968222,0.0,0.0
562,0.03282902038670483,0.0,0.0
563,0.032887435013727435,0.0,0.0
564,0.03294584964075004,0.0,0.0
565,0.03300426426777265,0.0,0.0
566,0.03306267889479526,0.0,0.0
567,0.033121093521817864,0.0,0.0
568,0.03317950814884047,0.0,0.0
569,0.03323792277586308,0.0,0.0
570,0.033296337402885685,0.0,0.0
571,0.033354752029908286,0.0,0.0
572,0.03341316665693089,0.0,0.0
573,0.0334715812839535,0.0,0.0
574,0.03352999591097611,0.0,0.0
575,0.033588410537998714,0.0,0.0
576,0.03364682516502132,0.0,0.0
577,0.03370523979204393,0.0,0.0
578,0.033763654419066536,0.0,0.0
579,0.03382206904608914,0.0,0.0
580,0.03388048367311175,0.0,0.0
581,0.03393889830013436,0.0,0.0
582,0.03399731292715696,0.0,0.0
583,0.034055727554179564,0.0,0.0
584,0.03411414218120217,0.0,0.0
585,0.03417255680822478,0.0,0.0
586,0.034230971435247386,0.0,0.0
587,0.03428938606226999,0.0,0.0
588,0.0343478006892926,0.0,0.0
589,0.03440621531631521,0.0,0.0
590,0.034464629943337814,0.0,0.0
591,0.03452304457036042,0.0,0.0
592,0.03458145919738302,0.0,0.0
593,0.03463987382440563,0.0,0.0
594,0.034698288451428236,0.0,0.0
595,0.03475670307845084,0.0,0.0
596,0.03481511770547345,0.0,0.0
597,0.03487353233249606,0.0,0.0
598,0.034931946959518664,0.0,0.0
599,0.03499036158654127,0.0,0.0
600,0.03504877621356388,0.0,0.0
601,0.035107190840586486,0.0,0.0
602,0.035165605467609086,0.0,0.0
603,0.03522402009463169,0.0,0.0
604,0.0352824347216543,0.0,0.0
605,0.03534084934867691,0.0,0.0
606,0.035399263975699514,0.0,0.0
607,0.03545767860272212,0.0,0.0
608,0.03551609322974473,0.0,0.0
609,0.035574507856767336,0.0,0.0
610,0.03563292248378994,0.0,0.0
611,0.03569133711081255,0.0,0.0
612,0.03574975173783516,0.0,0.0
613,0.03580816636485776,0.0,0.0
614,0.035866580991880365,0.0,0.0
615,0.03592499561890297,0.0,0.0
616,0.03598341024592558,0.0,0.0
617,0.036041824872948186,0.0,0.0
618,0.03610023949997079,0.0,0.0
619,0.0361586541269934,0.0,0.0
620,0.03621706875401601,0.0,0.0
621,0.036275483381038615,0.0,0.0
622,0.03633389800806122,0.0,0.0
623,0.03639231263508382,0.0,0.0
624,0.03645072726210643,0.0,0.0
625,0.036509141889129036,0.0,0.0
626,0.03656755651615164,0.0,0.0
627,0.03662597114317425,0.0,0.0
628,0.03668438577019686,0.0,0.0
629,0.036742800397219465,0.0,0.0
630,0.03680121502424207,0.0,0.0
631,0.03685962965126468,0.0,0.0
632,0.036918044278287286,0.0,0.0
633,0.036976458905309886,0.0,0.0
634,0.03703487353233249,0.0,0.0
635,0.0370932881593551,0.0,0.0
636,0.03715170278637771,0.0,0.0
637,0.037210117413400315,0.0,0.0
638,0.03726853204042292,0.0,0.0
639,0.03732694666744553,0.0,0.0
640,0.037385361294468136,0.0,0.0
641,0.03744377592149074,0.0,0.0
642,0.03750219054851335,0.0,0.0
643,0.03756060517553595,0.0,0.0
644,0.03761901980255856,0.0,0.0
645,0.037677434429581165,0.0,0.0
646,0.03773584905660377,0.0,0.0
647,0.03779426368362638,0.0,0.0
648,0.037852678310648986,0.0,0.0
649,0.037911092937671594,0.0,0.0
650,0.0379695075646942,0.0,0.0
651,0.03802792219171681,0.0,0.0
652,0.038086336818739415,0.0,0.0
653,0.03814475144576202,0.0,0.0
654,0.03820316607278462,0.0,0.0
655,0.03826158069980723,0.0,0.0
656,0.03831999532682984,0.0,0.0
657,0.038378409953852444,0.0,0.0
658,0.03843682458087505,0.0,0.0
659,0.03849523920789766,0.0,0.0
660,0.038553653834920265,0.0,0.0
661,0.03861206846194287,0.0,0.0
662,0.03867048308896548,0.0,0.0
663,0.038728897715988087,0.0,0.0
664,0.03878731234301069,0.0,0.0
665,0.038845726970033294,0.0,0.0
666,0.0389041415970559,0.0,0.0
667,0.03896255622407851,0.0,0.0
668,0.039020970851101115,0.0,0.0
669,0.03907938547812372,0.0,0.0
670,0.03913780010514633,0.0,0.0
671,0.03919621473216894,0.0,0.0
672,0.039254629359191544,0.0,0.0
673,0.03931304398621415,0.0,0.0
674,0.03937145861323675,0.0,0.0
675,0.03942987324025936,0.0,0.0
676,0.039488287867281965,0.0,0.0
677,0.03954670249430457,0.0,0.0
678,0.03960511712132718,0.0,0.0
679,0.03966353174834979,0.0,0.0
680,0.039721946375372394,0.0,0.0
681,0.039780361002395,0.0,0.0
682,0.03983877562941761,0.0,0.0
683,0.039897190256440215,0.0,0.0
684,0.03995560488346282,0.0,0.0
685,0.04001401951048542,0.0,0.0
686,0.04007243413750803,0.0,0.0
687,0.04013084876453064,0.0,0.0
688,0.040189263391553244,0.0,0.0
689,0.04024767801857585,0.0,0.0
690,0.04030609264559846,0.0,0.0
691,0.040364507272621065,0.0,0.0
692,0.04042292189964367,0.0,0.0
693,0.04048133652666628,0.0,0.0
694,0.04053975115368889,0.0,0.0
695,0.04059816578071149,0.0,0.0
696,0.040656580407734094,0.0,0.0
697,0.0407149950347567,0.0,0.0
698,0.04077340966177931,0.0,0.0
699,0.040831824288801916,0.0,0.0
700,0.04089023891582452,0.0,0.0
701,0.04094865354284713,0.0,0.0
702,0.04100706816986974,0.0,0.0
703,0.041065482796892344,0.0,0.0
704,0.04112389742391495,0.0,0.0
705,0.04118231205093755,0.0,0.0
706,0.04124072667796016,0.0,0.0
707,0.041299141304982766,0.0,0.0
708,0.04135755593200537,0.0,0.0
709,0.04141597055902798,0.0,0.0
710,0.04147438518605059,0.0,0.0
711,0.041532799813073194,0.0,0.0
712,0.0415912144400958,0.0,0.0
713,0.04164962906711841,0.0,0.0
714,0.041708043694141016,0.0,0.0
715,0.04176645832116362,0.0,0.0
716,0.04182487294818622,0.0,0.0
717,0.04188328757520883,0.0,0.0
718,0.04194170220223144,0.0,0.0
719,0.042000116829254044,0.0,0.0
720,0.04205853145627665,0.0,0.0
721,0.04211694608329926,0.0,0.0
722,0.042175360710321866,0.0,0.0
723,0.04223377533734447,0.0,0.0
724,0.04229218996436708,0.0,0.0
725,0.04235060459138969,0.0,0.0
726,0.04240901921841229,0.0,0.0
727,0.042467433845434895,0.0,0.0
728,0.0425258484724575,0.0,0.0
729,0.04258426309948011,0.0,0.0
730,0.042642677726502716,0.0,0.0
731,0.04270109235352532,0.0,0.0
732,0.04275950698054793,0.0,0.0
733,0.04281792160757054,0.0,0.0
734,0.042876336234593145,0.0,0.0
735,0.04293475086161575,0.0,0.0
736,0.04299316548863835,0.0,0.0
737,0.04305158011566096,0.0,0.0
738,0.043109994742683566,0.0,0.0
739,0.04316840936970617,0.0,0.0
740,0.04322682399672878,0.0,0.0
741,0.04328523862375139,0.0,0.0
742,0.043343653250773995,0.0,0.0
743,0.0434020678777966,0.0,0.0
744,0.04346048250481921,0.0,0.0
745,0.043518897131841816,0.0,0.0
746,0.043577311758864416,0.0,0.0
747,0.04363572638588702,0.0,0.0
748,0.04369414101290963,0.0,0.0
749,0.04375255563993224,0.0,0.0
750,0.043810970266954845,0.0,0.0
751,0.04386938489397745,0.0,0.0
752,0.04392779952100006,0.0,0.0
753,0.043986214148022666,0.0,0.0
754,0.04404462877504527,0.0,0.0
755,0.04410304340206788,0.0,0.0
756,0.04416145802909049,0.0,0.0
757,0.04421987265611309,0.0,0.0
758,0.044278287283135695,0.0,0.0
759,0.0443367019101583,0.0,0.0
760,0.04439511653718091,0.0,0.0
761,0.044453531164203516,0.0,0.0
762,0.044511945791226123,0.0,0.0
763,0.04457036041824873,0.0,0.0
764,0.04462877504527134,0.0,0.0
765,0.044687189672293945,0.0,0.0
766,0.04474560429931655,0.0,0.0
767,0.04480401892633915,0.0,0.0
768,0.04486243355336176,0.0,0.0
769,0.044920848180384366,0.0,0.0
770,0.044979262807406974,0.0,0.0
771,0.04503767743442958,0.0,0.0
772,0.04509609206145219,0.0,0.0
773,0.045154506688474795,0.0,0.0
774,0.0452129213154974,0.0,0.0
775,0.04527133594252001,0.0,0.0
776,0.045329750569542616,0.0,0.0
777,0.04538816519656522,0.0,0.0
778,0.045446579823587824,0.0,0.0
779,0.04550499445061043,0.0,0.0
780,0.04556340907763304,0.0,0.0
781,0.045621823704655645,0.0,0.0
782,0.04568023833167825,0.0,0.0
783,0.04573865295870086,0.0,0.0
784,0.04579706758572347,0.0,0.0
785,0.045855482212746074,0.0,0.0
786,0.04591389683976868,0.0,0.0
787,0.04597231146679129,0.0,0.0
788,0.04603072609381389,0.0,0.0
789,0.046089140720836495,0.0,0.0
790,0.0461475553478591,0.0,0.0
791,0.04620596997488171,0.0,0.0
792,0.04626438460190432,0.0,0.0
793,0.046322799228926924,0.0,0.0
794,0.04638121385594953,0.0,0.0
795,0.04643962848297214,0.0,0.0
796,0.046498043109994745,0.0,0.0
797,0.04655645773701735,0.0,0.0
798,0.04661487236403995,0.0,0.0
799,0.04667328699106256,0.0,0.0
800,0.04673170161808517,0.0,0.0
801,0.046790116245107774,0.0,0.0
802,0.04684853087213038,0.0,0.0
803,0.04690694549915299,0.0,0.0
804,0.046965360126175595,0.0,0.0
805,0.0470237747531982,0.0,0.0
806,0.04708218938022081,0.0,0.0
807,0.04714060400724342,0.0,0.0
808,0.04719901863426602,0.0,0.0
809,0.047257433261288624,0.0,0.0
810,0.04731584788831123,0.0,0.0
811,0.04737426251533384,0.0,0.0
812,0.047432677142356446,0.0,0.0
813,0.04749109176937905,0.0,0.0
814,0.04754950639640166,0.0,0.0
815,0.04760792102342427,0.0,0.0
816,0.047666335650446874,0.0,0.0
817,0.04772475027746948,0.0,0.0
818,0.04778316490449208,0.0,0.0
819,0.04784157953151469,0.0,0.0
820,0.047899994158537296,0.0,0.0
821,0.0479584087855599,0.0,0.0
822,0.04801682341258251,0.0,0.0
823,0.04807523803960512,0.0,0.0
824,0.048133652666627724,0.0,0.0
825,0.04819206729365033,0.0,0.0
826,0.04825048192067294,0.0,0.0
827,0.048308896547695546,0.0,0.0
828,0.04836731117471815,0.0,0.0
829,0.04842572580174075,0.0,0.0
830,0.04848414042876336,0.0,0.0
831,0.04854255505578597,0.0,0.0
832,0.048600969682808574,0.0,0.0
833,0.04865938430983118,0.0,0.0
834,0.04871779893685379,0.0,0.0
835,0.048776213563876396,0.0,0.0
836,0.048834628190899,0.0,0.0
837,0.04889304281792161,0.0,0.0
838,0.04895145744494422,0.0,0.0
839,0.04900987207196682,0.0,0.0
840,0.049068286698989425,0.0,0.0
841,0.04912670132601203,0.0,0.0
842,0.04918511595303464,0.0,0.0
843,0.049243530580057246,0.0,0.0
844,0.04930194520707985,0.0,0.0
845,0.04936035983410246,0.0,0.0
846,0.04941877446112507,0.0,0.0
847,0.049477189088147674,0.0,0.0
848,0.04953560371517028,0.0,0.0
849,0.04959401834219288,0.0,0.0
850,0.04965243296921549,0.0,0.0
851,0.049710847596238096,0.0,0.0
852,0.0497692622232607,0.0,0.0
853,0.04982767685028331,0.0,0.0
854,0.04988609147730592,0.0,0.0
855,0.049944506104328525,0.0,0.0
856,0.05000292073135113,0.0,0.0
857,0.05006133535837374,0.0,0.0
858,0.050119749985396346,0.0,0.0
859,0.05017816461241895,0.0,0.0
860,0.05023657923944155,0.0,0.0
861,0.05029499386646416,0.0,0.0
862,0.05035340849348677,0.0,0.0
863,0.050411823120509375,0.0,0.0
864,0.05047023774753198,0.0,0.0
865,0.05052865237455459,0.0,0.0
866,0.050587067001577196,0.0,0.0
867,0.0506454816285998,0.0,0.0
868,0.05070389625562241,0.0,0.0
869,0.05076231088264502,0.0,0.0
870,0.05082072550966762,0.0,0.0
871,0.050879140136690225,0.0,0.0
872,0.05093755476371283,0.0,0.0
873,0.05099596939073544,0.0,0.0
874,0.051054384017758046,0.0,0.0
875,0.05111279864478065,0.0,0.0
876,0.05117121327180326,0.0,0.0
877,0.05122962789882587,0.0,0.0
878,0.051288042525848475,0.0,0.0
879,0.05134645715287108,0.0,0.0
880,0.05140487177989368,0.0,0.0
881,0.05146328640691629,0.0,0.0
882,0.051521701033938896,0.0,0.0
883,0.051580115660961504,0.0,0.0
884,0.05163853028798411,0.0,0.0
885,0.05169694491500672,0.0,0.0
886,0.051755359542029325,0.0,0.0
887,0.05181377416905193,0.0,0.0
888,0.05187218879607454,0.0,0.0
889,0.051930603423097146,0.0,0.0
890,0.05198901805011975,0.0,0.0
891,0.052047432677142354,0.0,0.0
892,0.05210584730416496,0.0,0.0
893,0.05216426193118757,0.0,0.0
894,0.052222676558210175,0.0,0.0
895,0.05228109118523278,0.0,0.0
896,0.05233950581225539,0.0,0.0
897,0.052397920439277997,0.0,0.0
898,0.052456335066300604,0.0,0.0
899,0.05251474969332321,0.0,0.0
900,0.05257316432034582,0.0,0.0
901,0.05263157894736842,0.0,0.0
902,0.052689993574391025,0.0,0.0
903,0.05274840820141363,0.0,0.0
904,0.05280682282843624,0.0,0.0
905,0.05286523745545885,0.0,0.0
906,0.052923652082481454,0.0,0.0
907,0.05298206670950406,0.0,0.0
908,0.05304048133652667,0.0,0.0
909,0.053098895963549275,0.0,0.0
910,0.05315731059057188,0.0,0.0
911,0.05321572521759448,0.0,0.0
912,0.05327413984461709,0.0,0.0
913,0.0533325544716397,0.0,0.0
914,0.053390969098662304,0.0,0.0
915,0.05344938372568491,0.0,0.0
916,0.05350779835270752,0.0,0.0
917,0.053566212979730125,0.0,0.0
918,0.05362462760675273,0.0,0.0
919,0.05368304223377534,0.0,0.0
920,0.05374145686079795,0.0,0.0
921,0.05379987148782055,0.0,0.0
922,0.053858286114843154,0.0,0.0
923,0.05391670074186576,0.0,0.0
924,0.05397511536888837,0.0,0.0
925,0.054033529995910975,0.0,0.0
926,0.05409194462293358,0.0,0.0
927,0.05415035924995619,0.0,0.0
928,0.0542087738769788,0.0,0.0
929,0.054267188504001404,0.0,0.0
930,0.05432560313102401,0.0,0.0
931,0.05438401775804662,0.0,0.0
932,0.05444243238506922,0.0,0.0
933,0.054500847012091826,0.0,0.0
934,0.05455926163911443,0.0,0.0
935,0.05461767626613704,0.0,0.0
936,0.05467609089315965,0.0,0.0
937,0.054734505520182254,0.0,0.0
938,0.05479292014720486,0.0,0.0
939,0.05485133477422747,0.0,0.0
940,0.054909749401250076,0.0,0.0
941,0.05496816402827268,0.0,0.0
942,0.05502657865529528,0.0,0.0
943,0.05508499328231789,0.0,0.0
944,0.0551434079093405,0.0,0.0
945,0.055201822536363104,0.0,0.0
946,0.05526023716338571,0.0,0.0
947,0.05531865179040832,0.0,0.0
948,0.055377066417430926,0.0,0.0
949,0.05543548104445353,0.0,0.0
950,0.05549389567147614,0.0,0.0
951,0.05555231029849875,0.0,0.0
952,0.05561072492552135,0.0,0.0
953,0.055669139552543954,0.0,0.0
954,0.05572755417956656,0.0,0.0
955,0.05578596880658917,0.0,0.0
956,0.055844383433611776,0.0,0.0
957,0.05590279806063438,0.0,0.0
958,0.05596121268765699,0.0,0.0
959,0.0560196273146796,0.0,0.0
960,0.056078041941702204,0.0,0.0
961,0.05613645656872481,0.0,0.0
962,0.05619487119574741,0.0,0.0
963,0.05625328582277002,0.0,0.0
964,0.056311700449792626,0.0,0.0
965,0.05637011507681523,0.0,0.0
966,0.05642852970383784,0.0,0.0
967,0.05648694433086045,0.0,0.0
968,0.056545358957883055,0.0,0.0
969,0.05660377358490566,0.0,0.0
970,0.05666218821192827,0.0,0.0
971,0.056720602838950876,0.0,0.0
972,0.05677901746597348,0.0,0.0
973,0.05683743209299608,0.0,0.0
974,0.05689584672001869,0.0,0.0
975,0.0569542613470413,0.0,0.0
976,0.057012675974063905,0.0,0.0
977,0.05707109060108651,0.0,0.0
978,0.05712950522810912,0.0,0.0
979,0.057187919855131726,0.0,0.0
980,0.05724633448215433,0.0,0.0
981,0.05730474910917694,0.0,0.0
982,0.05736316373619955,0.0,0.0
983,0.05742157836322215,0.0,0.0
984,0.057479992990244755,0.0,0.0
985,0.05753840761726736,0.0,0.0
986,0.05759682224428997,0.0,0.0
987,0.057655236871312576,0.0,0.0
988,0.05771365149833518,0.0,0.0
989,0.05777206612535779,0.0,0.0
990,0.0578304807523804,0.0,0.0
991,0.057888895379403005,0.0,0.0
992,0.05794731000642561,0.0,0.0
993,0.05800572463344821,0.0,0.0
994,0.05806413926047082,0.0,0.0
995,0.058122553887493426,0.0,0.0
996,0.058180968514516034,0.0,0.0
997,0.05823938314153864,0.0,0.0
998,0.05829779776856125,0.0,0.0
999,0.058356212395583855,0.0,0.0
1000,0.05841462702260646,0.0,0.0
1001,0.05847304164962907,0.0,0.0
1002,0.058531456276651676,0.0,0.0
1003,0.05858987090367428,0.0,0.0
1004,0.058648285530696884,0.0,0.0
1005,0.05870670015771949,0.0,0.0
1006,0.0587651147847421,0.0,0.0
1007,0.058823529411764705,0.0,0.0
1008,0.05888194403878731,0.0,0.0
1009,0.05894035866580992,0.0,0.0
1010,0.058998773292832526,0.0,0.0
1011,0.059057187919855134,0.0,0.0
1012,0.05911560254687774,0.0,0.0
1013,0.05917401717390035,0.0,0.0
1014,0.05923243180092295,0.0,0.0
1015,0.059290846427945555,0.0,0.0
1016,0.05934926105496816,0.0,0.0
1017,0.05940767568199077,0.0,0.0
1018,0.05946609030901338,0.0,0.0
1019,0.059524504936035984,0.0,0.0
1020,0.05958291956305859,0.0,0.0
1021,0.0596413341900812,0.0,0.0
1022,0.059699748817103805,0.0,0.0
1023,0.05975816344412641,0.0,0.0
1024,0.05981657807114901,0.0,0.0
1025,0.05987499269817162,0.0,0.0
1026,0.05993340732519423,0.0,0.0
1027,0.059991821952216834,0.0,0.0
1028,0.06005023657923944,0.0,0.0
1029,0.06010865120626205,0.0,0.0
1030,0.060167065833284655,0.0,0.0
1031,0.06022548046030726,0.0,0.0
1032,0.06028389508732987,0.0,0.0
1033,0.06034230971435248,0.0,0.0
1034,0.06040072434137508,0.0,0.0
1035,0.060459138968397684,0.0,0.0
1036,0.06051755359542029,0.0,0.0
1037,0.0605759682224429,0.0,0.0
1038,0.060634382849465505,0.0,0.0
1039,0.06069279747648811,0.0,0.0
1040,0.06075121210351072,0.0,0.0
1041,0.06080962673053333,0.0,0.0
1042,0.060868041357555934,0.0,0.0
1043,0.06092645598457854,0.0,0.0
1044,0.06098487061160115,0.0,0.0
1045,0.06104328523862375,0.0,0.0
1046,0.061101699865646356,0.0,0.0
1047,0.06116011449266896,0.0,0.0
1048,0.06121852911969157,0.0,0.0
1049,0.06127694374671418,0.0,0.0
1050,0.061335358373736784,0.0,0.0
1051,0.06139377300075939,0.0,0.0
1052,0.061452187627782,0.0,0.0
1053,0.061510602254804606,0.0,0.0
1054,0.06156901688182721,0.0,0.0
1055,0.06162743150884981,0.0,0.0
1056,0.06168584613587242,0.0,0.0
1057,0.06174426076289503,0.0,0.0
1058,0.061802675389917634,0.0,0.0
1059,0.06186109001694024,0.0,0.0
1060,0.06191950464396285,0.0,0.0
1061,0.061977919270985456,0.0,0.0
1062,0.06203633389800806,0.0,0.0
1063,0.06209474852503067,0.0,0.0
1064,0.06215316315205328,0.0,0.0
1065,0.06221157777907588,0.0,0.0
1066,0.062269992406098484,0.0,0.0
1067,0.06232840703312109,0.0,0.0
1068,0.0623868216601437,0.0,0.0
1069,0.062445236287166306,0.0,0.0
1070,0.06250365091418891,0.0,0.0
1071,0.06256206554121152,0.0,0.0
1072,0.06262048016823413,0.0,0.0
1073,0.06267889479525673,0.0,0.0
1074,0.06273730942227934,0.0,0.0
1075,0.06279572404930195,0.0,0.0
1076,0.06285413867632456,0.0,0.0
1077,0.06291255330334716,0.0,0.0
1078,0.06297096793036977,0.0,0.0
1079,0.06302938255739238,0.0,0.0
1080,0.06308779718441498,0.0,0.0
1081,0.06314621181143758,0.0,0.0
1082,0.06320462643846018,0.0,0.0
1083,0.06326304106548279,0.0,0.0
1084,0.0633214556925054,0.0,0.0
1085,0.063379870319528,0.0,0.0
1086,0.06343828494655061,0.0,0.0
1087,0.06349669957357322,0.0,0.0
1088,0.06355511420059583,0.0,0.0
1089,0.06361352882761843,0.0,0.0
1090,0.06367194345464104,0.0,0.0
1091,0.06373035808166365,0.0,0.0
1092,0.06378877270868626,0.0,0.0
1093,0.06384718733570886,0.0,0.0
1094,0.06390560196273147,0.0,0.0
1095,0.06396401658975408,0.0,0.0
1096,0.06402243121677668,0.0,0.0
1097,0.06408084584379929,0.0,0.0
1098,0.0641392604708219,0.0,0.0
1099,0.0641976750978445,0.0,0.0
1100,0.06425608972486711,0.0,0.0
1101,0.0643145043518897,0.0,0.0
1102,0.06437291897891231,0.0,0.0
1103,0.06443133360593492,0.0,0.0
1104,0.06448974823295753,0.0,0.0
1105,0.06454816285998013,0.0,0.0
1106,0.06460657748700274,0.0,0.0
1107,0.06466499211402535,0.0,0.0
1108,0.06472340674104796,0.0,0.0
1109,0.06478182136807056,0.0,0.0
1110,0.06484023599509317,0.0,0.0
1111,0.06489865062211578,0.0,0.0
1112,0.06495706524913838,0.0,0.0
1113,0.06501547987616099,0.0,0.0
1114,0.0650738945031836,0.0,0.0
1115,0.0651323091302062,0.0,0.0
1116,0.06519072375722881,0.0,0.0
1117,0.06524913838425142,0.0,0.0
1118,0.06530755301127403,0.0,0.0
1119,0.06536596763829663,0.0,0.0
1120,0.06542438226531924,0.0,0.0
1121,0.06548279689234185,0.0,0.0
1122,0.06554121151936444,0.0,0.0
1123,0.06559962614638705,0.0,0.0
1124,0.06565804077340966,0.0,0.0
1125,0.06571645540043226,0.0,0.0
1126,0.06577487002745487,0.0,0.0
1127,0.06583328465447748,0.0,0.0
1128,0.06589169928150009,0.0,0.0
1129,0.06595011390852269,0.0,0.0
1130,0.0660085285355453,0.0,0.0
1131,0.0660669431625679,0.0,0.0
1132,0.06612535778959051,0.0,0.0
1133,0.06618377241661312,0.0,0.0
1134,0.06624218704363573,0.0,0.0
1135,0.06630060167065834,0.0,0.0
1136,0.06635901629768094,0.0,0.0
1137,0.06641743092470355,0.0,0.0
1138,0.06647584555172616,0.0,0.0
1139,0.06653426017874876,0.0,0.0
1140,0.06659267480577137,0.0,0.0
1141,0.06665108943279398,0.0,0.0
1142,0.06670950405981657,0.0,0.0
1143,0.06676791868683918,0.0,0.0
1144,0.06682633331386179,0.0,0.0
1145,0.06688474794088439,0.0,0.0
1146,0.066943162567907,0.0,0.0
1147,0.0670015771949296,0.0,0.0
1148,0.06705999182195221,0.0,0.0
1149,0.06711840644897482,0.0,0.0
1150,0.06717682107599743,0.0,0.0
1151,0.06723523570302004,0.0,0.0
1152,0.06729365033004264,0.0,0.0
1153,0.06735206495706525,0.0,0.0
1154,0.06741047958408786,0.0,0.0
1155,0.06746889421111046,0.0,0.0
1156,0.06752730883813307,0.0,0.0
1157,0.06758572346515568,0.0,0.0
1158,0.06764413809217829,0.0,0.0
1159,0.06770255271920089,0.0,0.0
1160,0.0677609673462235,0.0,0.0
1161,0.0678193819732461,0.0,0.0
1162,0.06787779660026871,0.0,0.0
1163,0.06793621122729131,0.0,0.0
1164,0.06799462585431391,0.0,0.0
1165,0.06805304048133652,0.0,0.0
1166,0.06811145510835913,0.0,0.0
1167,0.06816986973538174,0.0,0.0
1168,0.06822828436240434,0.0,0.0
1169,0.06828669898942695,0.0,0.0
1170,0.06834511361644956,0.0,0.0
1171,0.06840352824347216,0.0,0.0
1172,0.06846194287049477,0.0,0.0
1173,0.06852035749751738,0.0,0.0
1174,0.06857877212453999,0.0,0.0
1175,0.06863718675156259,0.0,0.0
1176,0.0686956013785852,0.0,0.0
1177,0.06875401600560781,0.0,0.0
1178,0.06881243063263041,0.0,0.0
1179,0.06887084525965302,0.0,0.0
1180,0.06892925988667563,0.0,0.0
1181,0.06898767451369824,0.0,0.0
1182,0.06904608914072084,0.0,0.0
1183,0.06910450376774345,0.0,0.0
1184,0.06916291839476604,0.0,0.0
1185,0.06922133302178865,0.0,0.0
1186,0.06927974764881126,0.0,0.0
1187,0.06933816227583386,0.0,0.0
1188,0.06939657690285647,0.0,0.0
1189,0.06945499152987908,0.0,0.0
1190,0.06951340615690169,0.0,0.0
1191,0.06957182078392429,0.0,0.0
1192,0.0696302354109469,0.0,0.0
1193,0.06968865003796951,0.0,0.0
1194,0.06974706466499211,0.0,0.0
1195,0.06980547929201472,0.0,0.0
1196,0.06986389391903733,0.0,0.0
1197,0.06992230854605994,0.0,0.0
1198,0.06998072317308254,0.0,0.0
1199,0.07003913780010515,0.0,0.0
1200,0.07009755242712776,0.0,0.0
1201,0.07015596705415036,0.0,0.0
1202,0.07021438168117297,0.0,0.0
1203,0.07027279630819558,0.0,0.0
1204,0.07033121093521817,0.0,0.0
1205,0.07038962556224078,0.0,0.0
1206,0.07044804018926339,0.0,0.0
1207,0.070506454816286,0.0,0.0
1208,0.0705648694433086,0.0,0.0
1209,0.07062328407033121,0.0,0.0
1210,0.07068169869735381,0.0,0.0
1211,0.07074011332437642,0.0,0.0
1212,0.07079852795139903,0.0,0.0
1213,0.07085694257842164,0.0,0.0
1214,0.07091535720544424,0.0,0.0
1215,0.07097377183246685,0.0,0.0
1216,0.07103218645948946,0.0,0.0
1217,0.07109060108651206,0.0,0.0
1218,0.07114901571353467,0.0,0.0
1219,0.07120743034055728,0.0,0.0
1220,0.07126584496757989,0.0,0.0
1221,0.0713242595946025,0.0,0.0
1222,0.0713826742216251,0.0,0.0
1223,0.07144108884864771,0.0,0.0
1224,0.07149950347567031,0.0,0.0
1225,0.07155791810269291,0.0,0.0
1226,0.07161633272971552,0.0,0.0
1227,0.07167474735673812,0.0,0.0
1228,0.07173316198376073,0.0,0.0
1229,0.07179157661078334,0.0,0.0
1230,0.07184999123780594,0.0,0.0
1231,0.07190840586482855,0.0,0.0
1232,0.07196682049185116,0.0,0.0
1233,0.07202523511887376,0.0,0.0
1234,0.07208364974589637,0.0,0.0
1235,0.07214206437291898,0.0,0.0
1236,0.07220047899994159,0.0,0.0
1237,0.0722588936269642,0.0,0.0
1238,0.0723173082539868,0.0,0.0
1239,0.07237572288100941,0.0,0.0
1240,0.07243413750803201,0.0,0.0
1241,0.07249255213505462,0.0,0.0
1242,0.07255096676207723,0.0,0.0
1243,0.07260938138909984,0.0,0.0
1244,0.07266779601612244,0.0,0.0
1245,0.07272621064314504,0.0,0.0
1246,0.07278462527016764,0.0,0.0
1247,0.07284303989719025,0.0,0.0
1248,0.07290145452421286,0.0,0.0
1249,0.07295986915123547,0.0,0.0
1250,0.07301828377825807,0.0,0.0
1251,0.07307669840528068,0.0,0.0
1252,0.07313511303230329,0.0,0.0
1253,0.0731935276593259,0.0,0.0
1254,0.0732519422863485,0.0,0.0
1255,0.07331035691337111,0.0,0.0
1256,0.07336877154039372,0.0,0.0
1257,0.07342718616741632,0.0,0.0
1258,0.07348560079443893,0.0,0.0
1259,0.07354401542146154,0.0,0.0
1260,0.07360243004848414,0.0,0.0
1261,0.07366084467550675,0.0,0.0
1262,0.07371925930252936,0.0,0.0
1263,0.07377767392955197,0.0,0.0
1264,0.07383608855657457,0.0,0.0
1265,0.07389450318359718,0.0,0.0
1266,0.07395291781061977,0.0,0.0
1267,0.07401133243764238,0.0,0.0
1268,0.07406974706466499,0.0,0.0
1269,0.0741281616916876,0.0,0.0
1270,0.0741865763187102,0.0,0.0
1271,0.07424499094573281,0.0,0.0
1272,0.07430340557275542,0.0,0.0
1273,0.07436182019977802,0.0,0.0
1274,0.07442023482680063,0.0,0.0
1275,0.07447864945382324,0.0,0.0
1276,0.07453706408084584,0.0,0.0
1277,0.07459547870786845,0.0,0.0
1278,0.07465389333489106,0.0,0.0
1279,0.07471230796191367,0.0,0.0
1280,0.07477072258893627,0.0,0.0
1281,0.07482913721595888,0.0,0.0
1282,0.07488755184298149,0.0,0.0
1283,0.0749459664700041,0.0,0.0
1284,0.0750043810970267,0.0,0.0
1285,0.07506279572404931,0.0,0.0
1286,0.0751212103510719,0.0,0.0
1287,0.07517962497809451,0.0,0.0
1288,0.07523803960511712,0.0,0.0
1289,0.07529645423213972,0.0,0.0
1290,0.07535486885916233,0.0,0.0
1291,0.07541328348618494,0.0,0.0
1292,0.07547169811320754,0.0,0.0
1293,0.07553011274023015,0.0,0.0
1294,0.07558852736725276,0.0,0.0
1295,0.07564694199427537,0.0,0.0
1296,0.07570535662129797,0.0,0.0
1297,0.07576377124832058,0.0,0.0
1298,0.07582218587534319,0.0,0.0
1299,0.0758806005023658,0.0,0.0
1300,0.0759390151293884,0.0,0.0
1301,0.07599742975641101,0.0,0.0
1302,0.07605584438343362,0.0,0.0
1303,0.07611425901045622,0.0,0.0
1304,0.07617267363747883,0.0,0.0
1305,0.07623108826450144,0.0,0.0
1306,0.07628950289152404,0.0,0.0
1307,0.07634791751854664,0.0,0.0
1308,0.07640633214556924,0.0,0.0
1309,0.07646474677259185,0.0,0.0
1310,0.07652316139961446,0.0,0.0
1311,0.07658157602663707,0.0,0.0
1312,0.07663999065365967,0.0,0.0
1313,0.07669840528068228,0.0,0.0
1314,0.07675681990770489,0.0,0.0
1315,0.0768152345347275,0.0,0.0
1316,0.0768736491617501,0.0,0.0
1317,0.07693206378877271,0.0,0.0
1318,0.07699047841579532,0.0,0.0
1319,0.07704889304281792,0.0,0.0
1320,0.07710730766984053,0.0,0.0
1321,0.07716572229686314,0.0,0.0
1322,0.07722413692388574,0.0,0.0
1323,0.07728255155090835,0.0,0.0
1324,0.07734096617793096,0.0,0.0
1325,0.07739938080495357,0.0,0.0
1326,0.07745779543197617,0.0,0.0
1327,0.07751621005899878,0.0,0.0
1328,0.07757462468602137,0.0,0.0
1329,0.07763303931304398,0.0,0.0
1330,0.07769145394006659,0.0,0.0
1331,0.0777498685670892,0.0,0.0
1332,0.0778082831941118,0.0,0.0
1333,0.07786669782113441,0.0,0.0
1334,0.07792511244815702,0.0,0.0
1335,0.07798352707517962,0.0,0.0
1336,0.07804194170220223,0.0,0.0
1337,0.07810035632922484,0.0,0.0
1338,0.07815877095624744,0.0,0.0
1339,0.07821718558327005,0.0,0.0
1340,0.07827560021029266,0.0,0.0
1341,0.07833401483731527,0.0,0.0
1342,0.07839242946433787,0.0,0.0
1343,0.07845084409136048,0.0,0.0
1344,0.07850925871838309,0.0,0.0
1345,0.0785676733454057,0.0,0.0
1346,0.0786260879724283,0.0,0.0
1347,0.07868450259945091,0.0,0.0
1348,0.0787429172264735,0.0,0.0
1349,0.07880133185349611,0.0,0.0
1350,0.07885974648051872,0.0,0.0
1351,0.07891816110754132,0.0,0.0
1352,0.07897657573456393,0.0,0.0
1353,0.07903499036158654,0.0,0.0
1354,0.07909340498860915,0.0,0.0
1355,0.07915181961563175,0.0,0.0
1356,0.07921023424265436,0.0,0.0
1357,0.07926864886967697,0.0,0.0
1358,0.07932706349669957,0.0,0.0
1359,0.07938547812372218,0.0,0.0
1360,0.07944389275074479,0.0,0.0
1361,0.0795023073777674,0.0,0.0
1362,0.07956072200479,0.0,0.0
1363,0.07961913663181261,0.0,0.0
1364,0.07967755125883522,0.0,0.0
1365,0.07973596588585782,0.0,0.0
1366,0.07979438051288043,0.0,0.0
1367,0.07985279513990304,0.0,0.0
1368,0.07991120976692564,0.0,0.0
1369,0.07996962439394824,0.0,0.0
1370,0.08002803902097085,0.0,0.0
1371,0.08008645364799345,0.0,0.0
1372,0.08014486827501606,0.0,0.0
1373,0.08020328290203867,0.0,0.0
1374,0.08026169752906127,0.0,0.0
1375,0.08032011215608388,0.0,0.0
1376,0.08037852678310649,0.0,0.0
1377,0.0804369414101291,0.0,0.0
1378,0.0804953560371517,0.0,0.0
1379,0.08055377066417431,0.0,0.0
1380,0.08061218529119692,0.0,0.0
1381,0.08067059991821952,0.0,0.0
1382,0.08072901454524213,0.0,0.0
1383,0.08078742917226474,0.0,0.0
1384,0.08084584379928735,0.0,0.0
1385,0.08090425842630995,0.0,0.0
1386,0.08096267305333256,0.0,0.0
1387,0.08102108768035517,0.0,0.0
1388,0.08107950230737777,0.0,0.0
1389,0.08113791693440037,0.0,0.0
1390,0.08119633156142297,0.0,0.0
1391,0.08125474618844558,0.0,0.0
1392,0.08131316081546819,0.0,0.0
1393,0.0813715754424908,0.0,0.0
1394,0.0814299900695134,0.0,0.0
1395,0.08148840469653601,0.0,0.0
1396,0.08154681932355862,0.0,0.0
1397,0.08160523395058122,0.0,0.0
1398,0.08166364857760383,0.0,0.0
1399,0.08172206320462644,0.0,0.0
1400,0.08178047783164905,0.0,0.0
1401,0.08183889245867165,0.0,0.0
1402,0.08189730708569426,0.0,0.0
1403,0.08195572171271687,0.0,0.0
1404,0.08201413633973947,0.0,0.0
1405,0.08207255096676208,0.0,0.0
1406,0.08213096559378469,0.0,0.0
1407,0.0821893802208073,0.0,0.0
1408,0.0822477948478299,0.0,0.0
1409,0.08230620947485251,0.0,0.0
1410,0.0823646241018751,0.0,0.0
1411,0.08242303872889771,0.0,0.0
1412,0.08248145335592032,0.0,0.0
1413,0.08253986798294292,0.0,0.0
1414,0.08259828260996553,0.0,0.0
1415,0.08265669723698814,0.0,0.0
1416,0.08271511186401075,0.0,0.0
1417,0.08277352649103335,0.0,0.0
1418,0.08283194111805596,0.0,0.0
1419,0.08289035574507857,0.0,0.0
1420,0.08294877037210117,0.0,0.0
1421,0.08300718499912378,0.0,0.0
1422,0.08306559962614639,0.0,0.0
1423,0.083124014253169,0.0,0.0
1424,0.0831824288801916,0.0,0.0
1425,0.08324084350721421,0.0,0.0
1426,0.08329925813423682,0.0,0.0
1427,0.08335767276125942,0.0,0.0
1428,0.08341608738828203,0.0,0.0
1429,0.08347450201530464,0.0,0.0
1430,0.08353291664232725,0.0,0.0
1431,0.08359133126934984,0.0,0.0
1432,0.08364974589637245,0.0,0.0
1433,0.08370816052339505,0.0,0.0
1434,0.08376657515041766,0.0,0.0
1435,0.08382498977744027,0.0,0.0
1436,0.08388340440446287,0.0,0.0
1437,0.08394181903148548,0.0,0.0
1438,0.08400023365850809,0.0,0.0
1439,0.0840586482855307,0.0,0.0
1440,0.0841170629125533,0.0,0.0
1441,0.08417547753957591,0.0,0.0
1442,0.08423389216659852,0.0,0.0
1443,0.08429230679362112,0.0,0.0
1444,0.08435072142064373,0.0,0.0
1445,0.08440913604766634,0.0,0.0
1446,0.08446755067468895,0.0,0.0
1447,0.08452596530171155,0.0,0.0
1448,0.08458437992873416,0.0,0.0
1449,0.08464279455575677,0.0,0.0
1450,0.08470120918277937,0.0,0.0
1451,0.08475962380980197,0.0,0.0
1452,0.08481803843682457,0.0,0.0
1453,0.08487645306384718,0.0,0.0
1454,0.08493486769086979,0.0,0.0
1455,0.0849932823178924,0.0,0.0
1456,0.085051696944915,0.0,0.0
1457,0.08511011157193761,0.0,0.0
1458,0.08516852619896022,0.0,0.0
1459,0.08522694082598282,0.0,0.0
1460,0.08528535545300543,0.0,0.0
1461,0.08534377008002804,0.0,0.0
1462,0.08540218470705065,0.0,0.0
1463,0.08546059933407325,0.0,0.0
1464,0.08551901396109586,0.0,0.0
1465,0.08557742858811847,0.0,0.0
1466,0.08563584321514107,0.0,0.0
1467,0.08569425784216368,0.0,0.0
1468,0.08575267246918629,0.0,0.0
1469,0.0858110870962089,0.0,0.0
1470,0.0858695017232315,0.0,0.0
1471,0.08592791635025411,0.0,0.0
1472,0.0859863309772767,0.0,0.0
1473,0.08604474560429931,0.0,0.0
1474,0.08610316023132192,0.0,0.0
1475,0.08616157485834453,0.0,0.0
1476,0.08621998948536713,0.0,0.0
1477,0.08627840411238974,0.0,0.0
1478,0.08633681873941235,0.0,0.0
1479,0.08639523336643495,0.0,0.0
1480,0.08645364799345756,0.0,0.0
1481,0.08651206262048017,0.0,0.0
1482,0.08657047724750278,0.0,0.0
1483,0.08662889187452538,0.0,0.0
1484,0.08668730650154799,0.0,0.0
1485,0.0867457211285706,0.0,0.0
1486,0.0868041357555932,0.0,0.0
1487,0.08686255038261581,0.0,0.0
1488,0.08692096500963842,0.0,0.0
1489,0.08697937963666103,0.0,0.0
1490,0.08703779426368363,0.0,0.0
1491,0.08709620889070624,0.0,0.0
1492,0.08715462351772883,0.0,0.0
1493,0.08721303814475144,0.0,0.0
1494,0.08727145277177405,0.0,0.0
1495,0.08732986739879665,0.0,0.0
1496,0.08738828202581926,0.0,0.0
1497,0.08744669665284187,0.0,0.0
1498,0.08750511127986448,0.0,0.0
1499,0.08756352590688708,0.0,0.0
1500,0.08762194053390969,0.0,0.0
1501,0.0876803551609323,0.0,0.0
1502,0.0877387697879549,0.0,0.0
1503,0.08779718441497751,0.0,0.0
1504,0.08785559904200012,0.0,0.0
1505,0.08791401366902273,0.0,0.0
1506,0.08797242829604533,0.0,0.0
1507,0.08803084292306794,0.0,0.0
1508,0.08808925755009055,0.0,0.0
1509,0.08814767217711315,0.0,0.0
1510,0.08820608680413576,0.0,0.0
1511,0.08826450143115837,0.0,0.0
1512,0.08832291605818098,0.0,0.0
1513,0.08838133068520357,0.0,0.0
1514,0.08843974531222618,0.0,0.0
1515,0.08849815993924878,0.0,0.0
1516,0.08855657456627139,0.0,0.0
1517,0.088614989193294,0.0,0.0
1518,0.0886734038203166,0.0,0.0
1519,0.08873181844733921,0.0,0.0
1520,0.08879023307436182,0.0,0.0
1521,0.08884864770138443,0.0,0.0
1522,0.08890706232840703,0.0,0.0
1523,0.08896547695542964,0.0,0.0
1524,0.08902389158245225,0.0,0.0
1525,0.08908230620947485,0.0,0.0
1526,0.08914072083649746,0.0,0.0
1527,0.08919913546352007,0.0,0.0
1528,0.08925755009054268,0.0,0.0
1529,0.08931596471756528,0.0,0.0
1530,0.08937437934458789,0.0,0.0
1531,0.0894327939716105,0.0,0.0
1532,0.0894912085986331,0.0,0.0
1533,0.0895496232256557,0.0,0.0
1534,0.0896080378526783,0.0,0.0
1535,0.08966645247970091,0.0,0.0
1536,0.08972486710672352,0.0,0.0
1537,0.08978328173374613,0.0,0.0
1538,0.08984169636076873,0.0,0.0
1539,0.08990011098779134,0.0,0.0
1540,0.08995852561481395,0.0,0.0
1541,0.09001694024183655,0.0,0.0
1542,0.09007535486885916,0.0,0.0
1543,0.09013376949588177,0.0,0.0
1544,0.09019218412290438,0.0,0.0
1545,0.09025059874992698,0.0,0.0
1546,0.09030901337694959,0.0,0.0
1547,0.0903674280039722,0.0,0.0
1548,0.0904258426309948,0.0,0.0
1549,0.09048425725801741,0.0,0.0
1550,0.09054267188504002,0.0,0.0
1551,0.09060108651206263,0.0,0.0
1552,0.09065950113908523,0.0,0.0
1553,0.09071791576610784,0.0,0.0
1554,0.09077633039313043,0.0,0.0
1555,0.09083474502015304,0.0,0.0
1556,0.09089315964717565,0.0,0.0
1557,0.09095157427419825,0.0,0.0
1558,0.09100998890122086,0.0,0.0
1559,0.09106840352824347,0.0,0.0
1560,0.09112681815526608,0.0,0.0
1561,0.09118523278228868,0.0,0.0
1562,0.09124364740931129,0.0,0.0
1563,0.0913020620363339,0.0,0.0
1564,0.0913604766633565,0.0,0.0
1565,0.09141889129037911,0.0,0.0
1566,0.09147730591740172,0.0,0.0
1567,0.09153572054442433,0.0,0.0
1568,0.09159413517144693,0.0,0.0
1569,0.09165254979846954,0.0,0.0
1570,0.09171096442549215,0.0,0.0
1571,0.09176937905251475,0.0,0.0
1572,0.09182779367953736,0.0,0.0
1573,0.09188620830655997,0.0,0.0
1574,0.09194462293358258,0.0,0.0
1575,0.09200303756060517,0.0,0.0
1576,0.09206145218762778,0.0,0.0
1577,0.09211986681465038,0.0,0.0
1578,0.09217828144167299,0.0,0.0
1579,0.0922366960686956,0.0,0.0
1580,0.0922951106957182,0.0,0.0
1581,0.09235352532274081,0.0,0.0
1582,0.09241193994976342,0.0,0.0
1583,0.09247035457678603,0.0,0.0
1584,0.09252876920380863,0.0,0.0
1585,0.09258718383083124,0.0,0.0
1586,0.09264559845785385,0.0,0.0
1587,0.09270401308487645,0.0,0.0
1588,0.09276242771189906,0.0,0.0
1589,0.09282084233892167,0.0,0.0
1590,0.09287925696594428,0.0,0.0
1591,0.09293767159296688,0.0,0.0
1592,0.09299608621998949,0.0,0.0
1593,0.0930545008470121,0.0,0.0
1594,0.0931129154740347,0.0,0.0
1595,0.0931713301010573,0.0,0.0
1596,0.0932297447280799,0.0,0.0
1597,0.09328815935510251,0.0,0.0
1598,0.09334657398212512,0.0,0.0
1599,0.09340498860914773,0.0,0.0
1600,0.09346340323617033,0.0,0.0
1601,0.09352181786319294,0.0,0.0
1602,0.09358023249021555,0.0,0.0
1603,0.09363864711723816,0.0,0.0
1604,0.09369706174426076,0.0,0.0
1605,0.09375547637128337,0.0,0.0
1606,0.09381389099830598,0.0,0.0
1607,0.09387230562532858,0.0,0.0
1608,0.09393072025235119,0.0,0.0
1609,0.0939891348793738,0.0,0.0
1610,0.0940475495063964,0.0,0.0
1611,0.09410596413341901,0.0,0.0
1612,0.09416437876044162,0.0,0.0
1613,0.09422279338746423,0.0,0.0
1614,0.09428120801448683,0.0,0.0
1615,0.09433962264150944,0.0,0.0
1616,0.09439803726853203,0.0,0.0
1617,0.09445645189555464,0.0,0.0
1618,0.09451486652257725,0.0,0.0
1619,0.09457328114959986,0.0,0.0
1620,0.09463169577662246,0.0,0.0
1621,0.09469011040364507,0.0,0.0
1622,0.09474852503066768,0.0,0.0
1623,0.09480693965769028,0.0,0.0
1624,0.09486535428471289,0.0,0.0
1625,0.0949237689117355,0.0,0.0
1626,0.0949821835387581,0.0,0.0
1627,0.09504059816578071,0.0,0.0
1628,0.09509901279280332,0.0,0.0
1629,0.09515742741982593,0.0,0.0
1630,0.09521584204684853,0.0,0.0
1631,0.09527425667387114,0.0,0.0
1632,0.09533267130089375,0.0,0.0
1633,0.09539108592791636,0.0,0.0
1634,0.09544950055493896,0.0,0.0
1635,0.09550791518196157,0.0,0.0
1636,0.09556632980898416,0.0,0.0
1637,0.09562474443600677,0.0,0.0
1638,0.09568315906302938,0.0,0.0
1639,0.09574157369005198,0.0,0.0
1640,0.09579998831707459,0.0,0.0
1641,0.0958584029440972,0.0,0.0
1642,0.0959168175711198,0.0,0.0
1643,0.09597523219814241,0.0,0.0
1644,0.09603364682516502,0.0,0.0
1645,0.09609206145218763,0.0,0.0
1646,0.09615047607921023,0.0,0.0
1647,0.09620889070623284,0.0,0.0
1648,0.09626730533325545,0.0,0.0
1649,0.09632571996027806,0.0,0.0
1650,0.09638413458730066,0.0,0.0
1651,0.09644254921432327,0.0,0.0
1652,0.09650096384134588,0.0,0.0
1653,0.09655937846836848,0.0,0.0
1654,0.09661779309539109,0.0,0.0
1655,0.0966762077224137,0.0,0.0
1656,0.0967346223494363,0.0,0.0
1657,0.0967930369764589,0.0,0.0
1658,0.0968514516034815,0.0,0.0
1659,0.09690986623050411,0.0,0.0
1660,0.09696828085752672,0.0,0.0
1661,0.09702669548454933,0.0,0.0
1662,0.09708511011157193,0.0,0.0
1663,0.09714352473859454,0.0,0.0
1664,0.09720193936561715,0.0,0.0
1665,0.09726035399263976,0.0,0.0
1666,0.09731876861966236,0.0,0.0
1667,0.09737718324668497,0.0,0.0
1668,0.09743559787370758,0.0,0.0
1669,0.09749401250073018,0.0,0.0
1670,0.09755242712775279,0.0,0.0
1671,0.0976108417547754,0.0,0.0
1672,0.097669256381798,0.0,0.0
1673,0.09772767100882061,0.0,0.0
1674,0.09778608563584322,0.0,0.0
1675,0.09784450026286583,0.0,0.0
1676,0.09790291488988843,0.0,0.0
1677,0.09796132951691103,0.0,0.0
1678,0.09801974414393363,0.0,0.0
1679,0.09807815877095624,0.0,0.0
1680,0.09813657339797885,0.0,0.0
1681,0.09819498802500146,0.0,0.0
1682,0.09825340265202406,0.0,0.0
1683,0.09831181727904667,0.0,0.0
1684,0.09837023190606928,0.0,0.0
1685,0.09842864653309188,0.0,0.0
1686,0.09848706116011449,0.0,0.0
1687,0.0985454757871371,0.0,0.0
1688,0.0986038904141597,0.0,0.0
1689,0.09866230504118231,0.0,0.0
1690,0.09872071966820492,0.0,0.0
1691,0.09877913429522753,0.0,0.0
1692,0.09883754892225013,0.0,0.0
1693,0.09889596354927274,0.0,0.0
1694,0.09895437817629535,0.0,0.0
1695,0.09901279280331796,0.0,0.0
1696,0.09907120743034056,0.0,0.0
1697,0.09912962205736317,0.0,0.0
1698,0.09918803668438576,0.0,0.0
1699,0.09924645131140837,0.0,0.0
1700,0.09930486593843098,0.0,0.0
1701,0.09936328056545359,0.0,0.0
1702,0.09942169519247619,0.0,0.0
1703,0.0994801098194988,0.0,0.0
1704,0.0995385244465214,0.0,0.0
1705,0.09959693907354401,0.0,0.0
1706,0.09965535370056662,0.0,0.0
1707,0.09971376832758923,0.0,0.0
1708,0.09977218295461183,0.0,0.0
1709,0.09983059758163444,0.0,0.0
1710,0.09988901220865705,0.0,0.0
1711,0.09994742683567966,0.0,0.0
1712,0.10000584146270226,0.0,0.0
1713,0.10006425608972487,0.0,0.0
1714,0.10012267071674748,0.0,0.0
1715,0.10018108534377008,0.0,0.0
1716,0.10023949997079269,0.0,0.0
1717,0.1002979145978153,0.0,0.0
1718,0.1003563292248379,0.0,0.0
1719,0.1004147438518605,0.0,0.0
1720,0.1004731584788831,0.0,0.0
1721,0.10053157310590571,0.0,0.0
1722,0.10058998773292832,0.0,0.0
1723,0.10064840235995093,0.0,0.0
1724,0.10070681698697354,0.0,0.0
1725,0.10076523161399614,0.0,0.0
1726,0.10082364624101875,0.0,0.0
1727,0.10088206086804136,0.0,0.0
1728,0.10094047549506396,0.0,0.0
1729,0.10099889012208657,0.0,0.0
1730,0.10105730474910918,0.0,0.0
1731,0.10111571937613179,0.0,0.0
1732,0.10117413400315439,0.0,0.0
1733,0.101232548630177,0.0,0.0
1734,0.1012909632571996,0.0,0.0
1735,0.10134937788422221,0.0,0.0
1736,0.10140779251124482,0.0,0.0
1737,0.10146620713826743,0.0,0.0
1738,0.10152462176529004,0.0,0.0
1739,0.10158303639231263,0.0,0.0
1740,0.10164145101933524,0.0,0.0
1741,0.10169986564635784,0.0,0.0
1742,0.10175828027338045,0.0,0.0
1743,0.10181669490040306,0.0,0.0
1744,0.10187510952742566,0.0,0.0
1745,0.10193352415444827,0.0,0.0
1746,0.10199193878147088,0.0,0.0
1747,0.10205035340849349,0.0,0.0
1748,0.10210876803551609,0.0,0.0
1749,0.1021671826625387,0.0,0.0
1750,0.1022255972895613,0.0,0.0
1751,0.10228401191658391,0.0,0.0
1752,0.10234242654360652,0.0,0.0
1753,0.10240084117062913,0.0,0.0
1754,0.10245925579765174,0.0,0.0
1755,0.10251767042467434,0.0,0.0
1756,0.10257608505169695,0.0,0.0
1757,0.10263449967871956,0.0,0.0
1758,0.10269291430574216,0.0,0.0
1759,0.10275132893276477,0.0,0.0
1760,0.10280974355978736,0.0,0.0
1761,0.10286815818680997,0.0,0.0
1762,0.10292657281383258,0.0,0.0
1763,0.10298498744085519,0.0,0.0
1764,0.10304340206787779,0.0,0.0
1765,0.1031018166949004,0.0,0.0
1766,0.10316023132192301,0.0,0.0
1767,0.10321864594894561,0.0,0.0
1768,0.10327706057596822,0.0,0.0
1769,0.10333547520299083,0.0,0.0
1770,0.10339388983001344,0.0,0.0
1771,0.10345230445703604,0.0,0.0
1772,0.10351071908405865,0.0,0.0
1773,0.10356913371108126,0.0,0.0
1774,0.10362754833810386,0.0,0.0
1775,0.10368596296512647,0.0,0.0
1776,0.10374437759214908,0.0,0.0
1777,0.10380279221917169,0.0,0.0
1778,0.10386120684619429,0.0,0.0
1779,0.1039196214732169,0.0,0.0
1780,0.1039780361002395,0.0,0.0
1781,0.1040364507272621,0.0,0.0
1782,0.10409486535428471,0.0,0.0
1783,0.10415327998130731,0.0,0.0
1784,0.10421169460832992,0.0,0.0
1785,0.10427010923535253,0.0,0.0
1786,0.10432852386237514,0.0,0.0
1787,0.10438693848939774,0.0,0.0
1788,0.10444535311642035,0.0,0.0
1789,0.10450376774344296,0.0,0.0
1790,0.10456218237046556,0.0,0.0
1791,0.10462059699748817,0.0,0.0
1792,0.10467901162451078,0.0,0.0
1793,0.10473742625153339,0.0,0.0
1794,0.10479584087855599,0.0,0.0
1795,0.1048542555055786,0.0,0.0
1796,0.10491267013260121,0.0,0.0
1797,0.10497108475962381,0.0,0.0
1798,0.10502949938664642,0.0,0.0
1799,0.10508791401366903,0.0,0.0
1800,0.10514632864069164,0.0,0.0
1801,0.10520474326771423,0.0,0.0
1802,0.10526315789473684,0.0,0.0
1803,0.10532157252175944,0.0,0.0
1804,0.10537998714878205,0.0,0.0
1805,0.10543840177580466,0.0,0.0
1806,0.10549681640282726,0.0,0.0
1807,0.10555523102984987,0.0,0.0
1808,0.10561364565687248,0.0,0.0
1809,0.10567206028389509,0.0,0.0
1810,0.1057304749109177,0.0,0.0
1811,0.1057888895379403,0.0,0.0
1812,0.10584730416496291,0.0,0.0
1813,0.10590571879198551,0.0,0.0
1814,0.10596413341900812,0.0,0.0
1815,0.10602254804603073,0.0,0.0
1816,0.10608096267305334,0.0,0.0
1817,0.10613937730007594,0.0,0.0
1818,0.10619779192709855,0.0,0.0
1819,0.10625620655412116,0.0,0.0
1820,0.10631462118114376,0.0,0.0
1821,0.10637303580816636,0.0,0.0
1822,0.10643145043518897,0.0,0.0
1823,0.10648986506221157,0.0,0.0
1824,0.10654827968923418,0.0,0.0
1825,0.10660669431625679,0.0,0.0
1826,0.1066651089432794,0.0,0.0
1827,0.106723523570302,0.0,0.0
1828,0.10678193819732461,0.0,0.0
1829,0.10684035282434722,0.0,0.0
1830,0.10689876745136982,0.0,0.0
1831,0.10695718207839243,0.0,0.0
1832,0.10701559670541504,0.0,0.0
1833,0.10707401133243764,0.0,0.0
1834,0.10713242595946025,0.0,0.0
1835,0.10719084058648286,0.0,0.0
1836,0.10724925521350546,0.0,0.0
1837,0.10730766984052807,0.0,0.0
1838,0.10736608446755068,0.0,0.0
1839,0.10742449909457329,0.0,0.0
1840,0.1074829137215959,0.0,0.0
1841,0.1075413283486185,0.0,0.0
1842,0.1075997429756411,0.0,0.0
1843,0.1076581576026637,0.0,0.0
1844,0.10771657222968631,0.0,0.0
1845,0.10777498685670892,0.0,0.0
1846,0.10783340148373152,0.0,0.0
1847,0.10789181611075413,0.0,0.0
1848,0.10795023073777674,0.0,0.0
1849,0.10800864536479934,0.0,0.0
1850,0.10806705999182195,0.0,0.0
1851,0.10812547461884456,0.0,0.0
1852,0.10818388924586717,0.0,0.0
1853,0.10824230387288977,0.0,0.0
1854,0.10830071849991238,0.0,0.0
1855,0.10835913312693499,0.0,0.0
1856,0.1084175477539576,0.0,0.0
1857,0.1084759623809802,0.0,0.0
1858,0.10853437700800281,0.0,0.0
1859,0.10859279163502542,0.0,0.0
1860,0.10865120626204802,0.0,0.0
1861,0.10870962088907063,0.0,0.0
1862,0.10876803551609324,0.0,0.0
1863,0.10882645014311583,0.0,0.0
1864,0.10888486477013844,0.0,0.0
1865,0.10894327939716104,0.0,0.0
1866,0.10900169402418365,0.0,0.0
1867,0.10906010865120626,0.0,0.0
1868,0.10911852327822887,0.0,0.0
1869,0.10917693790525147,0.0,0.0
1870,0.10923535253227408,0.0,0.0
1871,0.10929376715929669,0.0,0.0
1872,0.1093521817863193,0.0,0.0
1873,0.1094105964133419,0.0,0.0
1874,0.10946901104036451,0.0,0.0
1875,0.10952742566738712,0.0,0.0
1876,0.10958584029440972,0.0,0.0
1877,0.10964425492143233,0.0,0.0
1878,0.10970266954845494,0.0,0.0
1879,0.10976108417547754,0.0,0.0
1880,0.10981949880250015,0.0,0.0
1881,0.10987791342952276,0.0,0.0
1882,0.10993632805654537,0.0,0.0
1883,0.10999474268356796,0.0,0.0
1884,0.11005315731059057,0.0,0.0
1885,0.11011157193761317,0.0,0.0
1886,0.11016998656463578,0.0,0.0
1887,0.11022840119165839,0.0,0.0
1888,0.110286815818681,0.0,0.0
1889,0.1103452304457036,0.0,0.0
1890,0.11040364507272621,0.0,0.0
1891,0.11046205969974882,0.0,0.0
1892,0.11052047432677142,0.0,0.0
1893,0.11057888895379403,0.0,0.0
1894,0.11063730358081664,0.0,0.0
1895,0.11069571820783924,0.0,0.0
1896,0.11075413283486185,0.0,0.0
1897,0.11081254746188446,0.0,0.0
1898,0.11087096208890707,0.0,0.0
1899,0.11092937671592967,0.0,0.0
1900,0.11098779134295228,0.0,0.0
1901,0.11104620596997489,0.0,0.0
1902,0.1111046205969975,0.0,0.0
1903,0.1111630352240201,0.0,0.0
1904,0.1112214498510427,0.0,0.0
1905,0.1112798644780653,0.0,0.0
1906,0.11133827910508791,0.0,0.0
1907,0.11139669373211052,0.0,0.0
1908,0.11145510835913312,0.0,0.0
1909,0.11151352298615573,0.0,0.0
1910,0.11157193761317834,0.0,0.0
1911,0.11163035224020094,0.0,0.0
1912,0.11168876686722355,0.0,0.0
1913,0.11174718149424616,0.0,0.0
1914,0.11180559612126877,0.0,0.0
1915,0.11186401074829137,0.0,0.0
1916,0.11192242537531398,0.0,0.0
1917,0.11198084000233659,0.0,0.0
1918,0.1120392546293592,0.0,0.0
1919,0.1120976692563818,0.0,0.0
1920,0.11215608388340441,0.0,0.0
1921,0.11221449851042702,0.0,0.0
1922,0.11227291313744962,0.0,0.0
1923,0.11233132776447223,0.0,0.0
1924,0.11238974239149482,0.0,0.0
1925,0.11244815701851743,0.0,0.0
1926,0.11250657164554004,0.0,0.0
1927,0.11256498627256264,0.0,0.0
1928,0.11262340089958525,0.0,0.0
1929,0.11268181552660786,0.0,0.0
1930,0.11274023015363047,0.0,0.0
1931,0.11279864478065307,0.0,0.0
1932,0.11285705940767568,0.0,0.0
1933,0.11291547403469829,0.0,0.0
1934,0.1129738886617209,0.0,0.0
1935,0.1130323032887435,0.0,0.0
1936,0.11309071791576611,0.0,0.0
1937,0.11314913254278872,0.0,0.0
1938,0.11320754716981132,0.0,0.0
1939,0.11326596179683393,0.0,0.0
1940,0.11332437642385654,0.0,0.0
1941,0.11338279105087914,0.0,0.0
1942,0.11344120567790175,0.0,0.0
1943,0.11349962030492436,0.0,0.0
1944,0.11355803493194697,0.0,0.0
1945,0.11361644955896956,0.0,0.0
1946,0.11367486418599217,0.0,0.0
1947,0.11373327881301477,0.0,0.0
1948,0.11379169344003738,0.0,0.0
1949,0.11385010806705999,0.0,0.0
1950,0.1139085226940826,0.0,0.0
1951,0.1139669373211052,0.0,0.0
1952,0.11402535194812781,0.0,0.0
1953,0.11408376657515042,0.0,0.0
1954,0.11414218120217302,0.0,0.0
1955,0.11420059582919563,0.0,0.0
1956,0.11425901045621824,0.0,0.0
1957,0.11431742508324085,0.0,0.0
1958,0.11437583971026345,0.0,0.0
1959,0.11443425433728606,0.0,0.0
1960,0.11449266896430867,0.0,0.0
1961,0.11455108359133127,0.0,0.0
1962,0.11460949821835388,0.0,0.0
1963,0.11466791284537649,0.0,0.0
1964,0.1147263274723991,0.0,0.0
1965,0.11478474209942169,0.0,0.0
1966,0.1148431567264443,0.0,0.0
1967,0.1149015713534669,0.0,0.0
1968,0.11495998598048951,0.0,0.0
1969,0.11501840060751212,0.0,0.0
1970,0.11507681523453472,0.0,0.0
1971,0.11513522986155733,0.0,0.0
1972,0.11519364448857994,0.0,0.0
1973,0.11525205911560255,0.0,0.0
1974,0.11531047374262515,0.0,0.0
1975,0.11536888836964776,0.0,0.0
1976,0.11542730299667037,0.0,0.0
1977,0.11548571762369297,0.0,0.0
1978,0.11554413225071558,0.0,0.0
1979,0.11560254687773819,0.0,0.0
1980,0.1156609615047608,0.0,0.0
1981,0.1157193761317834,0.0,0.0
1982,0.11577779075880601,0.0,0.0
1983,0.11583620538582862,0.0,0.0
1984,0.11589462001285122,0.0,0.0
1985,0.11595303463987383,0.0,0.0
1986,0.11601144926689642,0.0,0.0
1987,0.11606986389391903,0.0,0.0
1988,0.11612827852094164,0.0,0.0
1989,0.11618669314796425,0.0,0.0
1990,0.11624510777498685,0.0,0.0
1991,0.11630352240200946,0.0,0.0
1992,0.11636193702903207,0.0,0.0
1993,0.11642035165605467,0.0,0.0
1994,0.11647876628307728,0.0,0.0
1995,0.11653718091009989,0.0,0.0
1996,0.1165955955371225,0.0,0.0
1997,0.1166540101641451,0.0,0.0
1998,0.11671242479116771,0.0,0.0
1999,0.11677083941819032,0.0,0.0
2000,0.11682925404521292,0.0,0.0
2001,0.11688766867223553,0.0,0.0
2002,0.11694608329925814,0.0,0.0
2003,0.11700449792628075,0.0,0.0
2004,0.11706291255330335,0.0,0.0
2005,0.11712132718032596,0.0,0.0
2006,0.11717974180734857,0.0,0.0
2007,0.11723815643437116,0.0,0.0
2008,0.11729657106139377,0.0,0.0
2009,0.11735498568841637,0.0,0.0
2010,0.11741340031543898,0.0,0.0
2011,0.11747181494246159,0.0,0.0
2012,0.1175302295694842,0.0,0.0
2013,0.1175886441965068,0.0,0.0
2014,0.11764705882352941,0.0,0.0
2015,0.11770547345055202,0.0,0.0
2016,0.11776388807757462,0.0,0.0
2017,0.11782230270459723,0.0,0.0
2018,0.11788071733161984,0.0,0.0
2019,0.11793913195864245,0.0,0.0
2020,0.11799754658566505,0.0,0.0
2021,0.11805596121268766,0.0,0.0
2022,0.11811437583971027,0.0,0.0
2023,0.11817279046673287,0.0,0.0
2024,0.11823120509375548,0.0,0.0
2025,0.11828961972077809,0.0,0.0
2026,0.1183480343478007,0.0,0.0
2027,0.11840644897482329,0.0,0.0
2028,0.1184648636018459,0.0,0.0
2029,0.1185232782288685,0.0,0.0
2030,0.11858169285589111,0.0,0.0
2031,0.11864010748291372,0.0,0.0
2032,0.11869852210993632,0.0,0.0
2033,0.11875693673695893,0.0,0.0
2034,0.11881535136398154,0.0,0.0
2035,0.11887376599100415,0.0,0.0
2036,0.11893218061802675,0.0,0.0
2037,0.11899059524504936,0.0,0.0
2038,0.11904900987207197,0.0,0.0
2039,0.11910742449909457,0.0,0.0
2040,0.11916583912611718,0.0,0.0
2041,0.11922425375313979,0.0,0.0
2042,0.1192826683801624,0.0,0.0
2043,0.119341083007185,0.0,0.0
2044,0.11939949763420761,0.0,0.0
2045,0.11945791226123022,0.0,0.0
2046,0.11951632688825282,0.0,0.0
2047,0.11957474151527543,0.0,0.0
2048,0.11963315614229802,0.0,0.0
2049,0.11969157076932063,0.0,0.0
2050,0.11974998539634324,0.0,0.0
2051,0.11980840002336585,0.0,0.0
2052,0.11986681465038845,0.0,0.0
2053,0.11992522927741106,0.0,0.0
2054,0.11998364390443367,0.0,0.0
2055,0.12004205853145627,0.0,0.0
2056,0.12010047315847888,0.0,0.0
2057,0.12015888778550149,0.0,0.0
2058,0.1202173024125241,0.0,0.0
2059,0.1202757170395467,0.0,0.0
2060,0.12033413166656931,0.0,0.0
2061,0.12039254629359192,0.0,0.0
2062,0.12045096092061452,0.0,0.0
2063,0.12050937554763713,0.0,0.0
2064,0.12056779017465974,0.0,0.0
2065,0.12062620480168235,0.0,0.0
2066,0.12068461942870495,0.0,0.0
2067,0.12074303405572756,0.0,0.0
2068,0.12080144868275015,0.0,0.0
2069,0.12085986330977276,0.0,0.0
2070,0.12091827793679537,0.0,0.0
2071,0.12097669256381798,0.0,0.0
2072,0.12103510719084058,0.0,0.0
2073,0.12109352181786319,0.0,0.0
2074,0.1211519364448858,0.0,0.0
2075,0.1212103510719084,0.0,0.0
2076,0.12126876569893101,0.0,0.0
2077,0.12132718032595362,0.0,0.0
2078,0.12138559495297623,0.0,0.0
2079,0.12144400957999883,0.0,0.0
2080,0.12150242420702144,0.0,0.0
2081,0.12156083883404405,0.0,0.0
2082,0.12161925346106665,0.0,0.0
2083,0.12167766808808926,0.0,0.0
2084,0.12173608271511187,0.0,0.0
2085,0.12179449734213448,0.0,0.0
2086,0.12185291196915708,0.0,0.0
2087,0.12191132659617969,0.0,0.0
2088,0.1219697412232023,0.0,0.0
2089,0.12202815585022489,0.0,0.0
2090,0.1220865704772475,0.0,0.0
2091,0.1221449851042701,0.0,0.0
2092,0.12220339973129271,0.0,0.0
2093,0.12226181435831532,0.0,0.0
2094,0.12232022898533793,0.0,0.0
2095,0.12237864361236053,0.0,0.0
2096,0.12243705823938314,0.0,0.0
2097,0.12249547286640575,0.0,0.0
2098,0.12255388749342835,0.0,0.0
2099,0.12261230212045096,0.0,0.0
2100,0.12267071674747357,0.0,0.0
2101,0.12272913137449618,0.0,0.0
2102,0.12278754600151878,0.0,0.0
2103,0.12284596062854139,0.0,0.0
2104,0.122904375255564,0.0,0.0
2105,0.1229627898825866,0.0,0.0
2106,0.12302120450960921,0.0,0.0
2107,0.12307961913663182,0.0,0.0
2108,0.12313803376365443,0.0,0.0
2109,0.12319644839067703,0.0,0.0
2110,0.12325486301769963,0.0,0.0
2111,0.12331327764472223,0.0,0.0
2112,0.12337169227174484,0.0,0.0
2113,0.12343010689876745,0.0,0.0
2114,0.12348852152579005,0.0,0.0
2115,0.12354693615281266,0.0,0.0
2116,0.12360535077983527,0.0,0.0
2117,0.12366376540685788,0.0,0.0
2118,0.12372218003388048,0.0,0.0
2119,0.12378059466090309,0.0,0.0
2120,0.1238390092879257,0.0,0.0
2121,0.1238974239149483,0.0,0.0
2122,0.12395583854197091,0.0,0.0
2123,0.12401425316899352,0.0,0.0
2124,0.12407266779601613,0.0,0.0
2125,0.12413108242303873,0.0,0.0
2126,0.12418949705006134,0.0,0.0
2127,0.12424791167708395,0.0,0.0
2128,0.12430632630410655,0.0,0.0
2129,0.12436474093112916,0.0,0.0
2130,0.12442315555815175,0.0,0.0
2131,0.12448157018517436,0.0,0.0
2132,0.12453998481219697,0.0,0.0
2133,0.12459839943921958,0.0,0.0
2134,0.12465681406624218,0.0,0.0
2135,0.12471522869326479,0.0,0.0
2136,0.1247736433202874,0.0,0.0
2137,0.12483205794731,0.0,0.0
2138,0.12489047257433261,0.0,0.0
2139,0.12494888720135522,0.0,0.0
2140,0.12500730182837783,0.0,0.0
2141,0.12506571645540043,0.0,0.0
2142,0.12512413108242304,0.0,0.0
2143,0.12518254570944565,0.0,0.0
2144,0.12524096033646825,0.0,0.0
2145,0.12529937496349086,0.0,0.0
2146,0.12535778959051347,0.0,0.0
2147,0.12541620421753608,0.0,0.0
2148,0.12547461884455868,0.0,0.0
2149,0.1255330334715813,0.0,0.0
2150,0.1255914480986039,0.0,0.0
2151,0.1256498627256265,0.0,0.0
2152,0.1257082773526491,0.0,0.0
2153,0.12576669197967172,0.0,0.0
2154,0.12582510660669433,0.0,0.0
2155,0.12588352123371693,0.0,0.0
2156,0.12594193586073954,0.0,0.0
2157,0.12600035048776215,0.0,0.0
2158,0.12605876511478475,0.0,0.0
2159,0.12611717974180736,0.0,0.0
2160,0.12617559436882997,0.0,0.0
2161,0.12623400899585255,0.0,0.0
2162,0.12629242362287516,0.0,0.0
2163,0.12635083824989776,0.0,0.0
2164,0.12640925287692037,0.0,0.0
2165,0.12646766750394298,0.0,0.0
2166,0.12652608213096558,0.0,0.0
2167,0.1265844967579882,0.0,0.0
2168,0.1266429113850108,0.0,0.0
2169,0.1267013260120334,0.0,0.0
2170,0.126759740639056,0.0,0.0
2171,0.12681815526607862,0.0,0.0
2172,0.12687656989310123,0.0,0.0
2173,0.12693498452012383,0.0,0.0
2174,0.12699339914714644,0.0,0.0
2175,0.12705181377416905,0.0,0.0
2176,0.12711022840119166,0.0,0.0
2177,0.12716864302821426,0.0,0.0
2178,0.12722705765523687,0.0,0.0
2179,0.12728547228225948,0.0,0.0
2180,0.12734388690928208,0.0,0.0
2181,0.1274023015363047,0.0,0.0
2182,0.1274607161633273,0.0,0.0
2183,0.1275191307903499,0.0,0.0
2184,0.1275775454173725,0.0,0.0
2185,0.12763596004439512,0.0,0.0
2186,0.12769437467141773,0.0,0.0
2187,0.12775278929844033,0.0,0.0
2188,0.12781120392546294,0.0,0.0
2189,0.12786961855248555,0.0,0.0
2190,0.12792803317950815,0.0,0.0
2191,0.12798644780653076,0.0,0.0
2192,0.12804486243355337,0.0,0.0
2193,0.12810327706057598,0.0,0.0
2194,0.12816169168759858,0.0,0.0
2195,0.1282201063146212,0.0,0.0
2196,0.1282785209416438,0.0,0.0
2197,0.1283369355686664,0.0,0.0
2198,0.128395350195689,0.0,0.0
2199,0.12845376482271162,0.0,0.0
2200,0.12851217944973423,0.0,0.0
2201,0.12857059407675683,0.0,0.0
2202,0.1286290087037794,0.0,0.0
2203,0.12868742333080202,0.0,0.0
2204,0.12874583795782463,0.0,0.0
2205,0.12880425258484723,0.0,0.0
2206,0.12886266721186984,0.0,0.0
2207,0.12892108183889245,0.0,0.0
2208,0.12897949646591506,0.0,0.0
2209,0.12903791109293766,0.0,0.0
2210,0.12909632571996027,0.0,0.0
2211,0.12915474034698288,0.0,0.0
2212,0.12921315497400548,0.0,0.0
2213,0.1292715696010281,0.0,0.0
2214,0.1293299842280507,0.0,0.0
2215,0.1293883988550733,0.0,0.0
2216,0.1294468134820959,0.0,0.0
2217,0.12950522810911852,0.0,0.0
2218,0.12956364273614113,0.0,0.0
2219,0.12962205736316373,0.0,0.0
2220,0.12968047199018634,0.0,0.0
2221,0.12973888661720895,0.0,0.0
2222,0.12979730124423156,0.0,0.0
2223,0.12985571587125416,0.0,0.0
2224,0.12991413049827677,0.0,0.0
2225,0.12997254512529938,0.0,0.0
2226,0.13003095975232198,0.0,0.0
2227,0.1300893743793446,0.0,0.0
2228,0.1301477890063672,0.0,0.0
2229,0.1302062036333898,0.0,0.0
2230,0.1302646182604124,0.0,0.0
2231,0.13032303288743502,0.0,0.0
2232,0.13038144751445763,0.0,0.0
2233,0.13043986214148023,0.0,0.0
2234,0.13049827676850284,0.0,0.0
2235,0.13055669139552545,0.0,0.0
2236,0.13061510602254806,0.0,0.0
2237,0.13067352064957066,0.0,0.0
2238,0.13073193527659327,0.0,0.0
2239,0.13079034990361588,0.0,0.0
2240,0.13084876453063848,0.0,0.0
2241,0.1309071791576611,0.0,0.0
2242,0.1309655937846837,0.0,0.0
2243,0.13102400841170628,0.0,0.0
2244,0.13108242303872888,0.0,0.0
2245,0.1311408376657515,0.0,0.0
2246,0.1311992522927741,0.0,0.0
2247,0.1312576669197967,0.0,0.0
2248,0.1313160815468193,0.0,0.0
2249,0.13137449617384192,0.0,0.0
2250,0.13143291080086453,0.0,0.0
2251,0.13149132542788713,0.0,0.0
2252,0.13154974005490974,0.0,0.0
2253,0.13160815468193235,0.0,0.0
2254,0.13166656930895496,0.0,0.0
2255,0.13172498393597756,0.0,0.0
2256,0.13178339856300017,0.0,0.0
2257,0.13184181319002278,0.0,0.0
2258,0.13190022781704538,0.0,0.0
2259,0.131958642444068,0.0,0.0
2260,0.1320170570710906,0.0,0.0
2261,0.1320754716981132,0.0,0.0
2262,0.1321338863251358,0.0,0.0
2263,0.13219230095215842,0.0,0.0
2264,0.13225071557918103,0.0,0.0
2265,0.13230913020620363,0.0,0.0
2266,0.13236754483322624,0.0,0.0
2267,0.13242595946024885,0.0,0.0
2268,0.13248437408727146,0.0,0.0
2269,0.13254278871429406,0.0,0.0
2270,0.13260120334131667,0.0,0.0
2271,0.13265961796833928,0.0,0.0
2272,0.13271803259536188,0.0,0.0
2273,0.1327764472223845,0.0,0.0
2274,0.1328348618494071,0.0,0.0
2275,0.1328932764764297,0.0,0.0
2276,0.1329516911034523,0.0,0.0
2277,0.13301010573047492,0.0,0.0
2278,0.13306852035749753,0.0,0.0
2279,0.13312693498452013,0.0,0.0
2280,0.13318534961154274,0.0,0.0
2281,0.13324376423856535,0.0,0.0
2282,0.13330217886558796,0.0,0.0
2283,0.13336059349261056,0.0,0.0
2284,0.13341900811963314,0.0,0.0
2285,0.13347742274665575,0.0,0.0
2286,0.13353583737367836,0.0,0.0
2287,0.13359425200070096,0.0,0.0
2288,0.13365266662772357,0.0,0.0
2289,0.13371108125474618,0.0,0.0
2290,0.13376949588176879,0.0,0.0
2291,0.1338279105087914,0.0,0.0
2292,0.133886325135814,0.0,0.0
2293,0.1339447397628366,0.0,0.0
2294,0.1340031543898592,0.0,0.0
2295,0.13406156901688182,0.0,0.0
2296,0.13411998364390443,0.0,0.0
2297,0.13417839827092704,0.0,0.0
2298,0.13423681289794964,0.0,0.0
2299,0.13429522752497225,0.0,0.0
2300,0.13435364215199486,0.0,0.0
2301,0.13441205677901746,0.0,0.0
2302,0.13447047140604007,0.0,0.0
2303,0.13452888603306268,0.0,0.0
2304,0.13458730066008529,0.0,0.0
2305,0.1346457152871079,0.0,0.0
2306,0.1347041299141305,0.0,0.0
2307,0.1347625445411531,0.0,0.0
2308,0.1348209591681757,0.0,0.0
2309,0.13487937379519832,0.0,0.0
2310,0.13493778842222093,0.0,0.0
2311,0.13499620304924353,0.0,0.0
2312,0.13505461767626614,0.0,0.0
2313,0.13511303230328875,0.0,0.0
2314,0.13517144693031136,0.0,0.0
2315,0.13522986155733396,0.0,0.0
2316,0.13528827618435657,0.0,0.0
2317,0.13534669081137918,0.0,0.0
2318,0.13540510543840178,0.0,0.0
2319,0.1354635200654244,0.0,0.0
2320,0.135521934692447,0.0,0.0
2321,0.1355803493194696,0.0,0.0
2322,0.1356387639464922,0.0,0.0
2323,0.13569717857351482,0.0,0.0
2324,0.13575559320053743,0.0,0.0
2325,0.13581400782756003,0.0,0.0
2326,0.13587242245458261,0.0,0.0
2327,0.13593083708160522,0.0,0.0
2328,0.13598925170862783,0.0,0.0
2329,0.13604766633565044,0.0,0.0
2330,0.13610608096267304,0.0,0.0
2331,0.13616449558969565,0.0,0.0
2332,0.13622291021671826,0.0,0.0
2333,0.13628132484374086,0.0,0.0
2334,0.13633973947076347,0.0,0.0
2335,0.13639815409778608,0.0,0.0
2336,0.13645656872480869,0.0,0.0
2337,0.1365149833518313,0.0,0.0
2338,0.1365733979788539,0.0,0.0
2339,0.1366318126058765,0.0,0.0
2340,0.13669022723289911,0.0,0.0
2341,0.13674864185992172,0.0,0.0
2342,0.13680705648694433,0.0,0.0
2343,0.13686547111396694,0.0,0.0
2344,0.13692388574098954,0.0,0.0
2345,0.13698230036801215,0.0,0.0
2346,0.13704071499503476,0.0,0.0
2347,0.13709912962205736,0.0,0.0
2348,0.13715754424907997,0.0,0.0
2349,0.13721595887610258,0.0,0.0
2350,0.13727437350312519,0.0,0.0
2351,0.1373327881301478,0.0,0.0
2352,0.1373912027571704,0.0,0.0
2353,0.137449617384193,0.0,0.0
2354,0.13750803201121561,0.0,0.0
2355,0.13756644663823822,0.0,0.0
2356,0.13762486126526083,0.0,0.0
2357,0.13768327589228344,0.0,0.0
2358,0.13774169051930604,0.0,0.0
2359,0.13780010514632865,0.0,0.0
2360,0.13785851977335126,0.0,0.0
2361,0.13791693440037386,0.0,0.0
2362,0.13797534902739647,0.0,0.0
2363,0.13803376365441908,0.0,0.0
2364,0.13809217828144169,0.0,0.0
2365,0.1381505929084643,0.0,0.0
2366,0.1382090075354869,0.0,0.0
2367,0.13826742216250948,0.0,0.0
2368,0.1383258367895321,0.0,0.0
2369,0.1383842514165547,0.0,0.0
2370,0.1384426660435773,0.0,0.0
2371,0.1385010806705999,0.0,0.0
2372,0.13855949529762251,0.0,0.0
2373,0.13861790992464512,0.0,0.0
2374,0.13867632455166773,0.0,0.0
2375,0.13873473917869034,0.0,0.0
2376,0.13879315380571294,0.0,0.0
2377,0.13885156843273555,0.0,0.0
2378,0.13890998305975816,0.0,0.0
2379,0.13896839768678076,0.0,0.0
2380,0.13902681231380337,0.0,0.0
2381,0.13908522694082598,0.0,0.0
2382,0.13914364156784859,0.0,0.0
2383,0.1392020561948712,0.0,0.0
2384,0.1392604708218938,0.0,0.0
2385,0.1393188854489164,0.0,0.0
2386,0.13937730007593901,0.0,0.0
2387,0.13943571470296162,0.0,0.0
2388,0.13949412932998423,0.0,0.0
2389,0.13955254395700684,0.0,0.0
2390,0.13961095858402944,0.0,0.0
2391,0.13966937321105205,0.0,0.0
2392,0.13972778783807466,0.0,0.0
2393,0.13978620246509726,0.0,0.0
2394,0.13984461709211987,0.0,0.0
2395,0.13990303171914248,0.0,0.0
2396,0.13996144634616509,0.0,0.0
2397,0.1400198609731877,0.0,0.0
2398,0.1400782756002103,0.0,0.0
2399,0.1401366902272329,0.0,0.0
2400,0.14019510485425551,0.0,0.0
2401,0.14025351948127812,0.0,0.0
2402,0.14031193410830073,0.0,0.0
2403,0.14037034873532334,0.0,0.0
2404,0.14042876336234594,0.0,0.0
2405,0.14048717798936855,0.0,0.0
2406,0.14054559261639116,0.0,0.0
2407,0.14060400724341376,0.0,0.0
2408,0.14066242187043634,0.0,0.0
2409,0.14072083649745895,0.0,0.0
2410,0.14077925112448156,0.0,0.0
2411,0.14083766575150417,0.0,0.0
2412,0.14089608037852677,0.0,0.0
2413,0.14095449500554938,0.0,0.0
2414,0.141012909632572,0.0,0.0
2415,0.1410713242595946,0.0,0.0
2416,0.1411297388866172,0.0,0.0
2417,0.1411881535136398,0.0,0.0
2418,0.14124656814066242,0.0,0.0
2419,0.14130498276768502,0.0,0.0
2420,0.14136339739470763,0.0,0.0
2421,0.14142181202173024,0.0,0.0
2422,0.14148022664875284,0.0,0.0
2423,0.14153864127577545,0.0,0.0
2424,0.14159705590279806,0.0,0.0
2425,0.14165547052982067,0.0,0.0
2426,0.14171388515684327,0.0,0.0
2427,0.14177229978386588,0.0,0.0
2428,0.1418307144108885,0.0,0.0
2429,0.1418891290379111,0.0,0.0
2430,0.1419475436649337,0.0,0.0
2431,0.1420059582919563,0.0,0.0
2432,0.14206437291897892,0.0,0.0
2433,0.14212278754600152,0.0,0.0
2434,0.14218120217302413,0.0,0.0
2435,0.14223961680004674,0.0,0.0
2436,0.14229803142706934,0.0,0.0
2437,0.14235644605409195,0.0,0.0
2438,0.14241486068111456,0.0,0.0
2439,0.14247327530813717,0.0,0.0
2440,0.14253168993515977,0.0,0.0
2441,0.14259010456218238,0.0,0.0
2442,0.142648519189205,0.0,0.0
2443,0.1427069338162276,0.0,0.0
2444,0.1427653484432502,0.0,0.0
2445,0.1428237630702728,0.0,0.0
2446,0.14288217769729541,0.0,0.0
2447,0.14294059232431802,0.0,0.0
2448,0.14299900695134063,0.0,0.0
2449,0.1430574215783632,0.0,0.0
2450,0.14311583620538582,0.0,0.0
2451,0.14317425083240842,0.0,0.0
2452,0.14323266545943103,0.0,0.0
2453,0.14329108008645364,0.0,0.0
2454,0.14334949471347624,0.0,0.0
2455,0.14340790934049885,0.0,0.0
2456,0.14346632396752146,0.0,0.0
2457,0.14352473859454407,0.0,0.0
2458,0.14358315322156667,0.0,0.0
2459,0.14364156784858928,0.0,0.0
2460,0.1436999824756119,0.0,0.0
2461,0.1437583971026345,0.0,0.0
2462,0.1438168117296571,0.0,0.0
2463,0.1438752263566797,0.0,0.0
2464,0.14393364098370232,0.0,0.0
2465,0.14399205561072492,0.0,0.0
2466,0.14405047023774753,0.0,0.0
2467,0.14410888486477014,0.0,0.0
2468,0.14416729949179274,0.0,0.0
2469,0.14422571411881535,0.0,0.0
2470,0.14428412874583796,0.0,0.0
2471,0.14434254337286057,0.0,0.0
2472,0.14440095799988317,0.0,0.0
2473,0.14445937262690578,0.0,0.0
2474,0.1445177872539284,0.0,0.0
2475,0.144576201880951,0.0,0.0
2476,0.1446346165079736,0.0,0.0
2477,0.1446930311349962,0.0,0.0
2478,0.14475144576201882,0.0,0.0
2479,0.14480986038904142,0.0,0.0
2480,0.14486827501606403,0.0,0.0
2481,0.14492668964308664,0.0,0.0
2482,0.14498510427010924,0.0,0.0
2483,0.14504351889713185,0.0,0.0
2484,0.14510193352415446,0.0,0.0
2485,0.14516034815117707,0.0,0.0
2486,0.14521876277819967,0.0,0.0
2487,0.14527717740522228,0.0,0.0
2488,0.1453355920322449,0.0,0.0
2489,0.1453940066592675,0.0,0.0
2490,0.14545242128629007,0.0,0.0
2491,0.14551083591331268,0.0,0.0
2492,0.1455692505403353,0.0,0.0
2493,0.1456276651673579,0.0,0.0
2494,0.1456860797943805,0.0,0.0
2495,0.1457444944214031,0.0,0.0
2496,0.14580290904842572,0.0,0.0
2497,0.14586132367544832,0.0,0.0
2498,0.14591973830247093,0.0,0.0
2499,0.14597815292949354,0.0,0.0
2500,0.14603656755651614,0.0,0.0
2501,0.14609498218353875,0.0,0.0
2502,0.14615339681056136,0.0,0.0
2503,0.14621181143758397,0.0,0.0
2504,0.14627022606460657,0.0,0.0
2505,0.14632864069162918,0.0,0.0
2506,0.1463870553186518,0.0,0.0
2507,0.1464454699456744,0.0,0.0
2508,0.146503884572697,0.0,0.0
2509,0.1465622991997196,0.0,0.0
2510,0.14662071382674222,0.0,0.0
2511,0.14667912845376482,0.0,0.0
2512,0.14673754308078743,0.0,0.0
2513,0.14679595770781004,0.0,0.0
2514,0.14685437233483264,0.0,0.0
2515,0.14691278696185525,0.0,0.0
2516,0.14697120158887786,0.0,0.0
2517,0.14702961621590047,0.0,0.0
2518,0.14708803084292307,0.0,0.0
2519,0.14714644546994568,0.0,0.0
2520,0.1472048600969683,0.0,0.0
2521,0.1472632747239909,0.0,0.0
2522,0.1473216893510135,0.0,0.0
2523,0.1473801039780361,0.0,0.0
2524,0.14743851860505872,0.0,0.0
2525,0.14749693323208132,0.0,0.0
2526,0.14755534785910393,0.0,0.0
2527,0.14761376248612654,0.0,0.0
2528,0.14767217711314914,0.0,0.0
2529,0.14773059174017175,0.0,0.0
2530,0.14778900636719436,0.0,0.0
2531,0.14784742099421694,0.0,0.0
2532,0.14790583562123955,0.0,0.0
2533,0.14796425024826215,0.0,0.0
2534,0.14802266487528476,0.0,0.0
2535,0.14808107950230737,0.0,0.0
2536,0.14813949412932997,0.0,0.0
2537,0.14819790875635258,0.0,0.0
2538,0.1482563233833752,0.0,0.0
2539,0.1483147380103978,0.0,0.0
2540,0.1483731526374204,0.0,0.0
2541,0.148431567264443,0.0,0.0
2542,0.14848998189146562,0.0,0.0
2543,0.14854839651848822,0.0,0.0
2544,0.14860681114551083,0.0,0.0
2545,0.14866522577253344,0.0,0.0
2546,0.14872364039955605,0.0,0.0
2547,0.14878205502657865,0.0,0.0
2548,0.14884046965360126,0.0,0.0
2549,0.14889888428062387,0.0,0.0
2550,0.14895729890764647,0.0,0.0
2551,0.14901571353466908,0.0,0.0
2552,0.1490741281616917,0.0,0.0
2553,0.1491325427887143,0.0,0.0
2554,0.1491909574157369,0.0,0.0
2555,0.1492493720427595,0.0,0.0
2556,0.14930778666978212,0.0,0.0
2557,0.14936620129680472,0.0,0.0
2558,0.14942461592382733,0.0,0.0
2559,0.14948303055084994,0.0,0.0
2560,0.14954144517787255,0.0,0.0
2561,0.14959985980489515,0.0,0.0
2562,0.14965827443191776,0.0,0.0
2563,0.14971668905894037,0.0,0.0
2564,0.14977510368596297,0.0,0.0
2565,0.14983351831298558,0.0,0.0
2566,0.1498919329400082,0.0,0.0
2567,0.1499503475670308,0.0,0.0
2568,0.1500087621940534,0.0,0.0
2569,0.150067176821076,0.0,0.0
2570,0.15012559144809862,0.0,0.0
2571,0.15018400607512122,0.0,0.0
2572,0.1502424207021438,0.0,0.0
2573,0.1503008353291664,0.0,0.0
2574,0.15035924995618902,0.0,0.0
2575,0.15041766458321162,0.0,0.0
2576,0.15047607921023423,0.0,0.0
2577,0.15053449383725684,0.0,0.0
2578,0.15059290846427945,0.0,0.0
2579,0.15065132309130205,0.0,0.0
2580,0.15070973771832466,0.0,0.0
2581,0.15076815234534727,0.0,0.0
2582,0.15082656697236987,0.0,0.0
2583,0.15088498159939248,0.0,0.0
2584,0.1509433962264151,0.0,0.0
2585,0.1510018108534377,0.0,0.0
2586,0.1510602254804603,0.0,0.0
2587,0.1511186401074829,0.0,0.0
2588,0.15117705473450552,0.0,0.0
2589,0.15123546936152812,0.0,0.0
2590,0.15129388398855073,0.0,0.0
2591,0.15135229861557334,0.0,0.0
2592,0.15141071324259595,0.0,0.0
2593,0.15146912786961855,0.0,0.0
2594,0.15152754249664116,0.0,0.0
2595,0.15158595712366377,0.0,0.0
2596,0.15164437175068637,0.0,0.0
2597,0.15170278637770898,0.0,0.0
2598,0.1517612010047316,0.0,0.0
2599,0.1518196156317542,0.0,0.0
2600,0.1518780302587768,0.0,0.0
2601,0.1519364448857994,0.0,0.0
2602,0.15199485951282202,0.0,0.0
2603,0.15205327413984462,0.0,0.0
2604,0.15211168876686723,0.0,0.0
2605,0.15217010339388984,0.0,0.0
2606,0.15222851802091245,0.0,0.0
2607,0.15228693264793505,0.0,0.0
2608,0.15234534727495766,0.0,0.0
2609,0.15240376190198027,0.0,0.0
2610,0.15246217652900287,0.0,0.0
2611,0.15252059115602548,0.0,0.0
2612,0.1525790057830481,0.0,0.0
2613,0.1526374204100707,0.0,0.0
2614,0.15269583503709327,0.0,0.0
2615,0.15275424966411588,0.0,0.0
2616,0.1528126642911385,0.0,0.0
2617,0.1528710789181611,0.0,0.0
2618,0.1529294935451837,0.0,0.0
2619,0.1529879081722063,0.0,0.0
2620,0.15304632279922892,0.0,0.0
2621,0.15310473742625152,0.0,0.0
2622,0.15316315205327413,0.0,0.0
2623,0.15322156668029674,0.0,0.0
2624,0.15327998130731935,0.0,0.0
2625,0.15333839593434195,0.0,0.0
2626,0.15339681056136456,0.0,0.0
2627,0.15345522518838717,0.0,0.0
2628,0.15351363981540977,0.0,0.0
2629,0.15357205444243238,0.0,0.0
2630,0.153630469069455,0.0,0.0
2631,0.1536888836964776,0.0,0.0
2632,0.1537472983235002,0.0,0.0
2633,0.1538057129505228,0.0,0.0
2634,0.15386412757754542,0.0,0.0
2635,0.15392254220456802,0.0,0.0
2636,0.15398095683159063,0.0,0.0
2637,0.15403937145861324,0.0,0.0
2638,0.15409778608563585,0.0,0.0
2639,0.15415620071265845,0.0,0.0
2640,0.15421461533968106,0.0,0.0
2641,0.15427302996670367,0.0,0.0
2642,0.15433144459372627,0.0,0.0
2643,0.15438985922074888,0.0,0.0
2644,0.1544482738477715,0.0,0.0
2645,0.1545066884747941,0.0,0.0
2646,0.1545651031018167,0.0,0.0
2647,0.1546235177288393,0.0,0.0
2648,0.15468193235586192,0.0,0.0
2649,0.15474034698288452,0.0,0.0
2650,0.15479876160990713,0.0,0.0
2651,0.15485717623692974,0.0,0.0
2652,0.15491559086395235,0.0,0.0
2653,0.15497400549097495,0.0,0.0
2654,0.15503242011799756,0.0,0.0
2655,0.15509083474502014,0.0,0.0
2656,0.15514924937204275,0.0,0.0
2657,0.15520766399906535,0.0,0.0
2658,0.15526607862608796,0.0,0.0
2659,0.15532449325311057,0.0,0.0
2660,0.15538290788013318,0.0,0.0
2661,0.15544132250715578,0.0,0.0
2662,0.1554997371341784,0.0,0.0
2663,0.155558151761201,0.0,0.0
2664,0.1556165663882236,0.0,0.0
2665,0.1556749810152462,0.0,0.0
2666,0.15573339564226882,0.0,0.0
2667,0.15579181026929143,0.0,0.0
2668,0.15585022489631403,0.0,0.0
2669,0.15590863952333664,0.0,0.0
2670,0.15596705415035925,0.0,0.0
2671,0.15602546877738185,0.0,0.0
2672,0.15608388340440446,0.0,0.0
2673,0.15614229803142707,0.0,0.0
2674,0.15620071265844968,0.0,0.0
2675,0.15625912728547228,0.0,0.0
2676,0.1563175419124949,0.0,0.0
2677,0.1563759565395175,0.0,0.0
2678,0.1564343711665401,0.0,0.0
2679,0.1564927857935627,0.0,0.0
2680,0.15655120042058532,0.0,0.0
2681,0.15660961504760793,0.0,0.0
2682,0.15666802967463053,0.0,0.0
2683,0.15672644430165314,0.0,0.0
2684,0.15678485892867575,0.0,0.0
2685,0.15684327355569835,0.0,0.0
2686,0.15690168818272096,0.0,0.0
2687,0.15696010280974357,0.0,0.0
2688,0.15701851743676618,0.0,0.0
2689,0.15707693206378878,0.0,0.0
2690,0.1571353466908114,0.0,0.0
2691,0.157193761317834,0.0,0.0
2692,0.1572521759448566,0.0,0.0
2693,0.1573105905718792,0.0,0.0
2694,0.15736900519890182,0.0,0.0
2695,0.15742741982592443,0.0,0.0
2696,0.157485834452947,0.0,0.0
2697,0.1575442490799696,0.0,0.0
2698,0.15760266370699222,0.0,0.0
2699,0.15766107833401483,0.0,0.0
2700,0.15771949296103743,0.0,0.0
2701,0.15777790758806004,0.0,0.0
2702,0.15783632221508265,0.0,0.0
2703,0.15789473684210525,0.0,0.0
2704,0.15795315146912786,0.0,0.0
2705,0.15801156609615047,0.0,0.0
2706,0.15806998072317308,0.0,0.0
2707,0.15812839535019568,0.0,0.0
2708,0.1581868099772183,0.0,0.0
2709,0.1582452246042409,0.0,0.0
2710,0.1583036392312635,0.0,0.0
2711,0.1583620538582861,0.0,0.0
2712,0.15842046848530872,0.0,0.0
2713,0.15847888311233133,0.0,0.0
2714,0.15853729773935393,0.0,0.0
2715,0.15859571236637654,0.0,0.0
2716,0.15865412699339915,0.0,0.0
2717,0.15871254162042175,0.0,0.0
2718,0.15877095624744436,0.0,0.0
2719,0.15882937087446697,0.0,0.0
2720,0.15888778550148958,0.0,0.0
2721,0.15894620012851218,0.0,0.0
2722,0.1590046147555348,0.0,0.0
2723,0.1590630293825574,0.0,0.0
2724,0.15912144400958,0.0,0.0
2725,0.1591798586366026,0.0,0.0
2726,0.15923827326362522,0.0,0.0
2727,0.15929668789064783,0.0,0.0
2728,0.15935510251767043,0.0,0.0
2729,0.15941351714469304,0.0,0.0
2730,0.15947193177171565,0.0,0.0
2731,0.15953034639873825,0.0,0.0
2732,0.15958876102576086,0.0,0.0
2733,0.15964717565278347,0.0,0.0
2734,0.15970559027980608,0.0,0.0
2735,0.15976400490682868,0.0,0.0
2736,0.1598224195338513,0.0,0.0
2737,0.15988083416087387,0.0,0.0
2738,0.15993924878789648,0.0,0.0
2739,0.15999766341491908,0.0,0.0
2740,0.1600560780419417,0.0,0.0
2741,0.1601144926689643,0.0,0.0
2742,0.1601729072959869,0.0,0.0
2743,0.1602313219230095,0.0,0.0
2744,0.16028973655003212,0.0,0.0
2745,0.16034815117705473,0.0,0.0
2746,0.16040656580407733,0.0,0.0
2747,0.16046498043109994,0.0,0.0
2748,0.16052339505812255,0.0,0.0
2749,0.16058180968514515,0.0,0.0
2750,0.16064022431216776,0.0,0.0
2751,0.16069863893919037,0.0,0.0
2752,0.16075705356621298,0.0,0.0
2753,0.16081546819323558,0.0,0.0
2754,0.1608738828202582,0.0,0.0
2755,0.1609322974472808,0.0,0.0
2756,0.1609907120743034,0.0,0.0
2757,0.161049126701326,0.0,0.0
2758,0.16110754132834862,0.0,0.0
2759,0.16116595595537123,0.0,0.0
2760,0.16122437058239383,0.0,0.0
2761,0.16128278520941644,0.0,0.0
2762,0.16134119983643905,0.0,0.0
2763,0.16139961446346165,0.0,0.0
2764,0.16145802909048426,0.0,0.0
2765,0.16151644371750687,0.0,0.0
2766,0.16157485834452948,0.0,0.0
2767,0.16163327297155208,0.0,0.0
2768,0.1616916875985747,0.0,0.0
2769,0.1617501022255973,0.0,0.0
2770,0.1618085168526199,0.0,0.0
2771,0.1618669314796425,0.0,0.0
2772,0.16192534610666512,0.0,0.0
2773,0.16198376073368773,0.0,0.0
2774,0.16204217536071033,0.0,0.0
2775,0.16210058998773294,0.0,0.0
2776,0.16215900461475555,0.0,0.0
2777,0.16221741924177815,0.0,0.0
2778,0.16227583386880073,0.0,0.0
2779,0.16233424849582334,0.0,0.0
2780,0.16239266312284595,0.0,0.0
2781,0.16245107774986856,0.0,0.0
2782,0.16250949237689116,0.0,0.0
2783,0.16256790700391377,0.0,0.0
2784,0.16262632163093638,0.0,0.0
2785,0.16268473625795898,0.0,0.0
2786,0.1627431508849816,0.0,0.0
2787,0.1628015655120042,0.0,0.0
2788,0.1628599801390268,0.0,0.0
2789,0.1629183947660494,0.0,0.0
2790,0.16297680939307202,0.0,0.0
2791,0.16303522402009463,0.0,0.0
2792,0.16309363864711723,0.0,0.0
2793,0.16315205327413984,0.0,0.0
2794,0.16321046790116245,0.0,0.0
2795,0.16326888252818506,0.0,0.0
2796,0.16332729715520766,0.0,0.0
2797,0.16338571178223027,0.0,0.0
2798,0.16344412640925288,0.0,0.0
2799,0.16350254103627548,0.0,0.0
2800,0.1635609556632981,0.0,0.0
2801,0.1636193702903207,0.0,0.0
2802,0.1636777849173433,0.0,0.0
2803,0.1637361995443659,0.0,0.0
2804,0.16379461417138852,0.0,0.0
2805,0.16385302879841113,0.0,0.0
2806,0.16391144342543373,0.0,0.0
2807,0.16396985805245634,0.0,0.0
2808,0.16402827267947895,0.0,0.0
2809,0.16408668730650156,0.0,0.0
2810,0.16414510193352416,0.0,0.0
2811,0.16420351656054677,0.0,0.0
2812,0.16426193118756938,0.0,0.0
2813,0.16432034581459198,0.0,0.0
2814,0.1643787604416146,0.0,0.0
2815,0.1644371750686372,0.0,0.0
2816,0.1644955896956598,0.0,0.0
2817,0.1645540043226824,0.0,0.0
2818,0.16461241894970502,0.0,0.0
2819,0.1646708335767276,0.0,0.0
2820,0.1647292482037502,0.0,0.0
2821,0.1647876628307728,0.0,0.0
2822,0.16484607745779542,0.0,0.0
2823,0.16490449208481803,0.0,0.0
2824,0.16496290671184063,0.0,0.0
2825,0.16502132133886324,0.0,0.0
2826,0.16507973596588585,0.0,0.0
2827,0.16513815059290846,0.0,0.0
2828,0.16519656521993106,0.0,0.0
2829,0.16525497984695367,0.0,0.0
2830,0.16531339447397628,0.0,0.0
2831,0.16537180910099888,0.0,0.0
2832,0.1654302237280215,0.0,0.0
2833,0.1654886383550441,0.0,0.0
2834,0.1655470529820667,0.0,0.0
2835,0.1656054676090893,0.0,0.0
2836,0.16566388223611192,0.0,0.0
2837,0.16572229686313453,0.0,0.0
2838,0.16578071149015713,0.0,0.0
2839,0.16583912611717974,0.0,0.0
2840,0.16589754074420235,0.0,0.0
2841,0.16595595537122496,0.0,0.0
2842,0.16601436999824756,0.0,0.0
2843,0.16607278462527017,0.0,0.0
2844,0.16613119925229278,0.0,0.0
2845,0.16618961387931538,0.0,0.0
2846,0.166248028506338,0.0,0.0
2847,0.1663064431333606,0.0,0.0
2848,0.1663648577603832,0.0,0.0
2849,0.1664232723874058,0.0,0.0
2850,0.16648168701442842,0.0,0.0
2851,0.16654010164145103,0.0,0.0
2852,0.16659851626847363,0.0,0.0
2853,0.16665693089549624,0.0,0.0
2854,0.16671534552251885,0.0,0.0
2855,0.16677376014954146,0.0,0.0
2856,0.16683217477656406,0.0,0.0
2857,0.16689058940358667,0.0,0.0
2858,0.16694900403060928,0.0,0.0
2859,0.16700741865763188,0.0,0.0
2860,0.1670658332846545,0.0,0.0
2861,0.16712424791167707,0.0,0.0
2862,0.16718266253869968,0.0,0.0
2863,0.16724107716572228,0.0,0.0
2864,0.1672994917927449,0.0,0.0
2865,0.1673579064197675,0.0,0.0
2866,0.1674163210467901,0.0,0.0
2867,0.1674747356738127,0.0,0.0
2868,0.16753315030083532,0.0,0.0
2869,0.16759156492785793,0.0,0.0
2870,0.16764997955488053,0.0,0.0
2871,0.16770839418190314,0.0,0.0
2872,0.16776680880892575,0.0,0.0
2873,0.16782522343594836,0.0,0.0
2874,0.16788363806297096,0.0,0.0
2875,0.16794205268999357,0.0,0.0
2876,0.16800046731701618,0.0,0.0
2877,0.16805888194403878,0.0,0.0
2878,0.1681172965710614,0.0,0.0
2879,0.168175711198084,0.0,0.0
2880,0.1682341258251066,0.0,0.0
2881,0.1682925404521292,0.0,0.0
2882,0.16835095507915182,0.0,0.0
2883,0.16840936970617443,0.0,0.0
2884,0.16846778433319703,0.0,0.0
2885,0.16852619896021964,0.0,0.0
2886,0.16858461358724225,0.0,0.0
2887,0.16864302821426486,0.0,0.0
2888,0.16870144284128746,0.0,0.0
2889,0.16875985746831007,0.0,0.0
2890,0.16881827209533268,0.0,0.0
2891,0.16887668672235528,0.0,0.0
2892,0.1689351013493779,0.0,0.0
2893,0.1689935159764005,0.0,0.0
2894,0.1690519306034231,0.0,0.0
2895,0.1691103452304457,0.0,0.0
2896,0.16916875985746832,0.0,0.0
2897,0.16922717448449093,0.0,0.0
2898,0.16928558911151353,0.0,0.0
2899,0.16934400373853614,0.0,0.0
2900,0.16940241836555875,0.0,0.0
2901,0.16946083299258136,0.0,0.0
2902,0.16951924761960394,0.0,0.0
2903,0.16957766224662654,0.0,0.0
2904,0.16963607687364915,0.0,0.0
2905,0.16969449150067176,0.0,0.0
2906,0.16975290612769436,0.0,0.0
2907,0.16981132075471697,0.0,0.0
2908,0.16986973538173958,0.0,0.0
2909,0.16992815000876219,0.0,0.0
2910,0.1699865646357848,0.0,0.0
2911,0.1700449792628074,0.0,0.0
2912,0.17010339388983,0.0,0.0
2913,0.17016180851685261,0.0,0.0
2914,0.17022022314387522,0.0,0.0
2915,0.17027863777089783,0.0,0.0
2916,0.17033705239792044,0.0,0.0
2917,0.17039546702494304,0.0,0.0
2918,0.17045388165196565,0.0,0.0
2919,0.17051229627898826,0.0,0.0
2920,0.17057071090601086,0.0,0.0
2921,0.17062912553303347,0.0,0.0
2922,0.17068754016005608,0.0,0.0
2923,0.17074595478707869,0.0,0.0
2924,0.1708043694141013,0.0,0.0
2925,0.1708627840411239,0.0,0.0
2926,0.1709211986681465,0.0,0.0
2927,0.17097961329516911,0.0,0.0
2928,0.17103802792219172,0.0,0.0
2929,0.17109644254921433,0.0,0.0
2930,0.17115485717623694,0.0,0.0
2931,0.17121327180325954,0.0,0.0
2932,0.17127168643028215,0.0,0.0
2933,0.17133010105730476,0.0,0.0
2934,0.17138851568432736,0.0,0.0
2935,0.17144693031134997,0.0,0.0
2936,0.17150534493837258,0.0,0.0
2937,0.17156375956539519,0.0,0.0
2938,0.1716221741924178,0.0,0.0
2939,0.1716805888194404,0.0,0.0
2940,0.171739003446463,0.0,0.0
2941,0.1717974180734856,0.0,0.0
2942,0.17185583270050822,0.0,0.0
2943,0.1719142473275308,0.0,0.0
2944,0.1719726619545534,0.0,0.0
2945,0.17203107658157601,0.0,0.0
2946,0.17208949120859862,0.0,0.0
2947,0.17214790583562123,0.0,0.0
2948,0.17220632046264384,0.0,0.0
2949,0.17226473508966644,0.0,0.0
2950,0.17232314971668905,0.0,0.0
2951,0.17238156434371166,0.0,0.0
2952,0.17243997897073426,0.0,0.0
2953,0.17249839359775687,0.0,0.0
2954,0.17255680822477948,0.0,0.0
2955,0.17261522285180209,0.0,0.0
2956,0.1726736374788247,0.0,0.0
2957,0.1727320521058473,0.0,0.0
2958,0.1727904667328699,0.0,0.0
2959,0.17284888135989251,0.0,0.0
2960,0.17290729598691512,0.0,0.0
2961,0.17296571061393773,0.0,0.0
2962,0.17302412524096034,0.0,0.0
2963,0.17308253986798294,0.0,0.0
2964,0.17314095449500555,0.0,0.0
2965,0.17319936912202816,0.0,0.0
2966,0.17325778374905076,0.0,0.0
2967,0.17331619837607337,0.0,0.0
2968,0.17337461300309598,0.0,0.0
2969,0.17343302763011859,0.0,0.0
2970,0.1734914422571412,0.0,0.0
2971,0.1735498568841638,0.0,0.0
2972,0.1736082715111864,0.0,0.0
2973,0.17366668613820901,0.0,0.0
2974,0.17372510076523162,0.0,0.0
2975,0.17378351539225423,0.0,0.0
2976,0.17384193001927684,0.0,0.0
2977,0.17390034464629944,0.0,0.0
2978,0.17395875927332205,0.0,0.0
2979,0.17401717390034466,0.0,0.0
2980,0.17407558852736726,0.0,0.0
2981,0.17413400315438987,0.0,0.0
2982,0.17419241778141248,0.0,0.0
2983,0.17425083240843509,0.0,0.0
2984,0.17430924703545767,0.0,0.0
2985,0.17436766166248027,0.0,0.0
2986,0.17442607628950288,0.0,0.0
2987,0.1744844909165255,0.0,0.0
2988,0.1745429055435481,0.0,0.0
2989,0.1746013201705707,0.0,0.0
2990,0.1746597347975933,0.0,0.0
2991,0.17471814942461592,0.0,0.0
2992,0.17477656405163852,0.0,0.0
2993,0.17483497867866113,0.0,0.0
2994,0.17489339330568374,0.0,0.0
2995,0.17495180793270634,0.0,0.0
2996,0.17501022255972895,0.0,0.0
2997,0.17506863718675156,0.0,0.0
2998,0.17512705181377416,0.0,0.0
2999,0.17518546644079677,0.0,0.0
3000,0.17524388106781938,0.0,0.0
3001,0.175302295694842,0.0,0.0
3002,0.1753607103218646,0.0,0.0
3003,0.1754191249488872,0.0,0.0
3004,0.1754775395759098,0.0,0.0
3005,0.17553595420293241,0.0,0.0
3006,0.17559436882995502,0.0,0.0
3007,0.17565278345697763,0.0,0.0
3008,0.17571119808400024,0.0,0.0
3009,0.17576961271102284,0.0,0.0
3010,0.17582802733804545,0.0,0.0
3011,0.17588644196506806,0.0,0.0
3012,0.17594485659209066,0.0,0.0
3013,0.17600327121911327,0.0,0.0
3014,0.17606168584613588,0.0,0.0
3015,0.1761201004731585,0.0,0.0
3016,0.1761785151001811,0.0,0.0
3017,0.1762369297272037,0.0,0.0
3018,0.1762953443542263,0.0,0.0
3019,0.17635375898124891,0.0,0.0
3020,0.17641217360827152,0.0,0.0
3021,0.17647058823529413,0.0,0.0
3022,0.17652900286231674,0.0,0.0
3023,0.17658741748933934,0.0,0.0
3024,0.17664583211636195,0.0,0.0
3025,0.17670424674338453,0.0,0.0
3026,0.17676266137040714,0.0,0.0
3027,0.17682107599742974,0.0,0.0
3028,0.17687949062445235,0.0,0.0
3029,0.17693790525147496,0.0,0.0
3030,0.17699631987849757,0.0,0.0
3031,0.17705473450552017,0.0,0.0
3032,0.17711314913254278,0.0,0.0
3033,0.1771715637595654,0.0,0.0
3034,0.177229978386588,0.0,0.0
3035,0.1772883930136106,0.0,0.0
3036,0.1773468076406332,0.0,0.0
3037,0.17740522226765582,0.0,0.0
3038,0.17746363689467842,0.0,0.0
3039,0.17752205152170103,0.0,0.0
3040,0.17758046614872364,0.0,0.0
3041,0.17763888077574624,0.0,0.0
3042,0.17769729540276885,0.0,0.0
3043,0.17775571002979146,0.0,0.0
3044,0.17781412465681407,0.0,0.0
3045,0.17787253928383667,0.0,0.0
3046,0.17793095391085928,0.0,0.0
3047,0.1779893685378819,0.0,0.0
3048,0.1780477831649045,0.0,0.0
3049,0.1781061977919271,0.0,0.0
3050,0.1781646124189497,0.0,0.0
3051,0.17822302704597232,0.0,0.0
3052,0.17828144167299492,0.0,0.0
3053,0.17833985630001753,0.0,0.0
3054,0.17839827092704014,0.0,0.0
3055,0.17845668555406274,0.0,0.0
3056,0.17851510018108535,0.0,0.0
3057,0.17857351480810796,0.0,0.0
3058,0.17863192943513057,0.0,0.0
3059,0.17869034406215317,0.0,0.0
3060,0.17874875868917578,0.0,0.0
3061,0.1788071733161984,0.0,0.0
3062,0.178865587943221,0.0,0.0
3063,0.1789240025702436,0.0,0.0
3064,0.1789824171972662,0.0,0.0
3065,0.17904083182428882,0.0,0.0
3066,0.1790992464513114,0.0,0.0
3067,0.179157661078334,0.0,0.0
3068,0.1792160757053566,0.0,0.0
3069,0.17927449033237922,0.0,0.0
3070,0.17933290495940182,0.0,0.0
3071,0.17939131958642443,0.0,0.0
3072,0.17944973421344704,0.0,0.0
3073,0.17950814884046964,0.0,0.0
3074,0.17956656346749225,0.0,0.0
3075,0.17962497809451486,0.0,0.0
3076,0.17968339272153747,0.0,0.0
3077,0.17974180734856007,0.0,0.0
3078,0.17980022197558268,0.0,0.0
3079,0.1798586366026053,0.0,0.0
3080,0.1799170512296279,0.0,0.0
3081,0.1799754658566505,0.0,0.0
3082,0.1800338804836731,0.0,0.0
3083,0.18009229511069572,0.0,0.0
3084,0.18015070973771832,0.0,0.0
3085,0.18020912436474093,0.0,0.0
3086,0.18026753899176354,0.0,0.0
3087,0.18032595361878614,0.0,0.0
3088,0.18038436824580875,0.0,0.0
3089,0.18044278287283136,0.0,0.0
3090,0.18050119749985397,0.0,0.0
3091,0.18055961212687657,0.0,0.0
3092,0.18061802675389918,0.0,0.0
3093,0.1806764413809218,0.0,0.0
3094,0.1807348560079444,0.0,0.0
3095,0.180793270634967,0.0,0.0
3096,0.1808516852619896,0.0,0.0
3097,0.18091009988901222,0.0,0.0
3098,0.18096851451603482,0.0,0.0
3099,0.18102692914305743,0.0,0.0
3100,0.18108534377008004,0.0,0.0
3101,0.18114375839710264,0.0,0.0
3102,0.18120217302412525,0.0,0.0
3103,0.18126058765114786,0.0,0.0
3104,0.18131900227817047,0.0,0.0
3105,0.18137741690519307,0.0,0.0
3106,0.18143583153221568,0.0,0.0
3107,0.18149424615923826,0.0,0.0
3108,0.18155266078626087,0.0,0.0
3109,0.18161107541328347,0.0,0.0
3110,0.18166949004030608,0.0,0.0
3111,0.1817279046673287,0.0,0.0
3112,0.1817863192943513,0.0,0.0
3113,0.1818447339213739,0.0,0.0
3114,0.1819031485483965,0.0,0.0
3115,0.18196156317541912,0.0,0.0
3116,0.18201997780244172,0.0,0.0
3117,0.18207839242946433,0.0,0.0
3118,0.18213680705648694,0.0,0.0
3119,0.18219522168350955,0.0,0.0
3120,0.18225363631053215,0.0,0.0
3121,0.18231205093755476,0.0,0.0
3122,0.18237046556457737,0.0,0.0
3123,0.18242888019159997,0.0,0.0
3124,0.18248729481862258,0.0,0.0
3125,0.1825457094456452,0.0,0.0
3126,0.1826041240726678,0.0,0.0
3127,0.1826625386996904,0.0,0.0
3128,0.182720953326713,0.0,0.0
3129,0.18277936795373562,0.0,0.0
3130,0.18283778258075822,0.0,0.0
3131,0.18289619720778083,0.0,0.0
3132,0.18295461183480344,0.0,0.0
3133,0.18301302646182604,0.0,0.0
3134,0.18307144108884865,0.0,0.0
3135,0.18312985571587126,0.0,0.0
3136,0.18318827034289387,0.0,0.0
3137,0.18324668496991647,0.0,0.0
3138,0.18330509959693908,0.0,0.0
3139,0.1833635142239617,0.0,0.0
3140,0.1834219288509843,0.0,0.0
3141,0.1834803434780069,0.0,0.0
3142,0.1835387581050295,0.0,0.0
3143,0.18359717273205212,0.0,0.0
3144,0.18365558735907472,0.0,0.0
3145,0.18371400198609733,0.0,0.0
3146,0.18377241661311994,0.0,0.0
3147,0.18383083124014254,0.0,0.0
3148,0.18388924586716515,0.0,0.0
3149,0.18394766049418773,0.0,0.0
3150,0.18400607512121034,0.0,0.0
3151,0.18406448974823295,0.0,0.0
3152,0.18412290437525555,0.0,0.0
3153,0.18418131900227816,0.0,0.0
3154,0.18423973362930077,0.0,0.0
3155,0.18429814825632337,0.0,0.0
3156,0.18435656288334598,0.0,0.0
3157,0.1844149775103686,0.0,0.0
3158,0.1844733921373912,0.0,0.0
3159,0.1845318067644138,0.0,0.0
3160,0.1845902213914364,0.0,0.0
3161,0.18464863601845902,0.0,0.0
3162,0.18470705064548162,0.0,0.0
3163,0.18476546527250423,0.0,0.0
3164,0.18482387989952684,0.0,0.0
3165,0.18488229452654945,0.0,0.0
3166,0.18494070915357205,0.0,0.0
3167,0.18499912378059466,0.0,0.0
3168,0.18505753840761727,0.0,0.0
3169,0.18511595303463987,0.0,0.0
3170,0.18517436766166248,0.0,0.0
3171,0.1852327822886851,0.0,0.0
3172,0.1852911969157077,0.0,0.0
3173,0.1853496115427303,0.0,0.0
3174,0.1854080261697529,0.0,0.0
3175,0.18546644079677552,0.0,0.0
3176,0.18552485542379812,0.0,0.0
3177,0.18558327005082073,0.0,0.0
3178,0.18564168467784334,0.0,0.0
3179,0.18570009930486595,0.0,0.0
3180,0.18575851393188855,0.0,0.0
3181,0.18581692855891116,0.0,0.0
3182,0.18587534318593377,0.0,0.0
3183,0.18593375781295637,0.0,0.0
3184,0.18599217243997898,0.0,0.0
3185,0.1860505870670016,0.0,0.0
3186,0.1861090016940242,0.0,0.0
3187,0.1861674163210468,0.0,0.0
3188,0.1862258309480694,0.0,0.0
3189,0.18628424557509202,0.0,0.0
3190,0.1863426602021146,0.0,0.0
3191,0.1864010748291372,0.0,0.0
3192,0.1864594894561598,0.0,0.0
3193,0.18651790408318242,0.0,0.0
3194,0.18657631871020502,0.0,0.0
3195,0.18663473333722763,0.0,0.0
3196,0.18669314796425024,0.0,0.0
3197,0.18675156259127285,0.0,0.0
3198,0.18680997721829545,0.0,0.0
3199,0.18686839184531806,0.0,0.0
3200,0.18692680647234067,0.0,0.0
3201,0.18698522109936327,0.0,0.0
3202,0.18704363572638588,0.0,0.0
3203,0.1871020503534085,0.0,0.0
3204,0.1871604649804311,0.0,0.0
3205,0.1872188796074537,0.0,0.0
3206,0.1872772942344763,0.0,0.0
3207,0.18733570886149892,0.0,0.0
3208,0.18739412348852152,0.0,0.0
3209,0.18745253811554413,0.0,0.0
3210,0.18751095274256674,0.0,0.0
3211,0.18756936736958935,0.0,0.0
3212,0.18762778199661195,0.0,0.0
3213,0.18768619662363456,0.0,0.0
3214,0.18774461125065717,0.0,0.0
3215,0.18780302587767977,0.0,0.0
3216,0.18786144050470238,0.0,0.0
3217,0.187919855131725,0.0,0.0
3218,0.1879782697587476,0.0,0.0
3219,0.1880366843857702,0.0,0.0
3220,0.1880950990127928,0.0,0.0
3221,0.18815351363981542,0.0,0.0
3222,0.18821192826683802,0.0,0.0
3223,0.18827034289386063,0.0,0.0
3224,0.18832875752088324,0.0,0.0
3225,0.18838717214790585,0.0,0.0
3226,0.18844558677492845,0.0,0.0
3227,0.18850400140195106,0.0,0.0
3228,0.18856241602897367,0.0,0.0
3229,0.18862083065599627,0.0,0.0
3230,0.18867924528301888,0.0,0.0
3231,0.18873765991004146,0.0,0.0
3232,0.18879607453706407,0.0,0.0
3233,0.18885448916408668,0.0,0.0
3234,0.18891290379110928,0.0,0.0
3235,0.1889713184181319,0.0,0.0
3236,0.1890297330451545,0.0,0.0
3237,0.1890881476721771,0.0,0.0
3238,0.1891465622991997,0.0,0.0
3239,0.18920497692622232,0.0,0.0
3240,0.18926339155324493,0.0,0.0
3241,0.18932180618026753,0.0,0.0
3242,0.18938022080729014,0.0,0.0
3243,0.18943863543431275,0.0,0.0
3244,0.18949705006133535,0.0,0.0
3245,0.18955546468835796,0.0,0.0
3246,0.18961387931538057,0.0,0.0
3247,0.18967229394240318,0.0,0.0
3248,0.18973070856942578,0.0,0.0
3249,0.1897891231964484,0.0,0.0
3250,0.189847537823471,0.0,0.0
3251,0.1899059524504936,0.0,0.0
3252,0.1899643670775162,0.0,0.0
3253,0.19002278170453882,0.0,0.0
3254,0.19008119633156143,0.0,0.0
3255,0.19013961095858403,0.0,0.0
3256,0.19019802558560664,0.0,0.0
3257,0.19025644021262925,0.0,0.0
3258,0.19031485483965185,0.0,0.0
3259,0.19037326946667446,0.0,0.0
3260,0.19043168409369707,0.0,0.0
3261,0.19049009872071967,0.0,0.0
3262,0.19054851334774228,0.0,0.0
3263,0.1906069279747649,0.0,0.0
3264,0.1906653426017875,0.0,0.0
3265,0.1907237572288101,0.0,0.0
3266,0.1907821718558327,0.0,0.0
3267,0.19084058648285532,0.0,0.0
3268,0.19089900110987792,0.0,0.0
3269,0.19095741573690053,0.0,0.0
3270,0.19101583036392314,0.0,0.0
3271,0.19107424499094575,0.0,0.0
3272,0.19113265961796833,0.0,0.0
3273,0.19119107424499093,0.0,0.0
3274,0.19124948887201354,0.0,0.0
3275,0.19130790349903615,0.0,0.0
3276,0.19136631812605875,0.0,0.0
3277,0.19142473275308136,0.0,0.0
3278,0.19148314738010397,0.0,0.0
3279,0.19154156200712658,0.0,0.0
3280,0.19159997663414918,0.0,0.0
3281,0.1916583912611718,0.0,0.0
3282,0.1917168058881944,0.0,0.0
3283,0.191775220515217,0.0,0.0
3284,0.1918336351422396,0.0,0.0
3285,0.19189204976926222,0.0,0.0
3286,0.19195046439628483,0.0,0.0
3287,0.19200887902330743,0.0,0.0
3288,0.19206729365033004,0.0,0.0
3289,0.19212570827735265,0.0,0.0
3290,0.19218412290437525,0.0,0.0
3291,0.19224253753139786,0.0,0.0
3292,0.19230095215842047,0.0,0.0
3293,0.19235936678544308,0.0,0.0
3294,0.19241778141246568,0.0,0.0
3295,0.1924761960394883,0.0,0.0
3296,0.1925346106665109,0.0,0.0
3297,0.1925930252935335,0.0,0.0
3298,0.1926514399205561,0.0,0.0
3299,0.19270985454757872,0.0,0.0
3300,0.19276826917460133,0.0,0.0
3301,0.19282668380162393,0.0,0.0
3302,0.19288509842864654,0.0,0.0
3303,0.19294351305566915,0.0,0.0
3304,0.19300192768269175,0.0,0.0
3305,0.19306034230971436,0.0,0.0
3306,0.19311875693673697,0.0,0.0
3307,0.19317717156375958,0.0,0.0
3308,0.19323558619078218,0.0,0.0
3309,0.1932940008178048,0.0,0.0
3310,0.1933524154448274,0.0,0.0
3311,0.19341083007185,0.0,0.0
3312,0.1934692446988726,0.0,0.0
3313,0.1935276593258952,0.0,0.0
3314,0.1935860739529178,0.0,0.0
3315,0.1936444885799404,0.0,0.0
3316,0.193702903206963,0.0,0.0
3317,0.19376131783398562,0.0,0.0
3318,0.19381973246100823,0.0,0.0
3319,0.19387814708803083,0.0,0.0
3320,0.19393656171505344,0.0,0.0
3321,0.19399497634207605,0.0,0.0
3322,0.19405339096909865,0.0,0.0
3323,0.19411180559612126,0.0,0.0
3324,0.19417022022314387,0.0,0.0
3325,0.19422863485016648,0.0,0.0
3326,0.19428704947718908,0.0,0.0
3327,0.1943454641042117,0.0,0.0
3328,0.1944038787312343,0.0,0.0
3329,0.1944622933582569,0.0,0.0
3330,0.1945207079852795,0.0,0.0
3331,0.19457912261230212,0.0,0.0
3332,0.19463753723932473,0.0,0.0
3333,0.19469595186634733,0.0,0.0
3334,0.19475436649336994,0.0,0.0
3335,0.19481278112039255,0.0,0.0
3336,0.19487119574741515,0.0,0.0
3337,0.19492961037443776,0.0,0.0
3338,0.19498802500146037,0.0,0.0
3339,0.19504643962848298,0.0,0.0
3340,0.19510485425550558,0.0,0.0
3341,0.1951632688825282,0.0,0.0
3342,0.1952216835095508,0.0,0.0
3343,0.1952800981365734,0.0,0.0
3344,0.195338512763596,0.0,0.0
3345,0.19539692739061862,0.0,0.0
3346,0.19545534201764123,0.0,0.0
3347,0.19551375664466383,0.0,0.0
3348,0.19557217127168644,0.0,0.0
3349,0.19563058589870905,0.0,0.0
3350,0.19568900052573165,0.0,0.0
3351,0.19574741515275426,0.0,0.0
3352,0.19580582977977687,0.0,0.0
3353,0.19586424440679948,0.0,0.0
3354,0.19592265903382206,0.0,0.0
3355,0.19598107366084466,0.0,0.0
3356,0.19603948828786727,0.0,0.0
3357,0.19609790291488988,0.0,0.0
3358,0.19615631754191248,0.0,0.0
3359,0.1962147321689351,0.0,0.0
3360,0.1962731467959577,0.0,0.0
3361,0.1963315614229803,0.0,0.0
3362,0.1963899760500029,0.0,0.0
3363,0.19644839067702552,0.0,0.0
3364,0.19650680530404813,0.0,0.0
3365,0.19656521993107073,0.0,0.0
3366,0.19662363455809334,0.0,0.0
3367,0.19668204918511595,0.0,0.0
3368,0.19674046381213856,0.0,0.0
3369,0.19679887843916116,0.0,0.0
3370,0.19685729306618377,0.0,0.0
3371,0.19691570769320638,0.0,0.0
3372,0.19697412232022898,0.0,0.0
3373,0.1970325369472516,0.0,0.0
3374,0.1970909515742742,0.0,0.0
3375,0.1971493662012968,0.0,0.0
3376,0.1972077808283194,0.0,0.0
3377,0.19726619545534202,0.0,0.0
3378,0.19732461008236463,0.0,0.0
3379,0.19738302470938723,0.0,0.0
3380,0.19744143933640984,0.0,0.0
3381,0.19749985396343245,0.0,0.0
3382,0.19755826859045506,0.0,0.0
3383,0.19761668321747766,0.0,0.0
3384,0.19767509784450027,0.0,0.0
3385,0.19773351247152288,0.0,0.0
3386,0.19779192709854548,0.0,0.0
3387,0.1978503417255681,0.0,0.0
3388,0.1979087563525907,0.0,0.0
3389,0.1979671709796133,0.0,0.0
3390,0.1980255856066359,0.0,0.0
3391,0.19808400023365852,0.0,0.0
3392,0.19814241486068113,0.0,0.0
3393,0.19820082948770373,0.0,0.0
3394,0.19825924411472634,0.0,0.0
3395,0.19831765874174892,0.0,0.0
3396,0.19837607336877153,0.0,0.0
3397,0.19843448799579413,0.0,0.0
3398,0.19849290262281674,0.0,0.0
3399,0.19855131724983935,0.0,0.0
3400,0.19860973187686196,0.0,0.0
3401,0.19866814650388456,0.0,0.0
3402,0.19872656113090717,0.0,0.0
3403,0.19878497575792978,0.0,0.0
3404,0.19884339038495238,0.0,0.0
3405,0.198901805011975,0.0,0.0
3406,0.1989602196389976,0.0,0.0
3407,0.1990186342660202,0.0,0.0
3408,0.1990770488930428,0.0,0.0
3409,0.19913546352006542,0.0,0.0
3410,0.19919387814708803,0.0,0.0
3411,0.19925229277411063,0.0,0.0
3412,0.19931070740113324,0.0,0.0
3413,0.19936912202815585,0.0,0.0
3414,0.19942753665517846,0.0,0.0
3415,0.19948595128220106,0.0,0.0
3416,0.19954436590922367,0.0,0.0
3417,0.19960278053624628,0.0,0.0
3418,0.19966119516326888,0.0,0.0
3419,0.1997196097902915,0.0,0.0
3420,0.1997780244173141,0.0,0.0
3421,0.1998364390443367,0.0,0.0
3422,0.1998948536713593,0.0,0.0
3423,0.19995326829838192,0.0,0.0
3424,0.20001168292540453,0.0,0.0
3425,0.20007009755242713,0.0,0.0
3426,0.20012851217944974,0.0,0.0
3427,0.20018692680647235,0.0,0.0
3428,0.20024534143349496,0.0,0.0
3429,0.20030375606051756,0.0,0.0
3430,0.20036217068754017,0.0,0.0
3431,0.20042058531456278,0.0,0.0
3432,0.20047899994158538,0.0,0.0
3433,0.200537414568608,0.0,0.0
3434,0.2005958291956306,0.0,0.0
3435,0.2006542438226532,0.0,0.0
3436,0.2007126584496758,0.0,0.0
3437,0.2007710730766984,0.0,0.0
3438,0.200829487703721,0.0,0.0
3439,0.2008879023307436,0.0,0.0
3440,0.2009463169577662,0.0,0.0
3441,0.20100473158478882,0.0,0.0
3442,0.20106314621181143,0.0,0.0
3443,0.20112156083883403,0.0,0.0
3444,0.20117997546585664,0.0,0.0
3445,0.20123839009287925,0.0,0.0
3446,0.20129680471990186,0.0,0.0
3447,0.20135521934692446,0.0,0.0
3448,0.20141363397394707,0.0,0.0
3449,0.20147204860096968,0.0,0.0
3450,0.20153046322799228,0.0,0.0
3451,0.2015888778550149,0.0,0.0
3452,0.2016472924820375,0.0,0.0
3453,0.2017057071090601,0.0,0.0
3454,0.2017641217360827,0.0,0.0
3455,0.20182253636310532,0.0,0.0
3456,0.20188095099012793,0.0,0.0
3457,0.20193936561715053,0.0,0.0
3458,0.20199778024417314,0.0,0.0
3459,0.20205619487119575,0.0,0.0
3460,0.20211460949821836,0.0,0.0
3461,0.20217302412524096,0.0,0.0
3462,0.20223143875226357,0.0,0.0
3463,0.20228985337928618,0.0,0.0
3464,0.20234826800630878,0.0,0.0
3465,0.2024066826333314,0.0,0.0
3466,0.202465097260354,0.0,0.0
3467,0.2025235118873766,0.0,0.0
3468,0.2025819265143992,0.0,0.0
3469,0.20264034114142182,0.0,0.0
3470,0.20269875576844443,0.0,0.0
3471,0.20275717039546703,0.0,0.0
3472,0.20281558502248964,0.0,0.0
3473,0.20287399964951225,0.0,0.0
3474,0.20293241427653486,0.0,0.0
3475,0.20299082890355746,0.0,0.0
3476,0.20304924353058007,0.0,0.0
3477,0.20310765815760268,0.0,0.0
3478,0.20316607278462526,0.0,0.0
3479,0.20322448741164786,0.0,0.0
3480,0.20328290203867047,0.0,0.0
3481,0.20334131666569308,0.0,0.0
3482,0.20339973129271569,0.0,0.0
3483,0.2034581459197383,0.0,0.0
3484,0.2035165605467609,0.0,0.0
3485,0.2035749751737835,0.0,0.0
3486,0.2036333898008061,0.0,0.0
3487,0.20369180442782872,0.0,0.0
3488,0.20375021905485133,0.0,0.0
3489,0.20380863368187394,0.0,0.0
3490,0.20386704830889654,0.0,0.0
3491,0.20392546293591915,0.0,0.0
3492,0.20398387756294176,0.0,0.0
3493,0.20404229218996436,0.0,0.0
3494,0.20410070681698697,0.0,0.0
3495,0.20415912144400958,0.0,0.0
3496,0.20421753607103219,0.0,0.0
3497,0.2042759506980548,0.0,0.0
3498,0.2043343653250774,0.0,0.0
3499,0.2043927799521,0.0,0.0
3500,0.2044511945791226,0.0,0.0
3501,0.20450960920614522,0.0,0.0
3502,0.20456802383316783,0.0,0.0
3503,0.20462643846019044,0.0,0.0
3504,0.20468485308721304,0.0,0.0
3505,0.20474326771423565,0.0,0.0
3506,0.20480168234125826,0.0,0.0
3507,0.20486009696828086,0.0,0.0
3508,0.20491851159530347,0.0,0.0
3509,0.20497692622232608,0.0,0.0
3510,0.20503534084934869,0.0,0.0
3511,0.2050937554763713,0.0,0.0
3512,0.2051521701033939,0.0,0.0
3513,0.2052105847304165,0.0,0.0
3514,0.2052689993574391,0.0,0.0
3515,0.20532741398446172,0.0,0.0
3516,0.20538582861148433,0.0,0.0
3517,0.20544424323850694,0.0,0.0
3518,0.20550265786552954,0.0,0.0
3519,0.20556107249255212,0.0,0.0
3520,0.20561948711957473,0.0,0.0
3521,0.20567790174659734,0.0,0.0
3522,0.20573631637361994,0.0,0.0
3523,0.20579473100064255,0.0,0.0
3524,0.20585314562766516,0.0,0.0
3525,0.20591156025468776,0.0,0.0
3526,0.20596997488171037,0.0,0.0
3527,0.20602838950873298,0.0,0.0
3528,0.20608680413575559,0.0,0.0
3529,0.2061452187627782,0.0,0.0
3530,0.2062036333898008,0.0,0.0
3531,0.2062620480168234,0.0,0.0
3532,0.20632046264384601,0.0,0.0
3533,0.20637887727086862,0.0,0.0
3534,0.20643729189789123,0.0,0.0
3535,0.20649570652491384,0.0,0.0
3536,0.20655412115193644,0.0,0.0
3537,0.20661253577895905,0.0,0.0
3538,0.20667095040598166,0.0,0.0
3539,0.20672936503300426,0.0,0.0
3540,0.20678777966002687,0.0,0.0
3541,0.20684619428704948,0.0,0.0
3542,0.20690460891407209,0.0,0.0
3543,0.2069630235410947,0.0,0.0
3544,0.2070214381681173,0.0,0.0
3545,0.2070798527951399,0.0,0.0
3546,0.20713826742216251,0.0,0.0
3547,0.20719668204918512,0.0,0.0
3548,0.20725509667620773,0.0,0.0
3549,0.20731351130323034,0.0,0.0
3550,0.20737192593025294,0.0,0.0
3551,0.20743034055727555,0.0,0.0
3552,0.20748875518429816,0.0,0.0
3553,0.20754716981132076,0.0,0.0
3554,0.20760558443834337,0.0,0.0
3555,0.20766399906536598,0.0,0.0
3556,0.20772241369238859,0.0,0.0
3557,0.2077808283194112,0.0,0.0
3558,0.2078392429464338,0.0,0.0
3559,0.2078976575734564,0.0,0.0
3560,0.207956072200479,0.0,0.0
3561,0.2080144868275016,0.0,0.0
3562,0.2080729014545242,0.0,0.0
3563,0.2081313160815468,0.0,0.0
3564,0.20818973070856941,0.0,0.0
3565,0.20824814533559202,0.0,0.0
3566,0.20830655996261463,0.0,0.0
3567,0.20836497458963724,0.0,0.0
3568,0.20842338921665984,0.0,0.0
3569,0.20848180384368245,0.0,0.0
3570,0.20854021847070506,0.0,0.0
3571,0.20859863309772766,0.0,0.0
3572,0.20865704772475027,0.0,0.0
3573,0.20871546235177288,0.0,0.0
3574,0.2087738769787955,0.0,0.0
3575,0.2088322916058181,0.0,0.0
3576,0.2088907062328407,0.0,0.0
3577,0.2089491208598633,0.0,0.0
3578,0.20900753548688591,0.0,0.0
3579,0.20906595011390852,0.0,0.0
3580,0.20912436474093113,0.0,0.0
3581,0.20918277936795374,0.0,0.0
3582,0.20924119399497634,0.0,0.0
3583,0.20929960862199895,0.0,0.0
3584,0.20935802324902156,0.0,0.0
3585,0.20941643787604416,0.0,0.0
3586,0.20947485250306677,0.0,0.0
3587,0.20953326713008938,0.0,0.0
3588,0.20959168175711199,0.0,0.0
3589,0.2096500963841346,0.0,0.0
3590,0.2097085110111572,0.0,0.0
3591,0.2097669256381798,0.0,0.0
3592,0.20982534026520241,0.0,0.0
3593,0.20988375489222502,0.0,0.0
3594,0.20994216951924763,0.0,0.0
3595,0.21000058414627024,0.0,0.0
3596,0.21005899877329284,0.0,0.0
3597,0.21011741340031545,0.0,0.0
3598,0.21017582802733806,0.0,0.0
3599,0.21023424265436066,0.0,0.0
3600,0.21029265728138327,0.0,0.0
3601,0.21035107190840585,0.0,0.0
3602,0.21040948653542846,0.0,0.0
3603,0.21046790116245107,0.0,0.0
3604,0.21052631578947367,0.0,0.0
3605,0.21058473041649628,0.0,0.0
3606,0.2106431450435189,0.0,0.0
3607,0.2107015596705415,0.0,0.0
3608,0.2107599742975641,0.0,0.0
3609,0.2108183889245867,0.0,0.0
3610,0.21087680355160932,0.0,0.0
3611,0.21093521817863192,0.0,0.0
3612,0.21099363280565453,0.0,0.0
3613,0.21105204743267714,0.0,0.0
3614,0.21111046205969974,0.0,0.0
3615,0.21116887668672235,0.0,0.0
3616,0.21122729131374496,0.0,0.0
3617,0.21128570594076757,0.0,0.0
3618,0.21134412056779017,0.0,0.0
3619,0.21140253519481278,0.0,0.0
3620,0.2114609498218354,0.0,0.0
3621,0.211519364448858,0.0,0.0
3622,0.2115777790758806,0.0,0.0
3623,0.2116361937029032,0.0,0.0
3624,0.21169460832992582,0.0,0.0
3625,0.21175302295694842,0.0,0.0
3626,0.21181143758397103,0.0,0.0
3627,0.21186985221099364,0.0,0.0
3628,0.21192826683801624,0.0,0.0
3629,0.21198668146503885,0.0,0.0
3630,0.21204509609206146,0.0,0.0
3631,0.21210351071908407,0.0,0.0
3632,0.21216192534610667,0.0,0.0
3633,0.21222033997312928,0.0,0.0
3634,0.2122787546001519,0.0,0.0
3635,0.2123371692271745,0.0,0.0
3636,0.2123955838541971,0.0,0.0
3637,0.2124539984812197,0.0,0.0
3638,0.21251241310824232,0.0,0.0
3639,0.21257082773526492,0.0,0.0
3640,0.21262924236228753,0.0,0.0
3641,0.21268765698931014,0.0,0.0
3642,0.21274607161633272,0.0,0.0
3643,0.21280448624335532,0.0,0.0
3644,0.21286290087037793,0.0,0.0
3645,0.21292131549740054,0.0,0.0
3646,0.21297973012442314,0.0,0.0
3647,0.21303814475144575,0.0,0.0
3648,0.21309655937846836,0.0,0.0
3649,0.21315497400549097,0.0,0.0
3650,0.21321338863251357,0.0,0.0
3651,0.21327180325953618,0.0,0.0
3652,0.2133302178865588,0.0,0.0
3653,0.2133886325135814,0.0,0.0
3654,0.213447047140604,0.0,0.0
3655,0.2135054617676266,0.0,0.0
3656,0.21356387639464922,0.0,0.0
3657,0.21362229102167182,0.0,0.0
3658,0.21368070564869443,0.0,0.0
3659,0.21373912027571704,0.0,0.0
3660,0.21379753490273964,0.0,0.0
3661,0.21385594952976225,0.0,0.0
3662,0.21391436415678486,0.0,0.0
3663,0.21397277878380747,0.0,0.0
3664,0.21403119341083007,0.0,0.0
3665,0.21408960803785268,0.0,0.0
3666,0.2141480226648753,0.0,0.0
3667,0.2142064372918979,0.0,0.0
3668,0.2142648519189205,0.0,0.0
3669,0.2143232665459431,0.0,0.0
3670,0.21438168117296572,0.0,0.0
3671,0.21444009579998832,0.0,0.0
3672,0.21449851042701093,0.0,0.0
3673,0.21455692505403354,0.0,0.0
3674,0.21461533968105614,0.0,0.0
3675,0.21467375430807875,0.0,0.0
3676,0.21473216893510136,0.0,0.0
3677,0.21479058356212397,0.0,0.0
3678,0.21484899818914657,0.0,0.0
3679,0.21490741281616918,0.0,0.0
3680,0.2149658274431918,0.0,0.0
3681,0.2150242420702144,0.0,0.0
3682,0.215082656697237,0.0,0.0
3683,0.2151410713242596,0.0,0.0
3684,0.2151994859512822,0.0,0.0
3685,0.2152579005783048,0.0,0.0
3686,0.2153163152053274,0.0,0.0
3687,0.21537472983235,0.0,0.0
3688,0.21543314445937262,0.0,0.0
3689,0.21549155908639522,0.0,0.0
3690,0.21554997371341783,0.0,0.0
3691,0.21560838834044044,0.0,0.0
3692,0.21566680296746304,0.0,0.0
3693,0.21572521759448565,0.0,0.0
3694,0.21578363222150826,0.0,0.0
3695,0.21584204684853087,0.0,0.0
3696,0.21590046147555347,0.0,0.0
3697,0.21595887610257608,0.0,0.0
3698,0.2160172907295987,0.0,0.0
3699,0.2160757053566213,0.0,0.0
3700,0.2161341199836439,0.0,0.0
3701,0.2161925346106665,0.0,0.0
3702,0.21625094923768912,0.0,0.0
3703,0.21630936386471172,0.0,0.0
3704,0.21636777849173433,0.0,0.0
3705,0.21642619311875694,0.0,0.0
3706,0.21648460774577954,0.0,0.0
3707,0.21654302237280215,0.0,0.0
3708,0.21660143699982476,0.0,0.0
3709,0.21665985162684737,0.0,0.0
3710,0.21671826625386997,0.0,0.0
3711,0.21677668088089258,0.0,0.0
3712,0.2168350955079152,0.0,0.0
3713,0.2168935101349378,0.0,0.0
3714,0.2169519247619604,0.0,0.0
3715,0.217010339388983,0.0,0.0
3716,0.21706875401600562,0.0,0.0
3717,0.21712716864302822,0.0,0.0
3718,0.21718558327005083,0.0,0.0
3719,0.21724399789707344,0.0,0.0
3720,0.21730241252409604,0.0,0.0
3721,0.21736082715111865,0.0,0.0
3722,0.21741924177814126,0.0,0.0
3723,0.21747765640516387,0.0,0.0
3724,0.21753607103218647,0.0,0.0
3725,0.21759448565920905,0.0,0.0
3726,0.21765290028623166,0.0,0.0
3727,0.21771131491325427,0.0,0.0
3728,0.21776972954027687,0.0,0.0
3729,0.21782814416729948,0.0,0.0
3730,0.2178865587943221,0.0,0.0
3731,0.2179449734213447,0.0,0.0
3732,0.2180033880483673,0.0,0.0
3733,0.2180618026753899,0.0,0.0
3734,0.21812021730241252,0.0,0.0
3735,0.21817863192943512,0.0,0.0
3736,0.21823704655645773,0.0,0.0
3737,0.21829546118348034,0.0,0.0
3738,0.21835387581050295,0.0,0.0
3739,0.21841229043752555,0.0,0.0
3740,0.21847070506454816,0.0,0.0
3741,0.21852911969157077,0.0,0.0
3742,0.21858753431859337,0.0,0.0
3743,0.21864594894561598,0.0,0.0
3744,0.2187043635726386,0.0,0.0
3745,0.2187627781996612,0.0,0.0
3746,0.2188211928266838,0.0,0.0
3747,0.2188796074537064,0.0,0.0
3748,0.21893802208072902,0.0,0.0
3749,0.21899643670775162,0.0,0.0
3750,0.21905485133477423,0.0,0.0
3751,0.21911326596179684,0.0,0.0
3752,0.21917168058881945,0.0,0.0
3753,0.21923009521584205,0.0,0.0
3754,0.21928850984286466,0.0,0.0
3755,0.21934692446988727,0.0,0.0
3756,0.21940533909690987,0.0,0.0
3757,0.21946375372393248,0.0,0.0
3758,0.2195221683509551,0.0,0.0
3759,0.2195805829779777,0.0,0.0
3760,0.2196389976050003,0.0,0.0
3761,0.2196974122320229,0.0,0.0
3762,0.21975582685904552,0.0,0.0
3763,0.21981424148606812,0.0,0.0
3764,0.21987265611309073,0.0,0.0
3765,0.21993107074011334,0.0,0.0
3766,0.21998948536713592,0.0,0.0
3767,0.22004789999415852,0.0,0.0
3768,0.22010631462118113,0.0,0.0
3769,0.22016472924820374,0.0,0.0
3770,0.22022314387522635,0.0,0.0
3771,0.22028155850224895,0.0,0.0
3772,0.22033997312927156,0.0,0.0
3773,0.22039838775629417,0.0,0.0
3774,0.22045680238331677,0.0,0.0
3775,0.22051521701033938,0.0,0.0
3776,0.220573631637362,0.0,0.0
3777,0.2206320462643846,0.0,0.0
3778,0.2206904608914072,0.0,0.0
3779,0.2207488755184298,0.0,0.0
3780,0.22080729014545242,0.0,0.0
3781,0.22086570477247502,0.0,0.0
3782,0.22092411939949763,0.0,0.0
3783,0.22098253402652024,0.0,0.0
3784,0.22104094865354285,0.0,0.0
3785,0.22109936328056545,0.0,0.0
3786,0.22115777790758806,0.0,0.0
3787,0.22121619253461067,0.0,0.0
3788,0.22127460716163327,0.0,0.0
3789,0.22133302178865588,0.0,0.0
3790,0.2213914364156785,0.0,0.0
3791,0.2214498510427011,0.0,0.0
3792,0.2215082656697237,0.0,0.0
3793,0.2215666802967463,0.0,0.0
3794,0.22162509492376892,0.0,0.0
3795,0.22168350955079152,0.0,0.0
3796,0.22174192417781413,0.0,0.0
3797,0.22180033880483674,0.0,0.0
3798,0.22185875343185935,0.0,0.0
3799,0.22191716805888195,0.0,0.0
3800,0.22197558268590456,0.0,0.0
3801,0.22203399731292717,0.0,0.0
3802,0.22209241193994977,0.0,0.0
3803,0.22215082656697238,0.0,0.0
3804,0.222209241193995,0.0,0.0
3805,0.2222676558210176,0.0,0.0
3806,0.2223260704480402,0.0,0.0
3807,0.22238448507506278,0.0,0.0
3808,0.2224428997020854,0.0,0.0
3809,0.222501314329108,0.0,0.0
3810,0.2225597289561306,0.0,0.0
3811,0.2226181435831532,0.0,0.0
3812,0.22267655821017582,0.0,0.0
3813,0.22273497283719842,0.0,0.0
3814,0.22279338746422103,0.0,0.0
3815,0.22285180209124364,0.0,0.0
3816,0.22291021671826625,0.0,0.0
3817,0.22296863134528885,0.0,0.0
3818,0.22302704597231146,0.0,0.0
3819,0.22308546059933407,0.0,0.0
3820,0.22314387522635667,0.0,0.0
3821,0.22320228985337928,0.0,0.0
3822,0.2232607044804019,0.0,0.0
3823,0.2233191191074245,0.0,0.0
3824,0.2233775337344471,0.0,0.0
3825,0.2234359483614697,0.0,0.0
3826,0.22349436298849232,0.0,0.0
3827,0.22355277761551492,0.0,0.0
3828,0.22361119224253753,0.0,0.0
3829,0.22366960686956014,0.0,0.0
3830,0.22372802149658275,0.0,0.0
3831,0.22378643612360535,0.0,0.0
3832,0.22384485075062796,0.0,0.0
3833,0.22390326537765057,0.0,0.0
3834,0.22396168000467317,0.0,0.0
3835,0.22402009463169578,0.0,0.0
3836,0.2240785092587184,0.0,0.0
3837,0.224136923885741,0.0,0.0
3838,0.2241953385127636,0.0,0.0
3839,0.2242537531397862,0.0,0.0
3840,0.22431216776680882,0.0,0.0
3841,0.22437058239383142,0.0,0.0
3842,0.22442899702085403,0.0,0.0
3843,0.22448741164787664,0.0,0.0
3844,0.22454582627489925,0.0,0.0
3845,0.22460424090192185,0.0,0.0
3846,0.22466265552894446,0.0,0.0
3847,0.22472107015596707,0.0,0.0
3848,0.22477948478298965,0.0,0.0
3849,0.22483789941001225,0.0,0.0
3850,0.22489631403703486,0.0,0.0
3851,0.22495472866405747,0.0,0.0
3852,0.22501314329108008,0.0,0.0
3853,0.22507155791810268,0.0,0.0
3854,0.2251299725451253,0.0,0.0
3855,0.2251883871721479,0.0,0.0
3856,0.2252468017991705,0.0,0.0
3857,0.2253052164261931,0.0,0.0
3858,0.22536363105321572,0.0,0.0
3859,0.22542204568023833,0.0,0.0
3860,0.22548046030726093,0.0,0.0
3861,0.22553887493428354,0.0,0.0
3862,0.22559728956130615,0.0,0.0
3863,0.22565570418832875,0.0,0.0
3864,0.22571411881535136,0.0,0.0
3865,0.22577253344237397,0.0,0.0
3866,0.22583094806939658,0.0,0.0
3867,0.22588936269641918,0.0,0.0
3868,0.2259477773234418,0.0,0.0
3869,0.2260061919504644,0.0,0.0
3870,0.226064606577487,0.0,0.0
3871,0.2261230212045096,0.0,0.0
3872,0.22618143583153222,0.0,0.0
3873,0.22623985045855483,0.0,0.0
3874,0.22629826508557743,0.0,0.0
3875,0.22635667971260004,0.0,0.0
3876,0.22641509433962265,0.0,0.0
3877,0.22647350896664525,0.0,0.0
3878,0.22653192359366786,0.0,0.0
3879,0.22659033822069047,0.0,0.0
3880,0.22664875284771308,0.0,0.0
3881,0.22670716747473568,0.0,0.0
3882,0.2267655821017583,0.0,0.0
3883,0.2268239967287809,0.0,0.0
3884,0.2268824113558035,0.0,0.0
3885,0.2269408259828261,0.0,0.0
3886,0.22699924060984872,0.0,0.0
3887,0.22705765523687133,0.0,0.0
3888,0.22711606986389393,0.0,0.0
3889,0.2271744844909165,0.0,0.0
3890,0.22723289911793912,0.0,0.0
3891,0.22729131374496173,0.0,0.0
3892,0.22734972837198433,0.0,0.0
3893,0.22740814299900694,0.0,0.0
3894,0.22746655762602955,0.0,0.0
3895,0.22752497225305215,0.0,0.0
3896,0.22758338688007476,0.0,0.0
3897,0.22764180150709737,0.0,0.0
3898,0.22770021613411998,0.0,0.0
3899,0.22775863076114258,0.0,0.0
3900,0.2278170453881652,0.0,0.0
3901,0.2278754600151878,0.0,0.0
3902,0.2279338746422104,0.0,0.0
3903,0.227992289269233,0.0,0.0
3904,0.22805070389625562,0.0,0.0
3905,0.22810911852327823,0.0,0.0
3906,0.22816753315030083,0.0,0.0
3907,0.22822594777732344,0.0,0.0
3908,0.22828436240434605,0.0,0.0
3909,0.22834277703136865,0.0,0.0
3910,0.22840119165839126,0.0,0.0
3911,0.22845960628541387,0.0,0.0
3912,0.22851802091243648,0.0,0.0
3913,0.22857643553945908,0.0,0.0
3914,0.2286348501664817,0.0,0.0
3915,0.2286932647935043,0.0,0.0
3916,0.2287516794205269,0.0,0.0
3917,0.2288100940475495,0.0,0.0
3918,0.22886850867457212,0.0,0.0
3919,0.22892692330159473,0.0,0.0
3920,0.22898533792861733,0.0,0.0
3921,0.22904375255563994,0.0,0.0
3922,0.22910216718266255,0.0,0.0
3923,0.22916058180968515,0.0,0.0
3924,0.22921899643670776,0.0,0.0
3925,0.22927741106373037,0.0,0.0
3926,0.22933582569075298,0.0,0.0
3927,0.22939424031777558,0.0,0.0
3928,0.2294526549447982,0.0,0.0
3929,0.2295110695718208,0.0,0.0
3930,0.22956948419884338,0.0,0.0
3931,0.22962789882586598,0.0,0.0
3932,0.2296863134528886,0.0,0.0
3933,0.2297447280799112,0.0,0.0
3934,0.2298031427069338,0.0,0.0
3935,0.2298615573339564,0.0,0.0
3936,0.22991997196097902,0.0,0.0
3937,0.22997838658800163,0.0,0.0
3938,0.23003680121502423,0.0,0.0
3939,0.23009521584204684,0.0,0.0
3940,0.23015363046906945,0.0,0.0
3941,0.23021204509609206,0.0,0.0
3942,0.23027045972311466,0.0,0.0
3943,0.23032887435013727,0.0,0.0
3944,0.23038728897715988,0.0,0.0
3945,0.23044570360418248,0.0,0.0
3946,0.2305041182312051,0.0,0.0
3947,0.2305625328582277,0.0,0.0
3948,0.2306209474852503,0.0,0.0
3949,0.2306793621122729,0.0,0.0
3950,0.23073777673929552,0.0,0.0
3951,0.23079619136631813,0.0,0.0
3952,0.23085460599334073,0.0,0.0
3953,0.23091302062036334,0.0,0.0
3954,0.23097143524738595,0.0,0.0
3955,0.23102984987440855,0.0,0.0
3956,0.23108826450143116,0.0,0.0
3957,0.23114667912845377,0.0,0.0
3958,0.23120509375547638,0.0,0.0
3959,0.23126350838249898,0.0,0.0
3960,0.2313219230095216,0.0,0.0
3961,0.2313803376365442,0.0,0.0
3962,0.2314387522635668,0.0,0.0
3963,0.2314971668905894,0.0,0.0
3964,0.23155558151761202,0.0,0.0
3965,0.23161399614463463,0.0,0.0
3966,0.23167241077165723,0.0,0.0
3967,0.23173082539867984,0.0,0.0
3968,0.23178924002570245,0.0,0.0
3969,0.23184765465272505,0.0,0.0
3970,0.23190606927974766,0.0,0.0
3971,0.23196448390677027,0.0,0.0
3972,0.23202289853379285,0.0,0.0
3973,0.23208131316081546,0.0,0.0
3974,0.23213972778783806,0.0,0.0
3975,0.23219814241486067,0.0,0.0
3976,0.23225655704188328,0.0,0.0
3977,0.23231497166890588,0.0,0.0
3978,0.2323733862959285,0.0,0.0
3979,0.2324318009229511,0.0,0.0
3980,0.2324902155499737,0.0,0.0
3981,0.2325486301769963,0.0,0.0
3982,0.23260704480401892,0.0,0.0
3983,0.23266545943104153,0.0,0.0
3984,0.23272387405806413,0.0,0.0
3985,0.23278228868508674,0.0,0.0
3986,0.23284070331210935,0.0,0.0
3987,0.23289911793913196,0.0,0.0
3988,0.23295753256615456,0.0,0.0
3989,0.23301594719317717,0.0,0.0
3990,0.23307436182019978,0.0,0.0
3991,0.23313277644722238,0.0,0.0
3992,0.233191191074245,0.0,0.0
3993,0.2332496057012676,0.0,0.0
3994,0.2333080203282902,0.0,0.0
3995,0.2333664349553128,0.0,0.0
3996,0.23342484958233542,0.0,0.0
3997,0.23348326420935803,0.0,0.0
3998,0.23354167883638063,0.0,0.0
3999,0.23360009346340324,0.0,0.0
4000,0.23365850809042585,0.0,0.0
4001,0.23371692271744846,0.0,0.0
4002,0.23377533734447106,0.0,0.0
4003,0.23383375197149367,0.0,0.0
4004,0.23389216659851628,0.0,0.0
4005,0.23395058122553888,0.0,0.0
4006,0.2340089958525615,0.0,0.0
4007,0.2340674104795841,0.0,0.0
4008,0.2341258251066067,0.0,0.0
4009,0.2341842397336293,0.0,0.0
4010,0.23424265436065192,0.0,0.0
4011,0.23430106898767453,0.0,0.0
4012,0.23435948361469713,0.0,0.0
4013,0.2344178982417197,0.0,0.0
4014,0.23447631286874232,0.0,0.0
4015,0.23453472749576493,0.0,0.0
4016,0.23459314212278753,0.0,0.0
4017,0.23465155674981014,0.0,0.0
4018,0.23470997137683275,0.0,0.0
4019,0.23476838600385536,0.0,0.0
4020,0.23482680063087796,0.0,0.0
4021,0.23488521525790057,0.0,0.0
4022,0.23494362988492318,0.0,0.0
4023,0.23500204451194578,0.0,0.0
4024,0.2350604591389684,0.0,0.0
4025,0.235118873765991,0.0,0.0
4026,0.2351772883930136,0.0,0.0
4027,0.2352357030200362,0.0,0.0
4028,0.23529411764705882,0.0,0.0
4029,0.23535253227408143,0.0,0.0
4030,0.23541094690110403,0.0,0.0
4031,0.23546936152812664,0.0,0.0
4032,0.23552777615514925,0.0,0.0
4033,0.23558619078217186,0.0,0.0
4034,0.23564460540919446,0.0,0.0
4035,0.23570302003621707,0.0,0.0
4036,0.23576143466323968,0.0,0.0
4037,0.23581984929026228,0.0,0.0
4038,0.2358782639172849,0.0,0.0
4039,0.2359366785443075,0.0,0.0
4040,0.2359950931713301,0.0,0.0
4041,0.2360535077983527,0.0,0.0
4042,0.23611192242537532,0.0,0.0
4043,0.23617033705239793,0.0,0.0
4044,0.23622875167942053,0.0,0.0
4045,0.23628716630644314,0.0,0.0
4046,0.23634558093346575,0.0,0.0
4047,0.23640399556048836,0.0,0.0
4048,0.23646241018751096,0.0,0.0
4049,0.23652082481453357,0.0,0.0
4050,0.23657923944155618,0.0,0.0
4051,0.23663765406857878,0.0,0.0
4052,0.2366960686956014,0.0,0.0
4053,0.236754483322624,0.0,0.0
4054,0.23681289794964658,0.0,0.0
4055,0.23687131257666919,0.0,0.0
4056,0.2369297272036918,0.0,0.0
4057,0.2369881418307144,0.0,0.0
4058,0.237046556457737,0.0,0.0
4059,0.2371049710847596,0.0,0.0
4060,0.23716338571178222,0.0,0.0
4061,0.23722180033880483,0.0,0.0
4062,0.23728021496582744,0.0,0.0
4063,0.23733862959285004,0.0,0.0
4064,0.23739704421987265,0.0,0.0
4065,0.23745545884689526,0.0,0.0
4066,0.23751387347391786,0.0,0.0
4067,0.23757228810094047,0.0,0.0
4068,0.23763070272796308,0.0,0.0
4069,0.23768911735498569,0.0,0.0
4070,0.2377475319820083,0.0,0.0
4071,0.2378059466090309,0.0,0.0
4072,0.2378643612360535,0.0,0.0
4073,0.2379227758630761,0.0,0.0
4074,0.23798119049009872,0.0,0.0
4075,0.23803960511712133,0.0,0.0
4076,0.23809801974414393,0.0,0.0
4077,0.23815643437116654,0.0,0.0
4078,0.23821484899818915,0.0,0.0
4079,0.23827326362521176,0.0,0.0
4080,0.23833167825223436,0.0,0.0
4081,0.23839009287925697,0.0,0.0
4082,0.23844850750627958,0.0,0.0
4083,0.23850692213330218,0.0,0.0
4084,0.2385653367603248,0.0,0.0
4085,0.2386237513873474,0.0,0.0
4086,0.23868216601437,0.0,0.0
4087,0.2387405806413926,0.0,0.0
4088,0.23879899526841522,0.0,0.0
4089,0.23885740989543783,0.0,0.0
4090,0.23891582452246043,0.0,0.0
4091,0.23897423914948304,0.0,0.0
4092,0.23903265377650565,0.0,0.0
4093,0.23909106840352826,0.0,0.0
4094,0.23914948303055086,0.0,0.0
4095,0.23920789765757344,0.0,0.0
4096,0.23926631228459605,0.0,0.0
4097,0.23932472691161866,0.0,0.0
4098,0.23938314153864126,0.0,0.0
4099,0.23944155616566387,0.0,0.0
4100,0.23949997079268648,0.0,0.0
4101,0.23955838541970909,0.0,0.0
4102,0.2396168000467317,0.0,0.0
4103,0.2396752146737543,0.0,0.0
4104,0.2397336293007769,0.0,0.0
4105,0.23979204392779951,0.0,0.0
4106,0.23985045855482212,0.0,0.0
4107,0.23990887318184473,0.0,0.0
4108,0.23996728780886734,0.0,0.0
4109,0.24002570243588994,0.0,0.0
4110,0.24008411706291255,0.0,0.0
4111,0.24014253168993516,0.0,0.0
4112,0.24020094631695776,0.0,0.0
4113,0.24025936094398037,0.0,0.0
4114,0.24031777557100298,0.0,0.0
4115,0.24037619019802559,0.0,0.0
4116,0.2404346048250482,0.0,0.0
4117,0.2404930194520708,0.0,0.0
4118,0.2405514340790934,0.0,0.0
4119,0.24060984870611601,0.0,0.0
4120,0.24066826333313862,0.0,0.0
4121,0.24072667796016123,0.0,0.0
4122,0.24078509258718384,0.0,0.0
4123,0.24084350721420644,0.0,0.0
4124,0.24090192184122905,0.0,0.0
4125,0.24096033646825166,0.0,0.0
4126,0.24101875109527426,0.0,0.0
4127,0.24107716572229687,0.0,0.0
4128,0.24113558034931948,0.0,0.0
4129,0.24119399497634209,0.0,0.0
4130,0.2412524096033647,0.0,0.0
4131,0.2413108242303873,0.0,0.0
4132,0.2413692388574099,0.0,0.0
4133,0.24142765348443251,0.0,0.0
4134,0.24148606811145512,0.0,0.0
4135,0.24154448273847773,0.0,0.0
4136,0.2416028973655003,0.0,0.0
4137,0.24166131199252291,0.0,0.0
4138,0.24171972661954552,0.0,0.0
4139,0.24177814124656813,0.0,0.0
4140,0.24183655587359074,0.0,0.0
4141,0.24189497050061334,0.0,0.0
4142,0.24195338512763595,0.0,0.0
4143,0.24201179975465856,0.0,0.0
4144,0.24207021438168116,0.0,0.0
4145,0.24212862900870377,0.0,0.0
4146,0.24218704363572638,0.0,0.0
4147,0.24224545826274899,0.0,0.0
4148,0.2423038728897716,0.0,0.0
4149,0.2423622875167942,0.0,0.0
4150,0.2424207021438168,0.0,0.0
4151,0.24247911677083941,0.0,0.0
4152,0.24253753139786202,0.0,0.0
4153,0.24259594602488463,0.0,0.0
4154,0.24265436065190724,0.0,0.0
4155,0.24271277527892984,0.0,0.0
4156,0.24277118990595245,0.0,0.0
4157,0.24282960453297506,0.0,0.0
4158,0.24288801915999766,0.0,0.0
4159,0.24294643378702027,0.0,0.0
4160,0.24300484841404288,0.0,0.0
4161,0.24306326304106549,0.0,0.0
4162,0.2431216776680881,0.0,0.0
4163,0.2431800922951107,0.0,0.0
4164,0.2432385069221333,0.0,0.0
4165,0.24329692154915591,0.0,0.0
4166,0.24335533617617852,0.0,0.0
4167,0.24341375080320113,0.0,0.0
4168,0.24347216543022374,0.0,0.0
4169,0.24353058005724634,0.0,0.0
4170,0.24358899468426895,0.0,0.0
4171,0.24364740931129156,0.0,0.0
4172,0.24370582393831416,0.0,0.0
4173,0.24376423856533677,0.0,0.0
4174,0.24382265319235938,0.0,0.0
4175,0.24388106781938199,0.0,0.0
4176,0.2439394824464046,0.0,0.0
4177,0.24399789707342717,0.0,0.0
4178,0.24405631170044978,0.0,0.0
4179,0.2441147263274724,0.0,0.0
4180,0.244173140954495,0.0,0.0
4181,0.2442315555815176,0.0,0.0
4182,0.2442899702085402,0.0,0.0
4183,0.24434838483556282,0.0,0.0
4184,0.24440679946258542,0.0,0.0
4185,0.24446521408960803,0.0,0.0
4186,0.24452362871663064,0.0,0.0
4187,0.24458204334365324,0.0,0.0
4188,0.24464045797067585,0.0,0.0
4189,0.24469887259769846,0.0,0.0
4190,0.24475728722472107,0.0,0.0
4191,0.24481570185174367,0.0,0.0
4192,0.24487411647876628,0.0,0.0
4193,0.2449325311057889,0.0,0.0
4194,0.2449909457328115,0.0,0.0
4195,0.2450493603598341,0.0,0.0
4196,0.2451077749868567,0.0,0.0
4197,0.24516618961387932,0.0,0.0
4198,0.24522460424090192,0.0,0.0
4199,0.24528301886792453,0.0,0.0
4200,0.24534143349494714,0.0,0.0
4201,0.24539984812196974,0.0,0.0
4202,0.24545826274899235,0.0,0.0
4203,0.24551667737601496,0.0,0.0
4204,0.24557509200303757,0.0,0.0
4205,0.24563350663006017,0.0,0.0
4206,0.24569192125708278,0.0,0.0
4207,0.2457503358841054,0.0,0.0
4208,0.245808750511128,0.0,0.0
4209,0.2458671651381506,0.0,0.0
4210,0.2459255797651732,0.0,0.0
4211,0.24598399439219581,0.0,0.0
4212,0.24604240901921842,0.0,0.0
4213,0.24610082364624103,0.0,0.0
4214,0.24615923827326364,0.0,0.0
4215,0.24621765290028624,0.0,0.0
4216,0.24627606752730885,0.0,0.0
4217,0.24633448215433146,0.0,0.0
4218,0.24639289678135406,0.0,0.0
4219,0.24645131140837664,0.0,0.0
4220,0.24650972603539925,0.0,0.0
4221,0.24656814066242186,0.0,0.0
4222,0.24662655528944447,0.0,0.0
4223,0.24668496991646707,0.0,0.0
4224,0.24674338454348968,0.0,0.0
4225,0.2468017991705123,0.0,0.0
4226,0.2468602137975349,0.0,0.0
4227,0.2469186284245575,0.0,0.0
4228,0.2469770430515801,0.0,0.0
4229,0.24703545767860272,0.0,0.0
4230,0.24709387230562532,0.0,0.0
4231,0.24715228693264793,0.0,0.0
4232,0.24721070155967054,0.0,0.0
4233,0.24726911618669314,0.0,0.0
4234,0.24732753081371575,0.0,0.0
4235,0.24738594544073836,0.0,0.0
4236,0.24744436006776097,0.0,0.0
4237,0.24750277469478357,0.0,0.0
4238,0.24756118932180618,0.0,0.0
4239,0.2476196039488288,0.0,0.0
4240,0.2476780185758514,0.0,0.0
4241,0.247736433202874,0.0,0.0
4242,0.2477948478298966,0.0,0.0
4243,0.24785326245691922,0.0,0.0
4244,0.24791167708394182,0.0,0.0
4245,0.24797009171096443,0.0,0.0
4246,0.24802850633798704,0.0,0.0
4247,0.24808692096500964,0.0,0.0
4248,0.24814533559203225,0.0,0.0
4249,0.24820375021905486,0.0,0.0
4250,0.24826216484607747,0.0,0.0
4251,0.24832057947310007,0.0,0.0
4252,0.24837899410012268,0.0,0.0
4253,0.2484374087271453,0.0,0.0
4254,0.2484958233541679,0.0,0.0
4255,0.2485542379811905,0.0,0.0
4256,0.2486126526082131,0.0,0.0
4257,0.24867106723523572,0.0,0.0
4258,0.24872948186225832,0.0,0.0
4259,0.24878789648928093,0.0,0.0
4260,0.2488463111163035,0.0,0.0
4261,0.24890472574332612,0.0,0.0
4262,0.24896314037034872,0.0,0.0
4263,0.24902155499737133,0.0,0.0
4264,0.24907996962439394,0.0,0.0
4265,0.24913838425141654,0.0,0.0
4266,0.24919679887843915,0.0,0.0
4267,0.24925521350546176,0.0,0.0
4268,0.24931362813248437,0.0,0.0
4269,0.24937204275950697,0.0,0.0
4270,0.24943045738652958,0.0,0.0
4271,0.2494888720135522,0.0,0.0
4272,0.2495472866405748,0.0,0.0
4273,0.2496057012675974,0.0,0.0
4274,0.24966411589462,0.0,0.0
4275,0.24972253052164262,0.0,0.0
4276,0.24978094514866522,0.0,0.0
4277,0.24983935977568783,0.0,0.0
4278,0.24989777440271044,0.0,0.0
4279,0.24995618902973304,0.0,0.0
4280,0.25001460365675565,0.0,0.0
4281,0.25007301828377826,0.0,0.0
4282,0.25013143291080087,0.0,0.0
4283,0.2501898475378235,0.0,0.0
4284,0.2502482621648461,0.0,0.0
4285,0.2503066767918687,0.0,0.0
4286,0.2503650914188913,0.0,0.0
4287,0.2504235060459139,0.0,0.0
4288,0.2504819206729365,0.0,0.0
4289,0.2505403352999591,0.0,0.0
4290,0.2505987499269817,0.0,0.0
4291,0.25065716455400433,0.0,0.0
4292,0.25071557918102694,0.0,0.0
4293,0.25077399380804954,0.0,0.0
4294,0.25083240843507215,0.0,0.0
4295,0.25089082306209476,0.0,0.0
4296,0.25094923768911737,0.0,0.0
4297,0.25100765231614,0.0,0.0
4298,0.2510660669431626,0.0,0.0
4299,0.2511244815701852,0.0,0.0
4300,0.2511828961972078,0.0,0.0
4301,0.2512413108242304,0.0,0.0
4302,0.251299725451253,0.0,0.0
4303,0.2513581400782756,0.0,0.0
4304,0.2514165547052982,0.0,0.0
4305,0.25147496933232083,0.0,0.0
4306,0.25153338395934344,0.0,0.0
4307,0.25159179858636604,0.0,0.0
4308,0.25165021321338865,0.0,0.0
4309,0.25170862784041126,0.0,0.0
4310,0.25176704246743387,0.0,0.0
4311,0.2518254570944565,0.0,0.0
4312,0.2518838717214791,0.0,0.0
4313,0.2519422863485017,0.0,0.0
4314,0.2520007009755243,0.0,0.0
4315,0.2520591156025469,0.0,0.0
4316,0.2521175302295695,0.0,0.0
4317,0.2521759448565921,0.0,0.0
4318,0.2522343594836147,0.0,0.0
4319,0.25229277411063733,0.0,0.0
4320,0.25235118873765994,0.0,0.0
4321,0.2524096033646825,0.0,0.0
4322,0.2524680179917051,0.0,0.0
4323,0.2525264326187277,0.0,0.0
4324,0.2525848472457503,0.0,0.0
4325,0.2526432618727729,0.0,0.0
4326,0.2527016764997955,0.0,0.0
4327,0.25276009112681813,0.0,0.0
4328,0.25281850575384074,0.0,0.0
4329,0.25287692038086335,0.0,0.0
4330,0.25293533500788595,0.0,0.0
4331,0.25299374963490856,0.0,0.0
4332,0.25305216426193117,0.0,0.0
4333,0.2531105788889538,0.0,0.0
4334,0.2531689935159764,0.0,0.0
4335,0.253227408142999,0.0,0.0
4336,0.2532858227700216,0.0,0.0
4337,0.2533442373970442,0.0,0.0
4338,0.2534026520240668,0.0,0.0
4339,0.2534610666510894,0.0,0.0
4340,0.253519481278112,0.0,0.0
4341,0.25357789590513463,0.0,0.0
4342,0.25363631053215724,0.0,0.0
4343,0.25369472515917985,0.0,0.0
4344,0.25375313978620245,0.0,0.0
4345,0.25381155441322506,0.0,0.0
4346,0.25386996904024767,0.0,0.0
4347,0.2539283836672703,0.0,0.0
4348,0.2539867982942929,0.0,0.0
4349,0.2540452129213155,0.0,0.0
4350,0.2541036275483381,0.0,0.0
4351,0.2541620421753607,0.0,0.0
4352,0.2542204568023833,0.0,0.0
4353,0.2542788714294059,0.0,0.0
4354,0.2543372860564285,0.0,0.0
4355,0.25439570068345113,0.0,0.0
4356,0.25445411531047374,0.0,0.0
4357,0.25451252993749635,0.0,0.0
4358,0.25457094456451895,0.0,0.0
4359,0.25462935919154156,0.0,0.0
4360,0.25468777381856417,0.0,0.0
4361,0.2547461884455868,0.0,0.0
4362,0.2548046030726094,0.0,0.0
4363,0.254863017699632,0.0,0.0
4364,0.2549214323266546,0.0,0.0
4365,0.2549798469536772,0.0,0.0
4366,0.2550382615806998,0.0,0.0
4367,0.2550966762077224,0.0,0.0
4368,0.255155090834745,0.0,0.0
4369,0.25521350546176763,0.0,0.0
4370,0.25527192008879024,0.0,0.0
4371,0.25533033471581285,0.0,0.0
4372,0.25538874934283545,0.0,0.0
4373,0.25544716396985806,0.0,0.0
4374,0.25550557859688067,0.0,0.0
4375,0.2555639932239033,0.0,0.0
4376,0.2556224078509259,0.0,0.0
4377,0.2556808224779485,0.0,0.0
4378,0.2557392371049711,0.0,0.0
4379,0.2557976517319937,0.0,0.0
4380,0.2558560663590163,0.0,0.0
4381,0.2559144809860389,0.0,0.0
4382,0.2559728956130615,0.0,0.0
4383,0.25603131024008413,0.0,0.0
4384,0.25608972486710674,0.0,0.0
4385,0.25614813949412935,0.0,0.0
4386,0.25620655412115195,0.0,0.0
4387,0.25626496874817456,0.0,0.0
4388,0.25632338337519717,0.0,0.0
4389,0.2563817980022198,0.0,0.0
4390,0.2564402126292424,0.0,0.0
4391,0.256498627256265,0.0,0.0
4392,0.2565570418832876,0.0,0.0
4393,0.2566154565103102,0.0,0.0
4394,0.2566738711373328,0.0,0.0
4395,0.2567322857643554,0.0,0.0
4396,0.256790700391378,0.0,0.0
4397,0.25684911501840063,0.0,0.0
4398,0.25690752964542324,0.0,0.0
4399,0.25696594427244585,0.0,0.0
4400,0.25702435889946845,0.0,0.0
4401,0.25708277352649106,0.0,0.0
4402,0.25714118815351367,0.0,0.0
4403,0.2571996027805363,0.0,0.0
4404,0.2572580174075588,0.0,0.0
4405,0.25731643203458143,0.0,0.0
4406,0.25737484666160404,0.0,0.0
4407,0.25743326128862665,0.0,0.0
4408,0.25749167591564925,0.0,0.0
4409,0.25755009054267186,0.0,0.0
4410,0.25760850516969447,0.0,0.0
4411,0.2576669197967171,0.0,0.0
4412,0.2577253344237397,0.0,0.0
4413,0.2577837490507623,0.0,0.0
4414,0.2578421636777849,0.0,0.0
4415,0.2579005783048075,0.0,0.0
4416,0.2579589929318301,0.0,0.0
4417,0.2580174075588527,0.0,0.0
4418,0.2580758221858753,0.0,0.0
4419,0.25813423681289793,0.0,0.0
4420,0.25819265143992054,0.0,0.0
4421,0.25825106606694315,0.0,0.0
4422,0.25830948069396575,0.0,0.0
4423,0.25836789532098836,0.0,0.0
4424,0.25842630994801097,0.0,0.0
4425,0.2584847245750336,0.0,0.0
4426,0.2585431392020562,0.0,0.0
4427,0.2586015538290788,0.0,0.0
4428,0.2586599684561014,0.0,0.0
4429,0.258718383083124,0.0,0.0
4430,0.2587767977101466,0.0,0.0
4431,0.2588352123371692,0.0,0.0
4432,0.2588936269641918,0.0,0.0
4433,0.25895204159121443,0.0,0.0
4434,0.25901045621823704,0.0,0.0
4435,0.25906887084525965,0.0,0.0
4436,0.25912728547228225,0.0,0.0
4437,0.25918570009930486,0.0,0.0
4438,0.25924411472632747,0.0,0.0
4439,0.2593025293533501,0.0,0.0
4440,0.2593609439803727,0.0,0.0
4441,0.2594193586073953,0.0,0.0
4442,0.2594777732344179,0.0,0.0
4443,0.2595361878614405,0.0,0.0
4444,0.2595946024884631,0.0,0.0
4445,0.2596530171154857,0.0,0.0
4446,0.2597114317425083,0.0,0.0
4447,0.25976984636953093,0.0,0.0
4448,0.25982826099655354,0.0,0.0
4449,0.25988667562357615,0.0,0.0
4450,0.25994509025059875,0.0,0.0
4451,0.26000350487762136,0.0,0.0
4452,0.26006191950464397,0.0,0.0
4453,0.2601203341316666,0.0,0.0
4454,0.2601787487586892,0.0,0.0
4455,0.2602371633857118,0.0,0.0
4456,0.2602955780127344,0.0,0.0
4457,0.260353992639757,0.0,0.0
4458,0.2604124072667796,0.0,0.0
4459,0.2604708218938022,0.0,0.0
4460,0.2605292365208248,0.0,0.0
4461,0.26058765114784743,0.0,0.0
4462,0.26064606577487004,0.0,0.0
4463,0.26070448040189265,0.0,0.0
4464,0.26076289502891525,0.0,0.0
4465,0.26082130965593786,0.0,0.0
4466,0.26087972428296047,0.0,0.0
4467,0.2609381389099831,0.0,0.0
4468,0.2609965535370057,0.0,0.0
4469,0.2610549681640283,0.0,0.0
4470,0.2611133827910509,0.0,0.0
4471,0.2611717974180735,0.0,0.0
4472,0.2612302120450961,0.0,0.0
4473,0.2612886266721187,0.0,0.0
4474,0.2613470412991413,0.0,0.0
4475,0.26140545592616393,0.0,0.0
4476,0.26146387055318654,0.0,0.0
4477,0.26152228518020915,0.0,0.0
4478,0.26158069980723175,0.0,0.0
4479,0.26163911443425436,0.0,0.0
4480,0.26169752906127697,0.0,0.0
4481,0.2617559436882996,0.0,0.0
4482,0.2618143583153222,0.0,0.0
4483,0.2618727729423448,0.0,0.0
4484,0.2619311875693674,0.0,0.0
4485,0.26198960219639,0.0,0.0
4486,0.26204801682341256,0.0,0.0
4487,0.26210643145043516,0.0,0.0
4488,0.26216484607745777,0.0,0.0
4489,0.2622232607044804,0.0,0.0
4490,0.262281675331503,0.0,0.0
4491,0.2623400899585256,0.0,0.0
4492,0.2623985045855482,0.0,0.0
4493,0.2624569192125708,0.0,0.0
4494,0.2625153338395934,0.0,0.0
4495,0.262573748466616,0.0,0.0
4496,0.2626321630936386,0.0,0.0
4497,0.26269057772066123,0.0,0.0
4498,0.26274899234768384,0.0,0.0
4499,0.26280740697470645,0.0,0.0
4500,0.26286582160172905,0.0,0.0
4501,0.26292423622875166,0.0,0.0
4502,0.26298265085577427,0.0,0.0
4503,0.2630410654827969,0.0,0.0
4504,0.2630994801098195,0.0,0.0
4505,0.2631578947368421,0.0,0.0
4506,0.2632163093638647,0.0,0.0
4507,0.2632747239908873,0.0,0.0
4508,0.2633331386179099,0.0,0.0
4509,0.2633915532449325,0.0,0.0
4510,0.2634499678719551,0.0,0.0
4511,0.26350838249897773,0.0,0.0
4512,0.26356679712600034,0.0,0.0
4513,0.26362521175302295,0.0,0.0
4514,0.26368362638004555,0.0,0.0
4515,0.26374204100706816,0.0,0.0
4516,0.26380045563409077,0.0,0.0
4517,0.2638588702611134,0.0,0.0
4518,0.263917284888136,0.0,0.0
4519,0.2639756995151586,0.0,0.0
4520,0.2640341141421812,0.0,0.0
4521,0.2640925287692038,0.0,0.0
4522,0.2641509433962264,0.0,0.0
4523,0.264209358023249,0.0,0.0
4524,0.2642677726502716,0.0,0.0
4525,0.26432618727729423,0.0,0.0
4526,0.26438460190431684,0.0,0.0
4527,0.26444301653133945,0.0,0.0
4528,0.26450143115836205,0.0,0.0
4529,0.26455984578538466,0.0,0.0
4530,0.26461826041240727,0.0,0.0
4531,0.2646766750394299,0.0,0.0
4532,0.2647350896664525,0.0,0.0
4533,0.2647935042934751,0.0,0.0
4534,0.2648519189204977,0.0,0.0
4535,0.2649103335475203,0.0,0.0
4536,0.2649687481745429,0.0,0.0
4537,0.2650271628015655,0.0,0.0
4538,0.2650855774285881,0.0,0.0
4539,0.26514399205561073,0.0,0.0
4540,0.26520240668263334,0.0,0.0
4541,0.26526082130965595,0.0,0.0
4542,0.26531923593667855,0.0,0.0
4543,0.26537765056370116,0.0,0.0
4544,0.26543606519072377,0.0,0.0
4545,0.2654944798177464,0.0,0.0
4546,0.265552894444769,0.0,0.0
4547,0.2656113090717916,0.0,0.0
4548,0.2656697236988142,0.0,0.0
4549,0.2657281383258368,0.0,0.0
4550,0.2657865529528594,0.0,0.0
4551,0.265844967579882,0.0,0.0
4552,0.2659033822069046,0.0,0.0
4553,0.26596179683392723,0.0,0.0
4554,0.26602021146094984,0.0,0.0
4555,0.26607862608797245,0.0,0.0
4556,0.26613704071499505,0.0,0.0
4557,0.26619545534201766,0.0,0.0
4558,0.26625386996904027,0.0,0.0
4559,0.2663122845960629,0.0,0.0
4560,0.2663706992230855,0.0,0.0
4561,0.2664291138501081,0.0,0.0
4562,0.2664875284771307,0.0,0.0
4563,0.2665459431041533,0.0,0.0
4564,0.2666043577311759,0.0,0.0
4565,0.2666627723581985,0.0,0.0
4566,0.2667211869852211,0.0,0.0
4567,0.26677960161224373,0.0,0.0
4568,0.2668380162392663,0.0,0.0
4569,0.2668964308662889,0.0,0.0
4570,0.2669548454933115,0.0,0.0
4571,0.2670132601203341,0.0,0.0
4572,0.2670716747473567,0.0,0.0
4573,0.2671300893743793,0.0,0.0
4574,0.2671885040014019,0.0,0.0
4575,0.26724691862842453,0.0,0.0
4576,0.26730533325544714,0.0,0.0
4577,0.26736374788246975,0.0,0.0
4578,0.26742216250949236,0.0,0.0
4579,0.26748057713651496,0.0,0.0
4580,0.26753899176353757,0.0,0.0
4581,0.2675974063905602,0.0,0.0
4582,0.2676558210175828,0.0,0.0
4583,0.2677142356446054,0.0,0.0
4584,0.267772650271628,0.0,0.0
4585,0.2678310648986506,0.0,0.0
4586,0.2678894795256732,0.0,0.0
4587,0.2679478941526958,0.0,0.0
4588,0.2680063087797184,0.0,0.0
4589,0.26806472340674103,0.0,0.0
4590,0.26812313803376364,0.0,0.0
4591,0.26818155266078625,0.0,0.0
4592,0.26823996728780886,0.0,0.0
4593,0.26829838191483146,0.0,0.0
4594,0.26835679654185407,0.0,0.0
4595,0.2684152111688767,0.0,0.0
4596,0.2684736257958993,0.0,0.0
4597,0.2685320404229219,0.0,0.0
4598,0.2685904550499445,0.0,0.0
4599,0.2686488696769671,0.0,0.0
4600,0.2687072843039897,0.0,0.0
4601,0.2687656989310123,0.0,0.0
4602,0.2688241135580349,0.0,0.0
4603,0.26888252818505753,0.0,0.0
4604,0.26894094281208014,0.0,0.0
4605,0.26899935743910275,0.0,0.0
4606,0.26905777206612536,0.0,0.0
4607,0.26911618669314796,0.0,0.0
4608,0.26917460132017057,0.0,0.0
4609,0.2692330159471932,0.0,0.0
4610,0.2692914305742158,0.0,0.0
4611,0.2693498452012384,0.0,0.0
4612,0.269408259828261,0.0,0.0
4613,0.2694666744552836,0.0,0.0
4614,0.2695250890823062,0.0,0.0
4615,0.2695835037093288,0.0,0.0
4616,0.2696419183363514,0.0,0.0
4617,0.26970033296337403,0.0,0.0
4618,0.26975874759039664,0.0,0.0
4619,0.26981716221741925,0.0,0.0
4620,0.26987557684444186,0.0,0.0
4621,0.26993399147146446,0.0,0.0
4622,0.26999240609848707,0.0,0.0
4623,0.2700508207255097,0.0,0.0
4624,0.2701092353525323,0.0,0.0
4625,0.2701676499795549,0.0,0.0
4626,0.2702260646065775,0.0,0.0
4627,0.2702844792336001,0.0,0.0
4628,0.2703428938606227,0.0,0.0
4629,0.2704013084876453,0.0,0.0
4630,0.2704597231146679,0.0,0.0
4631,0.27051813774169053,0.0,0.0
4632,0.27057655236871314,0.0,0.0
4633,0.27063496699573575,0.0,0.0
4634,0.27069338162275836,0.0,0.0
4635,0.27075179624978096,0.0,0.0
4636,0.27081021087680357,0.0,0.0
4637,0.2708686255038262,0.0,0.0
4638,0.2709270401308488,0.0,0.0
4639,0.2709854547578714,0.0,0.0
4640,0.271043869384894,0.0,0.0
4641,0.2711022840119166,0.0,0.0
4642,0.2711606986389392,0.0,0.0
4643,0.2712191132659618,0.0,0.0
4644,0.2712775278929844,0.0,0.0
4645,0.27133594252000703,0.0,0.0
4646,0.27139435714702964,0.0,0.0
4647,0.27145277177405225,0.0,0.0
4648,0.27151118640107486,0.0,0.0
4649,0.27156960102809746,0.0,0.0
4650,0.27162801565512007,0.0,0.0
4651,0.2716864302821426,0.0,0.0
4652,0.27174484490916523,0.0,0.0
4653,0.27180325953618784,0.0,0.0
4654,0.27186167416321044,0.0,0.0
4655,0.27192008879023305,0.0,0.0
4656,0.27197850341725566,0.0,0.0
4657,0.27203691804427826,0.0,0.0
4658,0.27209533267130087,0.0,0.0
4659,0.2721537472983235,0.0,0.0
4660,0.2722121619253461,0.0,0.0
4661,0.2722705765523687,0.0,0.0
4662,0.2723289911793913,0.0,0.0
4663,0.2723874058064139,0.0,0.0
4664,0.2724458204334365,0.0,0.0
4665,0.2725042350604591,0.0,0.0
4666,0.27256264968748173,0.0,0.0
4667,0.27262106431450434,0.0,0.0
4668,0.27267947894152694,0.0,0.0
4669,0.27273789356854955,0.0,0.0
4670,0.27279630819557216,0.0,0.0
4671,0.27285472282259476,0.0,0.0
4672,0.27291313744961737,0.0,0.0
4673,0.27297155207664,0.0,0.0
4674,0.2730299667036626,0.0,0.0
4675,0.2730883813306852,0.0,0.0
4676,0.2731467959577078,0.0,0.0
4677,0.2732052105847304,0.0,0.0
4678,0.273263625211753,0.0,0.0
4679,0.2733220398387756,0.0,0.0
4680,0.27338045446579823,0.0,0.0
4681,0.27343886909282084,0.0,0.0
4682,0.27349728371984344,0.0,0.0
4683,0.27355569834686605,0.0,0.0
4684,0.27361411297388866,0.0,0.0
4685,0.27367252760091126,0.0,0.0
4686,0.27373094222793387,0.0,0.0
4687,0.2737893568549565,0.0,0.0
4688,0.2738477714819791,0.0,0.0
4689,0.2739061861090017,0.0,0.0
4690,0.2739646007360243,0.0,0.0
4691,0.2740230153630469,0.0,0.0
4692,0.2740814299900695,0.0,0.0
4693,0.2741398446170921,0.0,0.0
4694,0.27419825924411473,0.0,0.0
4695,0.27425667387113734,0.0,0.0
4696,0.27431508849815994,0.0,0.0
4697,0.27437350312518255,0.0,0.0
4698,0.27443191775220516,0.0,0.0
4699,0.27449033237922776,0.0,0.0
4700,0.27454874700625037,0.0,0.0
4701,0.274607161633273,0.0,0.0
4702,0.2746655762602956,0.0,0.0
4703,0.2747239908873182,0.0,0.0
4704,0.2747824055143408,0.0,0.0
4705,0.2748408201413634,0.0,0.0
4706,0.274899234768386,0.0,0.0
4707,0.2749576493954086,0.0,0.0
4708,0.27501606402243123,0.0,0.0
4709,0.27507447864945384,0.0,0.0
4710,0.27513289327647644,0.0,0.0
4711,0.27519130790349905,0.0,0.0
4712,0.27524972253052166,0.0,0.0
4713,0.27530813715754426,0.0,0.0
4714,0.27536655178456687,0.0,0.0
4715,0.2754249664115895,0.0,0.0
4716,0.2754833810386121,0.0,0.0
4717,0.2755417956656347,0.0,0.0
4718,0.2756002102926573,0.0,0.0
4719,0.2756586249196799,0.0,0.0
4720,0.2757170395467025,0.0,0.0
4721,0.2757754541737251,0.0,0.0
4722,0.27583386880074773,0.0,0.0
4723,0.27589228342777034,0.0,0.0
4724,0.27595069805479294,0.0,0.0
4725,0.27600911268181555,0.0,0.0
4726,0.27606752730883816,0.0,0.0
4727,0.27612594193586076,0.0,0.0
4728,0.27618435656288337,0.0,0.0
4729,0.276242771189906,0.0,0.0
4730,0.2763011858169286,0.0,0.0
4731,0.2763596004439512,0.0,0.0
4732,0.2764180150709738,0.0,0.0
4733,0.27647642969799635,0.0,0.0
4734,0.27653484432501896,0.0,0.0
4735,0.27659325895204157,0.0,0.0
4736,0.2766516735790642,0.0,0.0
4737,0.2767100882060868,0.0,0.0
4738,0.2767685028331094,0.0,0.0
4739,0.276826917460132,0.0,0.0
4740,0.2768853320871546,0.0,0.0
4741,0.2769437467141772,0.0,0.0
4742,0.2770021613411998,0.0,0.0
4743,0.2770605759682224,0.0,0.0
4744,0.27711899059524503,0.0,0.0
4745,0.27717740522226764,0.0,0.0
4746,0.27723581984929024,0.0,0.0
4747,0.27729423447631285,0.0,0.0
4748,0.27735264910333546,0.0,0.0
4749,0.27741106373035807,0.0,0.0
4750,0.27746947835738067,0.0,0.0
4751,0.2775278929844033,0.0,0.0
4752,0.2775863076114259,0.0,0.0
4753,0.2776447222384485,0.0,0.0
4754,0.2777031368654711,0.0,0.0
4755,0.2777615514924937,0.0,0.0
4756,0.2778199661195163,0.0,0.0
4757,0.2778783807465389,0.0,0.0
4758,0.27793679537356153,0.0,0.0
4759,0.27799521000058414,0.0,0.0
4760,0.27805362462760674,0.0,0.0
4761,0.27811203925462935,0.0,0.0
4762,0.27817045388165196,0.0,0.0
4763,0.27822886850867456,0.0,0.0
4764,0.27828728313569717,0.0,0.0
4765,0.2783456977627198,0.0,0.0
4766,0.2784041123897424,0.0,0.0
4767,0.278462527016765,0.0,0.0
4768,0.2785209416437876,0.0,0.0
4769,0.2785793562708102,0.0,0.0
4770,0.2786377708978328,0.0,0.0
4771,0.2786961855248554,0.0,0.0
4772,0.27875460015187803,0.0,0.0
4773,0.27881301477890064,0.0,0.0
4774,0.27887142940592324,0.0,0.0
4775,0.27892984403294585,0.0,0.0
4776,0.27898825865996846,0.0,0.0
4777,0.27904667328699106,0.0,0.0
4778,0.27910508791401367,0.0,0.0
4779,0.2791635025410363,0.0,0.0
4780,0.2792219171680589,0.0,0.0
4781,0.2792803317950815,0.0,0.0
4782,0.2793387464221041,0.0,0.0
4783,0.2793971610491267,0.0,0.0
4784,0.2794555756761493,0.0,0.0
4785,0.2795139903031719,0.0,0.0
4786,0.27957240493019453,0.0,0.0
4787,0.27963081955721714,0.0,0.0
4788,0.27968923418423974,0.0,0.0
4789,0.27974764881126235,0.0,0.0
4790,0.27980606343828496,0.0,0.0
4791,0.27986447806530756,0.0,0.0
4792,0.27992289269233017,0.0,0.0
4793,0.2799813073193528,0.0,0.0
4794,0.2800397219463754,0.0,0.0
4795,0.280098136573398,0.0,0.0
4796,0.2801565512004206,0.0,0.0
4797,0.2802149658274432,0.0,0.0
4798,0.2802733804544658,0.0,0.0
4799,0.2803317950814884,0.0,0.0
4800,0.28039020970851103,0.0,0.0
4801,0.28044862433553364,0.0,0.0
4802,0.28050703896255624,0.0,0.0
4803,0.28056545358957885,0.0,0.0
4804,0.28062386821660146,0.0,0.0
4805,0.28068228284362406,0.0,0.0
4806,0.28074069747064667,0.0,0.0
4807,0.2807991120976693,0.0,0.0
4808,0.2808575267246919,0.0,0.0
4809,0.2809159413517145,0.0,0.0
4810,0.2809743559787371,0.0,0.0
4811,0.2810327706057597,0.0,0.0
4812,0.2810911852327823,0.0,0.0
4813,0.2811495998598049,0.0,0.0
4814,0.28120801448682753,0.0,0.0
4815,0.2812664291138501,0.0,0.0
4816,0.2813248437408727,0.0,0.0
4817,0.2813832583678953,0.0,0.0
4818,0.2814416729949179,0.0,0.0
4819,0.2815000876219405,0.0,0.0
4820,0.2815585022489631,0.0,0.0
4821,0.2816169168759857,0.0,0.0
4822,0.28167533150300833,0.0,0.0
4823,0.28173374613003094,0.0,0.0
4824,0.28179216075705354,0.0,0.0
4825,0.28185057538407615,0.0,0.0
4826,0.28190899001109876,0.0,0.0
4827,0.28196740463812137,0.0,0.0
4828,0.282025819265144,0.0,0.0
4829,0.2820842338921666,0.0,0.0
4830,0.2821426485191892,0.0,0.0
4831,0.2822010631462118,0.0,0.0
4832,0.2822594777732344,0.0,0.0
4833,0.282317892400257,0.0,0.0
4834,0.2823763070272796,0.0,0.0
4835,0.2824347216543022,0.0,0.0
4836,0.28249313628132483,0.0,0.0
4837,0.28255155090834744,0.0,0.0
4838,0.28260996553537004,0.0,0.0
4839,0.28266838016239265,0.0,0.0
4840,0.28272679478941526,0.0,0.0
4841,0.28278520941643787,0.0,0.0
4842,0.2828436240434605,0.0,0.0
4843,0.2829020386704831,0.0,0.0
4844,0.2829604532975057,0.0,0.0
4845,0.2830188679245283,0.0,0.0
4846,0.2830772825515509,0.0,0.0
4847,0.2831356971785735,0.0,0.0
4848,0.2831941118055961,0.0,0.0
4849,0.2832525264326187,0.0,0.0
4850,0.28331094105964133,0.0,0.0
4851,0.28336935568666394,0.0,0.0
4852,0.28342777031368654,0.0,0.0
4853,0.28348618494070915,0.0,0.0
4854,0.28354459956773176,0.0,0.0
4855,0.28360301419475437,0.0,0.0
4856,0.283661428821777,0.0,0.0
4857,0.2837198434487996,0.0,0.0
4858,0.2837782580758222,0.0,0.0
4859,0.2838366727028448,0.0,0.0
4860,0.2838950873298674,0.0,0.0
4861,0.28395350195689,0.0,0.0
4862,0.2840119165839126,0.0,0.0
4863,0.2840703312109352,0.0,0.0
4864,0.28412874583795783,0.0,0.0
4865,0.28418716046498044,0.0,0.0
4866,0.28424557509200304,0.0,0.0
4867,0.28430398971902565,0.0,0.0
4868,0.28436240434604826,0.0,0.0
4869,0.28442081897307087,0.0,0.0
4870,0.2844792336000935,0.0,0.0
4871,0.2845376482271161,0.0,0.0
4872,0.2845960628541387,0.0,0.0
4873,0.2846544774811613,0.0,0.0
4874,0.2847128921081839,0.0,0.0
4875,0.2847713067352065,0.0,0.0
4876,0.2848297213622291,0.0,0.0
4877,0.2848881359892517,0.0,0.0
4878,0.28494655061627433,0.0,0.0
4879,0.28500496524329694,0.0,0.0
4880,0.28506337987031954,0.0,0.0
4881,0.28512179449734215,0.0,0.0
4882,0.28518020912436476,0.0,0.0
4883,0.28523862375138737,0.0,0.0
4884,0.28529703837841,0.0,0.0
4885,0.2853554530054326,0.0,0.0
4886,0.2854138676324552,0.0,0.0
4887,0.2854722822594778,0.0,0.0
4888,0.2855306968865004,0.0,0.0
4889,0.285589111513523,0.0,0.0
4890,0.2856475261405456,0.0,0.0
4891,0.2857059407675682,0.0,0.0
4892,0.28576435539459083,0.0,0.0
4893,0.28582277002161344,0.0,0.0
4894,0.28588118464863604,0.0,0.0
4895,0.28593959927565865,0.0,0.0
4896,0.28599801390268126,0.0,0.0
4897,0.28605642852970387,0.0,0.0
4898,0.2861148431567264,0.0,0.0
4899,0.286173257783749,0.0,0.0
4900,0.28623167241077163,0.0,0.0
4901,0.28629008703779424,0.0,0.0
4902,0.28634850166481685,0.0,0.0
4903,0.28640691629183945,0.0,0.0
4904,0.28646533091886206,0.0,0.0
4905,0.28652374554588467,0.0,0.0
4906,0.2865821601729073,0.0,0.0
4907,0.2866405747999299,0.0,0.0
4908,0.2866989894269525,0.0,0.0
4909,0.2867574040539751,0.0,0.0
4910,0.2868158186809977,0.0,0.0
4911,0.2868742333080203,0.0,0.0
4912,0.2869326479350429,0.0,0.0
4913,0.2869910625620655,0.0,0.0
4914,0.28704947718908813,0.0,0.0
4915,0.28710789181611074,0.0,0.0
4916,0.28716630644313335,0.0,0.0
4917,0.28722472107015595,0.0,0.0
4918,0.28728313569717856,0.0,0.0
4919,0.28734155032420117,0.0,0.0
4920,0.2873999649512238,0.0,0.0
4921,0.2874583795782464,0.0,0.0
4922,0.287516794205269,0.0,0.0
4923,0.2875752088322916,0.0,0.0
4924,0.2876336234593142,0.0,0.0
4925,0.2876920380863368,0.0,0.0
4926,0.2877504527133594,0.0,0.0
4927,0.287808867340382,0.0,0.0
4928,0.28786728196740463,0.0,0.0
4929,0.28792569659442724,0.0,0.0
4930,0.28798411122144985,0.0,0.0
4931,0.28804252584847245,0.0,0.0
4932,0.28810094047549506,0.0,0.0
4933,0.28815935510251767,0.0,0.0
4934,0.2882177697295403,0.0,0.0
4935,0.2882761843565629,0.0,0.0
4936,0.2883345989835855,0.0,0.0
4937,0.2883930136106081,0.0,0.0
4938,0.2884514282376307,0.0,0.0
4939,0.2885098428646533,0.0,0.0
4940,0.2885682574916759,0.0,0.0
4941,0.2886266721186985,0.0,0.0
4942,0.28868508674572113,0.0,0.0
4943,0.28874350137274374,0.0,0.0
4944,0.28880191599976635,0.0,0.0
4945,0.28886033062678895,0.0,0.0
4946,0.28891874525381156,0.0,0.0
4947,0.28897715988083417,0.0,0.0
4948,0.2890355745078568,0.0,0.0
4949,0.2890939891348794,0.0,0.0
4950,0.289152403761902,0.0,0.0
4951,0.2892108183889246,0.0,0.0
4952,0.2892692330159472,0.0,0.0
4953,0.2893276476429698,0.0,0.0
4954,0.2893860622699924,0.0,0.0
4955,0.289444476897015,0.0,0.0
4956,0.28950289152403763,0.0,0.0
4957,0.28956130615106024,0.0,0.0
4958,0.28961972077808285,0.0,0.0
4959,0.28967813540510545,0.0,0.0
4960,0.28973655003212806,0.0,0.0
4961,0.28979496465915067,0.0,0.0
4962,0.2898533792861733,0.0,0.0
4963,0.2899117939131959,0.0,0.0
4964,0.2899702085402185,0.0,0.0
4965,0.2900286231672411,0.0,0.0
4966,0.2900870377942637,0.0,0.0
4967,0.2901454524212863,0.0,0.0
4968,0.2902038670483089,0.0,0.0
4969,0.2902622816753315,0.0,0.0
4970,0.29032069630235413,0.0,0.0
4971,0.29037911092937674,0.0,0.0
4972,0.29043752555639935,0.0,0.0
4973,0.29049594018342195,0.0,0.0
4974,0.29055435481044456,0.0,0.0
4975,0.29061276943746717,0.0,0.0
4976,0.2906711840644898,0.0,0.0
4977,0.2907295986915124,0.0,0.0
4978,0.290788013318535,0.0,0.0
4979,0.2908464279455576,0.0,0.0
4980,0.29090484257258015,0.0,0.0
4981,0.29096325719960275,0.0,0.0
4982,0.29102167182662536,0.0,0.0
4983,0.29108008645364797,0.0,0.0
4984,0.2911385010806706,0.0,0.0
4985,0.2911969157076932,0.0,0.0
4986,0.2912553303347158,0.0,0.0
4987,0.2913137449617384,0.0,0.0
4988,0.291372159588761,0.0,0.0
4989,0.2914305742157836,0.0,0.0
4990,0.2914889888428062,0.0,0.0
4991,0.2915474034698288,0.0,0.0
4992,0.29160581809685143,0.0,0.0
4993,0.29166423272387404,0.0,0.0
4994,0.29172264735089665,0.0,0.0
4995,0.29178106197791925,0.0,0.0
4996,0.29183947660494186,0.0,0.0
4997,0.29189789123196447,0.0,0.0
4998,0.2919563058589871,0.0,0.0
4999,0.2920147204860097,0.0,0.0
5000,0.2920731351130323,0.0,0.0
5001,0.2921315497400549,0.0,0.0
5002,0.2921899643670775,0.0,0.0
5003,0.2922483789941001,0.0,0.0
5004,0.2923067936211227,0.0,0.0
5005,0.2923652082481453,0.0,0.0
5006,0.29242362287516793,0.0,0.0
5007,0.29248203750219054,0.0,0.0
5008,0.29254045212921315,0.0,0.0
5009,0.29259886675623575,0.0,0.0
5010,0.29265728138325836,0.0,0.0
5011,0.29271569601028097,0.0,0.0
5012,0.2927741106373036,0.0,0.0
5013,0.2928325252643262,0.0,0.0
5014,0.2928909398913488,0.0,0.0
5015,0.2929493545183714,0.0,0.0
5016,0.293007769145394,0.0,0.0
5017,0.2930661837724166,0.0,0.0
5018,0.2931245983994392,0.0,0.0
5019,0.2931830130264618,0.0,0.0
5020,0.29324142765348443,0.0,0.0
5021,0.29329984228050704,0.0,0.0
5022,0.29335825690752965,0.0,0.0
5023,0.29341667153455225,0.0,0.0
5024,0.29347508616157486,0.0,0.0
5025,0.29353350078859747,0.0,0.0
5026,0.2935919154156201,0.0,0.0
5027,0.2936503300426427,0.0,0.0
5028,0.2937087446696653,0.0,0.0
5029,0.2937671592966879,0.0,0.0
5030,0.2938255739237105,0.0,0.0
5031,0.2938839885507331,0.0,0.0
5032,0.2939424031777557,0.0,0.0
5033,0.2940008178047783,0.0,0.0
5034,0.29405923243180093,0.0,0.0
5035,0.29411764705882354,0.0,0.0
5036,0.29417606168584615,0.0,0.0
5037,0.29423447631286875,0.0,0.0
5038,0.29429289093989136,0.0,0.0
5039,0.29435130556691397,0.0,0.0
5040,0.2944097201939366,0.0,0.0
5041,0.2944681348209592,0.0,0.0
5042,0.2945265494479818,0.0,0.0
5043,0.2945849640750044,0.0,0.0
5044,0.294643378702027,0.0,0.0
5045,0.2947017933290496,0.0,0.0
5046,0.2947602079560722,0.0,0.0
5047,0.2948186225830948,0.0,0.0
5048,0.29487703721011743,0.0,0.0
5049,0.29493545183714004,0.0,0.0
5050,0.29499386646416265,0.0,0.0
5051,0.29505228109118525,0.0,0.0
5052,0.29511069571820786,0.0,0.0
5053,0.29516911034523047,0.0,0.0
5054,0.2952275249722531,0.0,0.0
5055,0.2952859395992757,0.0,0.0
5056,0.2953443542262983,0.0,0.0
5057,0.2954027688533209,0.0,0.0
5058,0.2954611834803435,0.0,0.0
5059,0.2955195981073661,0.0,0.0
5060,0.2955780127343887,0.0,0.0
5061,0.2956364273614113,0.0,0.0
5062,0.2956948419884339,0.0,0.0
5063,0.2957532566154565,0.0,0.0
5064,0.2958116712424791,0.0,0.0
5065,0.2958700858695017,0.0,0.0
5066,0.2959285004965243,0.0,0.0
5067,0.2959869151235469,0.0,0.0
5068,0.2960453297505695,0.0,0.0
5069,0.2961037443775921,0.0,0.0
5070,0.29616215900461473,0.0,0.0
5071,0.29622057363163734,0.0,0.0
5072,0.29627898825865995,0.0,0.0
5073,0.29633740288568255,0.0,0.0
5074,0.29639581751270516,0.0,0.0
5075,0.29645423213972777,0.0,0.0
5076,0.2965126467667504,0.0,0.0
5077,0.296571061393773,0.0,0.0
5078,0.2966294760207956,0.0,0.0
5079,0.2966878906478182,0.0,0.0
5080,0.2967463052748408,0.0,0.0
5081,0.2968047199018634,0.0,0.0
5082,0.296863134528886,0.0,0.0
5083,0.2969215491559086,0.0,0.0
5084,0.29697996378293123,0.0,0.0
5085,0.29703837840995384,0.0,0.0
5086,0.29709679303697645,0.0,0.0
5087,0.29715520766399905,0.0,0.0
5088,0.29721362229102166,0.0,0.0
5089,0.29727203691804427,0.0,0.0
5090,0.2973304515450669,0.0,0.0
5091,0.2973888661720895,0.0,0.0
5092,0.2974472807991121,0.0,0.0
5093,0.2975056954261347,0.0,0.0
5094,0.2975641100531573,0.0,0.0
5095,0.2976225246801799,0.0,0.0
5096,0.2976809393072025,0.0,0.0
5097,0.2977393539342251,0.0,0.0
5098,0.29779776856124773,0.0,0.0
5099,0.29785618318827034,0.0,0.0
5100,0.29791459781529295,0.0,0.0
5101,0.29797301244231555,0.0,0.0
5102,0.29803142706933816,0.0,0.0
5103,0.29808984169636077,0.0,0.0
5104,0.2981482563233834,0.0,0.0
5105,0.298206670950406,0.0,0.0
5106,0.2982650855774286,0.0,0.0
5107,0.2983235002044512,0.0,0.0
5108,0.2983819148314738,0.0,0.0
5109,0.2984403294584964,0.0,0.0
5110,0.298498744085519,0.0,0.0
5111,0.2985571587125416,0.0,0.0
5112,0.29861557333956423,0.0,0.0
5113,0.29867398796658684,0.0,0.0
5114,0.29873240259360945,0.0,0.0
5115,0.29879081722063205,0.0,0.0
5116,0.29884923184765466,0.0,0.0
5117,0.29890764647467727,0.0,0.0
5118,0.2989660611016999,0.0,0.0
5119,0.2990244757287225,0.0,0.0
5120,0.2990828903557451,0.0,0.0
5121,0.2991413049827677,0.0,0.0
5122,0.2991997196097903,0.0,0.0
5123,0.2992581342368129,0.0,0.0
5124,0.2993165488638355,0.0,0.0
5125,0.2993749634908581,0.0,0.0
5126,0.29943337811788073,0.0,0.0
5127,0.29949179274490334,0.0,0.0
5128,0.29955020737192595,0.0,0.0
5129,0.29960862199894855,0.0,0.0
5130,0.29966703662597116,0.0,0.0
5131,0.29972545125299377,0.0,0.0
5132,0.2997838658800164,0.0,0.0
5133,0.299842280507039,0.0,0.0
5134,0.2999006951340616,0.0,0.0
5135,0.2999591097610842,0.0,0.0
5136,0.3000175243881068,0.0,0.0
5137,0.3000759390151294,0.0,0.0
5138,0.300134353642152,0.0,0.0
5139,0.3001927682691746,0.0,0.0
5140,0.30025118289619723,0.0,0.0
5141,0.30030959752321984,0.0,0.0
5142,0.30036801215024245,0.0,0.0
5143,0.30042642677726505,0.0,0.0
5144,0.3004848414042876,0.0,0.0
5145,0.3005432560313102,0.0,0.0
5146,0.3006016706583328,0.0,0.0
5147,0.3006600852853554,0.0,0.0
5148,0.30071849991237803,0.0,0.0
5149,0.30077691453940064,0.0,0.0
5150,0.30083532916642325,0.0,0.0
5151,0.30089374379344586,0.0,0.0
5152,0.30095215842046846,0.0,0.0
5153,0.30101057304749107,0.0,0.0
5154,0.3010689876745137,0.0,0.0
5155,0.3011274023015363,0.0,0.0
5156,0.3011858169285589,0.0,0.0
5157,0.3012442315555815,0.0,0.0
5158,0.3013026461826041,0.0,0.0
5159,0.3013610608096267,0.0,0.0
5160,0.3014194754366493,0.0,0.0
5161,0.3014778900636719,0.0,0.0
5162,0.30153630469069453,0.0,0.0
5163,0.30159471931771714,0.0,0.0
5164,0.30165313394473975,0.0,0.0
5165,0.30171154857176236,0.0,0.0
5166,0.30176996319878496,0.0,0.0
5167,0.30182837782580757,0.0,0.0
5168,0.3018867924528302,0.0,0.0
5169,0.3019452070798528,0.0,0.0
5170,0.3020036217068754,0.0,0.0
5171,0.302062036333898,0.0,0.0
5172,0.3021204509609206,0.0,0.0
5173,0.3021788655879432,0.0,0.0
5174,0.3022372802149658,0.0,0.0
5175,0.3022956948419884,0.0,0.0
5176,0.30235410946901103,0.0,0.0
5177,0.30241252409603364,0.0,0.0
5178,0.30247093872305625,0.0,0.0
5179,0.30252935335007886,0.0,0.0
5180,0.30258776797710146,0.0,0.0
5181,0.30264618260412407,0.0,0.0
5182,0.3027045972311467,0.0,0.0
5183,0.3027630118581693,0.0,0.0
5184,0.3028214264851919,0.0,0.0
5185,0.3028798411122145,0.0,0.0
5186,0.3029382557392371,0.0,0.0
5187,0.3029966703662597,0.0,0.0
5188,0.3030550849932823,0.0,0.0
5189,0.3031134996203049,0.0,0.0
5190,0.30317191424732753,0.0,0.0
5191,0.30323032887435014,0.0,0.0
5192,0.30328874350137275,0.0,0.0
5193,0.30334715812839536,0.0,0.0
5194,0.30340557275541796,0.0,0.0
5195,0.30346398738244057,0.0,0.0
5196,0.3035224020094632,0.0,0.0
5197,0.3035808166364858,0.0,0.0
5198,0.3036392312635084,0.0,0.0
5199,0.303697645890531,0.0,0.0
5200,0.3037560605175536,0.0,0.0
5201,0.3038144751445762,0.0,0.0
5202,0.3038728897715988,0.0,0.0
5203,0.3039313043986214,0.0,0.0
5204,0.30398971902564403,0.0,0.0
5205,0.30404813365266664,0.0,0.0
5206,0.30410654827968925,0.0,0.0
5207,0.30416496290671186,0.0,0.0
5208,0.30422337753373446,0.0,0.0
5209,0.30428179216075707,0.0,0.0
5210,0.3043402067877797,0.0,0.0
5211,0.3043986214148023,0.0,0.0
5212,0.3044570360418249,0.0,0.0
5213,0.3045154506688475,0.0,0.0
5214,0.3045738652958701,0.0,0.0
5215,0.3046322799228927,0.0,0.0
5216,0.3046906945499153,0.0,0.0
5217,0.3047491091769379,0.0,0.0
5218,0.30480752380396053,0.0,0.0
5219,0.30486593843098314,0.0,0.0
5220,0.30492435305800575,0.0,0.0
5221,0.30498276768502836,0.0,0.0
5222,0.30504118231205096,0.0,0.0
5223,0.30509959693907357,0.0,0.0
5224,0.3051580115660962,0.0,0.0
5225,0.3052164261931188,0.0,0.0
5226,0.3052748408201414,0.0,0.0
5227,0.30533325544716394,0.0,0.0
5228,0.30539167007418655,0.0,0.0
5229,0.30545008470120916,0.0,0.0
5230,0.30550849932823176,0.0,0.0
5231,0.30556691395525437,0.0,0.0
5232,0.305625328582277,0.0,0.0
5233,0.3056837432092996,0.0,0.0
5234,0.3057421578363222,0.0,0.0
5235,0.3058005724633448,0.0,0.0
5236,0.3058589870903674,0.0,0.0
5237,0.30591740171739,0.0,0.0
5238,0.3059758163444126,0.0,0.0
5239,0.30603423097143523,0.0,0.0
5240,0.30609264559845784,0.0,0.0
5241,0.30615106022548044,0.0,0.0
5242,0.30620947485250305,0.0,0.0
5243,0.30626788947952566,0.0,0.0
5244,0.30632630410654826,0.0,0.0
5245,0.30638471873357087,0.0,0.0
5246,0.3064431333605935,0.0,0.0
5247,0.3065015479876161,0.0,0.0
5248,0.3065599626146387,0.0,0.0
5249,0.3066183772416613,0.0,0.0
5250,0.3066767918686839,0.0,0.0
5251,0.3067352064957065,0.0,0.0
5252,0.3067936211227291,0.0,0.0
5253,0.30685203574975173,0.0,0.0
5254,0.30691045037677434,0.0,0.0
5255,0.30696886500379694,0.0,0.0
5256,0.30702727963081955,0.0,0.0
5257,0.30708569425784216,0.0,0.0
5258,0.30714410888486476,0.0,0.0
5259,0.30720252351188737,0.0,0.0
5260,0.30726093813891,0.0,0.0
5261,0.3073193527659326,0.0,0.0
5262,0.3073777673929552,0.0,0.0
5263,0.3074361820199778,0.0,0.0
5264,0.3074945966470004,0.0,0.0
5265,0.307553011274023,0.0,0.0
5266,0.3076114259010456,0.0,0.0
5267,0.30766984052806823,0.0,0.0
5268,0.30772825515509084,0.0,0.0
5269,0.30778666978211344,0.0,0.0
5270,0.30784508440913605,0.0,0.0
5271,0.30790349903615866,0.0,0.0
5272,0.30796191366318126,0.0,0.0
5273,0.30802032829020387,0.0,0.0
5274,0.3080787429172265,0.0,0.0
5275,0.3081371575442491,0.0,0.0
5276,0.3081955721712717,0.0,0.0
5277,0.3082539867982943,0.0,0.0
5278,0.3083124014253169,0.0,0.0
5279,0.3083708160523395,0.0,0.0
5280,0.3084292306793621,0.0,0.0
5281,0.30848764530638473,0.0,0.0
5282,0.30854605993340734,0.0,0.0
5283,0.30860447456042994,0.0,0.0
5284,0.30866288918745255,0.0,0.0
5285,0.30872130381447516,0.0,0.0
5286,0.30877971844149776,0.0,0.0
5287,0.30883813306852037,0.0,0.0
5288,0.308896547695543,0.0,0.0
5289,0.3089549623225656,0.0,0.0
5290,0.3090133769495882,0.0,0.0
5291,0.3090717915766108,0.0,0.0
5292,0.3091302062036334,0.0,0.0
5293,0.309188620830656,0.0,0.0
5294,0.3092470354576786,0.0,0.0
5295,0.30930545008470123,0.0,0.0
5296,0.30936386471172383,0.0,0.0
5297,0.30942227933874644,0.0,0.0
5298,0.30948069396576905,0.0,0.0
5299,0.30953910859279166,0.0,0.0
5300,0.30959752321981426,0.0,0.0
5301,0.30965593784683687,0.0,0.0
5302,0.3097143524738595,0.0,0.0
5303,0.3097727671008821,0.0,0.0
5304,0.3098311817279047,0.0,0.0
5305,0.3098895963549273,0.0,0.0
5306,0.3099480109819499,0.0,0.0
5307,0.3100064256089725,0.0,0.0
5308,0.3100648402359951,0.0,0.0
5309,0.31012325486301767,0.0,0.0
5310,0.3101816694900403,0.0,0.0
5311,0.3102400841170629,0.0,0.0
5312,0.3102984987440855,0.0,0.0
5313,0.3103569133711081,0.0,0.0
5314,0.3104153279981307,0.0,0.0
5315,0.3104737426251533,0.0,0.0
5316,0.3105321572521759,0.0,0.0
5317,0.31059057187919853,0.0,0.0
5318,0.31064898650622114,0.0,0.0
5319,0.31070740113324374,0.0,0.0
5320,0.31076581576026635,0.0,0.0
5321,0.31082423038728896,0.0,0.0
5322,0.31088264501431156,0.0,0.0
5323,0.31094105964133417,0.0,0.0
5324,0.3109994742683568,0.0,0.0
5325,0.3110578888953794,0.0,0.0
5326,0.311116303522402,0.0,0.0
5327,0.3111747181494246,0.0,0.0
5328,0.3112331327764472,0.0,0.0
5329,0.3112915474034698,0.0,0.0
5330,0.3113499620304924,0.0,0.0
5331,0.31140837665751503,0.0,0.0
5332,0.31146679128453764,0.0,0.0
5333,0.31152520591156024,0.0,0.0
5334,0.31158362053858285,0.0,0.0
5335,0.31164203516560546,0.0,0.0
5336,0.31170044979262806,0.0,0.0
5337,0.31175886441965067,0.0,0.0
5338,0.3118172790466733,0.0,0.0
5339,0.3118756936736959,0.0,0.0
5340,0.3119341083007185,0.0,0.0
5341,0.3119925229277411,0.0,0.0
5342,0.3120509375547637,0.0,0.0
5343,0.3121093521817863,0.0,0.0
5344,0.3121677668088089,0.0,0.0
5345,0.31222618143583153,0.0,0.0
5346,0.31228459606285414,0.0,0.0
5347,0.31234301068987674,0.0,0.0
5348,0.31240142531689935,0.0,0.0
5349,0.31245983994392196,0.0,0.0
5350,0.31251825457094456,0.0,0.0
5351,0.31257666919796717,0.0,0.0
5352,0.3126350838249898,0.0,0.0
5353,0.3126934984520124,0.0,0.0
5354,0.312751913079035,0.0,0.0
5355,0.3128103277060576,0.0,0.0
5356,0.3128687423330802,0.0,0.0
5357,0.3129271569601028,0.0,0.0
5358,0.3129855715871254,0.0,0.0
5359,0.31304398621414803,0.0,0.0
5360,0.31310240084117064,0.0,0.0
5361,0.31316081546819324,0.0,0.0
5362,0.31321923009521585,0.0,0.0
5363,0.31327764472223846,0.0,0.0
5364,0.31333605934926106,0.0,0.0
5365,0.31339447397628367,0.0,0.0
5366,0.3134528886033063,0.0,0.0
5367,0.3135113032303289,0.0,0.0
5368,0.3135697178573515,0.0,0.0
5369,0.3136281324843741,0.0,0.0
5370,0.3136865471113967,0.0,0.0
5371,0.3137449617384193,0.0,0.0
5372,0.3138033763654419,0.0,0.0
5373,0.31386179099246453,0.0,0.0
5374,0.31392020561948714,0.0,0.0
5375,0.31397862024650974,0.0,0.0
5376,0.31403703487353235,0.0,0.0
5377,0.31409544950055496,0.0,0.0
5378,0.31415386412757756,0.0,0.0
5379,0.31421227875460017,0.0,0.0
5380,0.3142706933816228,0.0,0.0
5381,0.3143291080086454,0.0,0.0
5382,0.314387522635668,0.0,0.0
5383,0.3144459372626906,0.0,0.0
5384,0.3145043518897132,0.0,0.0
5385,0.3145627665167358,0.0,0.0
5386,0.3146211811437584,0.0,0.0
5387,0.31467959577078103,0.0,0.0
5388,0.31473801039780364,0.0,0.0
5389,0.31479642502482624,0.0,0.0
5390,0.31485483965184885,0.0,0.0
5391,0.3149132542788714,0.0,0.0
5392,0.314971668905894,0.0,0.0
5393,0.3150300835329166,0.0,0.0
5394,0.3150884981599392,0.0,0.0
5395,0.31514691278696183,0.0,0.0
5396,0.31520532741398444,0.0,0.0
5397,0.31526374204100704,0.0,0.0
5398,0.31532215666802965,0.0,0.0
5399,0.31538057129505226,0.0,0.0
5400,0.31543898592207487,0.0,0.0
5401,0.3154974005490975,0.0,0.0
5402,0.3155558151761201,0.0,0.0
5403,0.3156142298031427,0.0,0.0
5404,0.3156726444301653,0.0,0.0
5405,0.3157310590571879,0.0,0.0
5406,0.3157894736842105,0.0,0.0
5407,0.3158478883112331,0.0,0.0
5408,0.3159063029382557,0.0,0.0
5409,0.31596471756527833,0.0,0.0
5410,0.31602313219230094,0.0,0.0
5411,0.31608154681932354,0.0,0.0
5412,0.31613996144634615,0.0,0.0
5413,0.31619837607336876,0.0,0.0
5414,0.31625679070039137,0.0,0.0
5415,0.316315205327414,0.0,0.0
5416,0.3163736199544366,0.0,0.0
5417,0.3164320345814592,0.0,0.0
5418,0.3164904492084818,0.0,0.0
5419,0.3165488638355044,0.0,0.0
5420,0.316607278462527,0.0,0.0
5421,0.3166656930895496,0.0,0.0
5422,0.3167241077165722,0.0,0.0
5423,0.31678252234359483,0.0,0.0
5424,0.31684093697061744,0.0,0.0
5425,0.31689935159764004,0.0,0.0
5426,0.31695776622466265,0.0,0.0
5427,0.31701618085168526,0.0,0.0
5428,0.31707459547870787,0.0,0.0
5429,0.3171330101057305,0.0,0.0
5430,0.3171914247327531,0.0,0.0
5431,0.3172498393597757,0.0,0.0
5432,0.3173082539867983,0.0,0.0
5433,0.3173666686138209,0.0,0.0
5434,0.3174250832408435,0.0,0.0
5435,0.3174834978678661,0.0,0.0
5436,0.3175419124948887,0.0,0.0
5437,0.31760032712191133,0.0,0.0
5438,0.31765874174893394,0.0,0.0
5439,0.31771715637595654,0.0,0.0
5440,0.31777557100297915,0.0,0.0
5441,0.31783398563000176,0.0,0.0
5442,0.31789240025702437,0.0,0.0
5443,0.317950814884047,0.0,0.0
5444,0.3180092295110696,0.0,0.0
5445,0.3180676441380922,0.0,0.0
5446,0.3181260587651148,0.0,0.0
5447,0.3181844733921374,0.0,0.0
5448,0.31824288801916,0.0,0.0
5449,0.3183013026461826,0.0,0.0
5450,0.3183597172732052,0.0,0.0
5451,0.31841813190022783,0.0,0.0
5452,0.31847654652725044,0.0,0.0
5453,0.31853496115427304,0.0,0.0
5454,0.31859337578129565,0.0,0.0
5455,0.31865179040831826,0.0,0.0
5456,0.31871020503534087,0.0,0.0
5457,0.3187686196623635,0.0,0.0
5458,0.3188270342893861,0.0,0.0
5459,0.3188854489164087,0.0,0.0
5460,0.3189438635434313,0.0,0.0
5461,0.3190022781704539,0.0,0.0
5462,0.3190606927974765,0.0,0.0
5463,0.3191191074244991,0.0,0.0
5464,0.3191775220515217,0.0,0.0
5465,0.31923593667854433,0.0,0.0
5466,0.31929435130556694,0.0,0.0
5467,0.31935276593258954,0.0,0.0
5468,0.31941118055961215,0.0,0.0
5469,0.31946959518663476,0.0,0.0
5470,0.31952800981365737,0.0,0.0
5471,0.31958642444068,0.0,0.0
5472,0.3196448390677026,0.0,0.0
5473,0.3197032536947252,0.0,0.0
5474,0.31976166832174774,0.0,0.0
5475,0.31982008294877035,0.0,0.0
5476,0.31987849757579295,0.0,0.0
5477,0.31993691220281556,0.0,0.0
5478,0.31999532682983817,0.0,0.0
5479,0.3200537414568608,0.0,0.0
5480,0.3201121560838834,0.0,0.0
5481,0.320170570710906,0.0,0.0
5482,0.3202289853379286,0.0,0.0
5483,0.3202873999649512,0.0,0.0
5484,0.3203458145919738,0.0,0.0
5485,0.3204042292189964,0.0,0.0
5486,0.320462643846019,0.0,0.0
5487,0.32052105847304163,0.0,0.0
5488,0.32057947310006424,0.0,0.0
5489,0.32063788772708685,0.0,0.0
5490,0.32069630235410945,0.0,0.0
5491,0.32075471698113206,0.0,0.0
5492,0.32081313160815467,0.0,0.0
5493,0.3208715462351773,0.0,0.0
5494,0.3209299608621999,0.0,0.0
5495,0.3209883754892225,0.0,0.0
5496,0.3210467901162451,0.0,0.0
5497,0.3211052047432677,0.0,0.0
5498,0.3211636193702903,0.0,0.0
5499,0.3212220339973129,0.0,0.0
5500,0.3212804486243355,0.0,0.0
5501,0.32133886325135813,0.0,0.0
5502,0.32139727787838074,0.0,0.0
5503,0.32145569250540335,0.0,0.0
5504,0.32151410713242595,0.0,0.0
5505,0.32157252175944856,0.0,0.0
5506,0.32163093638647117,0.0,0.0
5507,0.3216893510134938,0.0,0.0
5508,0.3217477656405164,0.0,0.0
5509,0.321806180267539,0.0,0.0
5510,0.3218645948945616,0.0,0.0
5511,0.3219230095215842,0.0,0.0
5512,0.3219814241486068,0.0,0.0
5513,0.3220398387756294,0.0,0.0
5514,0.322098253402652,0.0,0.0
5515,0.32215666802967463,0.0,0.0
5516,0.32221508265669724,0.0,0.0
5517,0.32227349728371985,0.0,0.0
5518,0.32233191191074245,0.0,0.0
5519,0.32239032653776506,0.0,0.0
5520,0.32244874116478767,0.0,0.0
5521,0.3225071557918103,0.0,0.0
5522,0.3225655704188329,0.0,0.0
5523,0.3226239850458555,0.0,0.0
5524,0.3226823996728781,0.0,0.0
5525,0.3227408142999007,0.0,0.0
5526,0.3227992289269233,0.0,0.0
5527,0.3228576435539459,0.0,0.0
5528,0.3229160581809685,0.0,0.0
5529,0.32297447280799113,0.0,0.0
5530,0.32303288743501374,0.0,0.0
5531,0.32309130206203635,0.0,0.0
5532,0.32314971668905895,0.0,0.0
5533,0.32320813131608156,0.0,0.0
5534,0.32326654594310417,0.0,0.0
5535,0.3233249605701268,0.0,0.0
5536,0.3233833751971494,0.0,0.0
5537,0.323441789824172,0.0,0.0
5538,0.3235002044511946,0.0,0.0
5539,0.3235586190782172,0.0,0.0
5540,0.3236170337052398,0.0,0.0
5541,0.3236754483322624,0.0,0.0
5542,0.323733862959285,0.0,0.0
5543,0.32379227758630763,0.0,0.0
5544,0.32385069221333024,0.0,0.0
5545,0.32390910684035285,0.0,0.0
5546,0.32396752146737545,0.0,0.0
5547,0.32402593609439806,0.0,0.0
5548,0.32408435072142067,0.0,0.0
5549,0.3241427653484433,0.0,0.0
5550,0.3242011799754659,0.0,0.0
5551,0.3242595946024885,0.0,0.0
5552,0.3243180092295111,0.0,0.0
5553,0.3243764238565337,0.0,0.0
5554,0.3244348384835563,0.0,0.0
5555,0.3244932531105789,0.0,0.0
5556,0.32455166773760147,0.0,0.0
5557,0.3246100823646241,0.0,0.0
5558,0.3246684969916467,0.0,0.0
5559,0.3247269116186693,0.0,0.0
5560,0.3247853262456919,0.0,0.0
5561,0.3248437408727145,0.0,0.0
5562,0.3249021554997371,0.0,0.0
5563,0.3249605701267597,0.0,0.0
5564,0.3250189847537823,0.0,0.0
5565,0.32507739938080493,0.0,0.0
5566,0.32513581400782754,0.0,0.0
5567,0.32519422863485015,0.0,0.0
5568,0.32525264326187275,0.0,0.0
5569,0.32531105788889536,0.0,0.0
5570,0.32536947251591797,0.0,0.0
5571,0.3254278871429406,0.0,0.0
5572,0.3254863017699632,0.0,0.0
5573,0.3255447163969858,0.0,0.0
5574,0.3256031310240084,0.0,0.0
5575,0.325661545651031,0.0,0.0
5576,0.3257199602780536,0.0,0.0
5577,0.3257783749050762,0.0,0.0
5578,0.3258367895320988,0.0,0.0
5579,0.32589520415912143,0.0,0.0
5580,0.32595361878614404,0.0,0.0
5581,0.32601203341316665,0.0,0.0
5582,0.32607044804018925,0.0,0.0
5583,0.32612886266721186,0.0,0.0
5584,0.32618727729423447,0.0,0.0
5585,0.3262456919212571,0.0,0.0
5586,0.3263041065482797,0.0,0.0
5587,0.3263625211753023,0.0,0.0
5588,0.3264209358023249,0.0,0.0
5589,0.3264793504293475,0.0,0.0
5590,0.3265377650563701,0.0,0.0
5591,0.3265961796833927,0.0,0.0
5592,0.3266545943104153,0.0,0.0
5593,0.32671300893743793,0.0,0.0
5594,0.32677142356446054,0.0,0.0
5595,0.32682983819148315,0.0,0.0
5596,0.32688825281850575,0.0,0.0
5597,0.32694666744552836,0.0,0.0
5598,0.32700508207255097,0.0,0.0
5599,0.3270634966995736,0.0,0.0
5600,0.3271219113265962,0.0,0.0
5601,0.3271803259536188,0.0,0.0
5602,0.3272387405806414,0.0,0.0
5603,0.327297155207664,0.0,0.0
5604,0.3273555698346866,0.0,0.0
5605,0.3274139844617092,0.0,0.0
5606,0.3274723990887318,0.0,0.0
5607,0.32753081371575443,0.0,0.0
5608,0.32758922834277704,0.0,0.0
5609,0.32764764296979965,0.0,0.0
5610,0.32770605759682225,0.0,0.0
5611,0.32776447222384486,0.0,0.0
5612,0.32782288685086747,0.0,0.0
5613,0.3278813014778901,0.0,0.0
5614,0.3279397161049127,0.0,0.0
5615,0.3279981307319353,0.0,0.0
5616,0.3280565453589579,0.0,0.0
5617,0.3281149599859805,0.0,0.0
5618,0.3281733746130031,0.0,0.0
5619,0.3282317892400257,0.0,0.0
5620,0.3282902038670483,0.0,0.0
5621,0.32834861849407093,0.0,0.0
5622,0.32840703312109354,0.0,0.0
5623,0.32846544774811615,0.0,0.0
5624,0.32852386237513875,0.0,0.0
5625,0.32858227700216136,0.0,0.0
5626,0.32864069162918397,0.0,0.0
5627,0.3286991062562066,0.0,0.0
5628,0.3287575208832292,0.0,0.0
5629,0.3288159355102518,0.0,0.0
5630,0.3288743501372744,0.0,0.0
5631,0.328932764764297,0.0,0.0
5632,0.3289911793913196,0.0,0.0
5633,0.3290495940183422,0.0,0.0
5634,0.3291080086453648,0.0,0.0
5635,0.32916642327238743,0.0,0.0
5636,0.32922483789941004,0.0,0.0
5637,0.32928325252643265,0.0,0.0
5638,0.3293416671534552,0.0,0.0
5639,0.3294000817804778,0.0,0.0
5640,0.3294584964075004,0.0,0.0
5641,0.329516911034523,0.0,0.0
5642,0.3295753256615456,0.0,0.0
5643,0.32963374028856823,0.0,0.0
5644,0.32969215491559084,0.0,0.0
5645,0.32975056954261345,0.0,0.0
5646,0.32980898416963605,0.0,0.0
5647,0.32986739879665866,0.0,0.0
5648,0.32992581342368127,0.0,0.0
5649,0.3299842280507039,0.0,0.0
5650,0.3300426426777265,0.0,0.0
5651,0.3301010573047491,0.0,0.0
5652,0.3301594719317717,0.0,0.0
5653,0.3302178865587943,0.0,0.0
5654,0.3302763011858169,0.0,0.0
5655,0.3303347158128395,0.0,0.0
5656,0.3303931304398621,0.0,0.0
5657,0.33045154506688473,0.0,0.0
5658,0.33050995969390734,0.0,0.0
5659,0.33056837432092995,0.0,0.0
5660,0.33062678894795255,0.0,0.0
5661,0.33068520357497516,0.0,0.0
5662,0.33074361820199777,0.0,0.0
5663,0.3308020328290204,0.0,0.0
5664,0.330860447456043,0.0,0.0
5665,0.3309188620830656,0.0,0.0
5666,0.3309772767100882,0.0,0.0
5667,0.3310356913371108,0.0,0.0
5668,0.3310941059641334,0.0,0.0
5669,0.331152520591156,0.0,0.0
5670,0.3312109352181786,0.0,0.0
5671,0.33126934984520123,0.0,0.0
5672,0.33132776447222384,0.0,0.0
5673,0.33138617909924645,0.0,0.0
5674,0.33144459372626905,0.0,0.0
5675,0.33150300835329166,0.0,0.0
5676,0.33156142298031427,0.0,0.0
5677,0.3316198376073369,0.0,0.0
5678,0.3316782522343595,0.0,0.0
5679,0.3317366668613821,0.0,0.0
5680,0.3317950814884047,0.0,0.0
5681,0.3318534961154273,0.0,0.0
5682,0.3319119107424499,0.0,0.0
5683,0.3319703253694725,0.0,0.0
5684,0.3320287399964951,0.0,0.0
5685,0.33208715462351773,0.0,0.0
5686,0.33214556925054034,0.0,0.0
5687,0.33220398387756295,0.0,0.0
5688,0.33226239850458555,0.0,0.0
5689,0.33232081313160816,0.0,0.0
5690,0.33237922775863077,0.0,0.0
5691,0.3324376423856534,0.0,0.0
5692,0.332496057012676,0.0,0.0
5693,0.3325544716396986,0.0,0.0
5694,0.3326128862667212,0.0,0.0
5695,0.3326713008937438,0.0,0.0
5696,0.3327297155207664,0.0,0.0
5697,0.332788130147789,0.0,0.0
5698,0.3328465447748116,0.0,0.0
5699,0.33290495940183423,0.0,0.0
5700,0.33296337402885684,0.0,0.0
5701,0.33302178865587945,0.0,0.0
5702,0.33308020328290205,0.0,0.0
5703,0.33313861790992466,0.0,0.0
5704,0.33319703253694727,0.0,0.0
5705,0.3332554471639699,0.0,0.0
5706,0.3333138617909925,0.0,0.0
5707,0.3333722764180151,0.0,0.0
5708,0.3334306910450377,0.0,0.0
5709,0.3334891056720603,0.0,0.0
5710,0.3335475202990829,0.0,0.0
5711,0.3336059349261055,0.0,0.0
5712,0.3336643495531281,0.0,0.0
5713,0.33372276418015073,0.0,0.0
5714,0.33378117880717334,0.0,0.0
5715,0.33383959343419595,0.0,0.0
5716,0.33389800806121855,0.0,0.0
5717,0.33395642268824116,0.0,0.0
5718,0.33401483731526377,0.0,0.0
5719,0.3340732519422864,0.0,0.0
5720,0.334131666569309,0.0,0.0
5721,0.33419008119633153,0.0,0.0
5722,0.33424849582335414,0.0,0.0
5723,0.33430691045037675,0.0,0.0
5724,0.33436532507739936,0.0,0.0
5725,0.33442373970442196,0.0,0.0
5726,0.33448215433144457,0.0,0.0
5727,0.3345405689584672,0.0,0.0
5728,0.3345989835854898,0.0,0.0
5729,0.3346573982125124,0.0,0.0
5730,0.334715812839535,0.0,0.0
5731,0.3347742274665576,0.0,0.0
5732,0.3348326420935802,0.0,0.0
5733,0.3348910567206028,0.0,0.0
5734,0.3349494713476254,0.0,0.0
5735,0.33500788597464803,0.0,0.0
5736,0.33506630060167064,0.0,0.0
5737,0.33512471522869325,0.0,0.0
5738,0.33518312985571586,0.0,0.0
5739,0.33524154448273846,0.0,0.0
5740,0.33529995910976107,0.0,0.0
5741,0.3353583737367837,0.0,0.0
5742,0.3354167883638063,0.0,0.0
5743,0.3354752029908289,0.0,0.0
5744,0.3355336176178515,0.0,0.0
5745,0.3355920322448741,0.0,0.0
5746,0.3356504468718967,0.0,0.0
5747,0.3357088614989193,0.0,0.0
5748,0.3357672761259419,0.0,0.0
5749,0.33582569075296453,0.0,0.0
5750,0.33588410537998714,0.0,0.0
5751,0.33594252000700975,0.0,0.0
5752,0.33600093463403236,0.0,0.0
5753,0.33605934926105496,0.0,0.0
5754,0.33611776388807757,0.0,0.0
5755,0.3361761785151002,0.0,0.0
5756,0.3362345931421228,0.0,0.0
5757,0.3362930077691454,0.0,0.0
5758,0.336351422396168,0.0,0.0
5759,0.3364098370231906,0.0,0.0
5760,0.3364682516502132,0.0,0.0
5761,0.3365266662772358,0.0,0.0
5762,0.3365850809042584,0.0,0.0
5763,0.33664349553128103,0.0,0.0
5764,0.33670191015830364,0.0,0.0
5765,0.33676032478532625,0.0,0.0
5766,0.33681873941234886,0.0,0.0
5767,0.33687715403937146,0.0,0.0
5768,0.33693556866639407,0.0,0.0
5769,0.3369939832934167,0.0,0.0
5770,0.3370523979204393,0.0,0.0
5771,0.3371108125474619,0.0,0.0
5772,0.3371692271744845,0.0,0.0
5773,0.3372276418015071,0.0,0.0
5774,0.3372860564285297,0.0,0.0
5775,0.3373444710555523,0.0,0.0
5776,0.3374028856825749,0.0,0.0
5777,0.33746130030959753,0.0,0.0
5778,0.33751971493662014,0.0,0.0
5779,0.33757812956364275,0.0,0.0
5780,0.33763654419066536,0.0,0.0
5781,0.33769495881768796,0.0,0.0
5782,0.33775337344471057,0.0,0.0
5783,0.3378117880717332,0.0,0.0
5784,0.3378702026987558,0.0,0.0
5785,0.3379286173257784,0.0,0.0
5786,0.337987031952801,0.0,0.0
5787,0.3380454465798236,0.0,0.0
5788,0.3381038612068462,0.0,0.0
5789,0.3381622758338688,0.0,0.0
5790,0.3382206904608914,0.0,0.0
5791,0.33827910508791403,0.0,0.0
5792,0.33833751971493664,0.0,0.0
5793,0.33839593434195925,0.0,0.0
5794,0.33845434896898186,0.0,0.0
5795,0.33851276359600446,0.0,0.0
5796,0.33857117822302707,0.0,0.0
5797,0.3386295928500497,0.0,0.0
5798,0.3386880074770723,0.0,0.0
5799,0.3387464221040949,0.0,0.0
5800,0.3388048367311175,0.0,0.0
5801,0.3388632513581401,0.0,0.0
5802,0.3389216659851627,0.0,0.0
5803,0.33898008061218526,0.0,0.0
5804,0.33903849523920787,0.0,0.0
5805,0.3390969098662305,0.0,0.0
5806,0.3391553244932531,0.0,0.0
5807,0.3392137391202757,0.0,0.0
5808,0.3392721537472983,0.0,0.0
5809,0.3393305683743209,0.0,0.0
5810,0.3393889830013435,0.0,0.0
5811,0.3394473976283661,0.0,0.0
5812,0.33950581225538873,0.0,0.0
5813,0.33956422688241134,0.0,0.0
5814,0.33962264150943394,0.0,0.0
5815,0.33968105613645655,0.0,0.0
5816,0.33973947076347916,0.0,0.0
5817,0.33979788539050176,0.0,0.0
5818,0.33985630001752437,0.0,0.0
5819,0.339914714644547,0.0,0.0
5820,0.3399731292715696,0.0,0.0
5821,0.3400315438985922,0.0,0.0
5822,0.3400899585256148,0.0,0.0
5823,0.3401483731526374,0.0,0.0
5824,0.34020678777966,0.0,0.0
5825,0.3402652024066826,0.0,0.0
5826,0.34032361703370523,0.0,0.0
5827,0.34038203166072784,0.0,0.0
5828,0.34044044628775044,0.0,0.0
5829,0.34049886091477305,0.0,0.0
5830,0.34055727554179566,0.0,0.0
5831,0.34061569016881826,0.0,0.0
5832,0.34067410479584087,0.0,0.0
5833,0.3407325194228635,0.0,0.0
5834,0.3407909340498861,0.0,0.0
5835,0.3408493486769087,0.0,0.0
5836,0.3409077633039313,0.0,0.0
5837,0.3409661779309539,0.0,0.0
5838,0.3410245925579765,0.0,0.0
5839,0.3410830071849991,0.0,0.0
5840,0.34114142181202173,0.0,0.0
5841,0.34119983643904434,0.0,0.0
5842,0.34125825106606694,0.0,0.0
5843,0.34131666569308955,0.0,0.0
5844,0.34137508032011216,0.0,0.0
5845,0.34143349494713476,0.0,0.0
5846,0.34149190957415737,0.0,0.0
5847,0.34155032420118,0.0,0.0
5848,0.3416087388282026,0.0,0.0
5849,0.3416671534552252,0.0,0.0
5850,0.3417255680822478,0.0,0.0
5851,0.3417839827092704,0.0,0.0
5852,0.341842397336293,0.0,0.0
5853,0.3419008119633156,0.0,0.0
5854,0.34195922659033823,0.0,0.0
5855,0.34201764121736083,0.0,0.0
5856,0.34207605584438344,0.0,0.0
5857,0.34213447047140605,0.0,0.0
5858,0.34219288509842866,0.0,0.0
5859,0.34225129972545126,0.0,0.0
5860,0.34230971435247387,0.0,0.0
5861,0.3423681289794965,0.0,0.0
5862,0.3424265436065191,0.0,0.0
5863,0.3424849582335417,0.0,0.0
5864,0.3425433728605643,0.0,0.0
5865,0.3426017874875869,0.0,0.0
5866,0.3426602021146095,0.0,0.0
5867,0.3427186167416321,0.0,0.0
5868,0.3427770313686547,0.0,0.0
5869,0.34283544599567733,0.0,0.0
5870,0.34289386062269994,0.0,0.0
5871,0.34295227524972255,0.0,0.0
5872,0.34301068987674516,0.0,0.0
5873,0.34306910450376776,0.0,0.0
5874,0.34312751913079037,0.0,0.0
5875,0.343185933757813,0.0,0.0
5876,0.3432443483848356,0.0,0.0
5877,0.3433027630118582,0.0,0.0
5878,0.3433611776388808,0.0,0.0
5879,0.3434195922659034,0.0,0.0
5880,0.343478006892926,0.0,0.0
5881,0.3435364215199486,0.0,0.0
5882,0.3435948361469712,0.0,0.0
5883,0.34365325077399383,0.0,0.0
5884,0.34371166540101644,0.0,0.0
5885,0.343770080028039,0.0,0.0
5886,0.3438284946550616,0.0,0.0
5887,0.3438869092820842,0.0,0.0
5888,0.3439453239091068,0.0,0.0
5889,0.3440037385361294,0.0,0.0
5890,0.34406215316315203,0.0,0.0
5891,0.34412056779017464,0.0,0.0
5892,0.34417898241719724,0.0,0.0
5893,0.34423739704421985,0.0,0.0
5894,0.34429581167124246,0.0,0.0
5895,0.34435422629826506,0.0,0.0
5896,0.34441264092528767,0.0,0.0
5897,0.3444710555523103,0.0,0.0
5898,0.3445294701793329,0.0,0.0
5899,0.3445878848063555,0.0,0.0
5900,0.3446462994333781,0.0,0.0
5901,0.3447047140604007,0.0,0.0
5902,0.3447631286874233,0.0,0.0
5903,0.3448215433144459,0.0,0.0
5904,0.34487995794146853,0.0,0.0
5905,0.34493837256849114,0.0,0.0
5906,0.34499678719551374,0.0,0.0
5907,0.34505520182253635,0.0,0.0
5908,0.34511361644955896,0.0,0.0
5909,0.34517203107658156,0.0,0.0
5910,0.34523044570360417,0.0,0.0
5911,0.3452888603306268,0.0,0.0
5912,0.3453472749576494,0.0,0.0
5913,0.345405689584672,0.0,0.0
5914,0.3454641042116946,0.0,0.0
5915,0.3455225188387172,0.0,0.0
5916,0.3455809334657398,0.0,0.0
5917,0.3456393480927624,0.0,0.0
5918,0.34569776271978503,0.0,0.0
5919,0.34575617734680764,0.0,0.0
5920,0.34581459197383024,0.0,0.0
5921,0.34587300660085285,0.0,0.0
5922,0.34593142122787546,0.0,0.0
5923,0.34598983585489806,0.0,0.0
5924,0.34604825048192067,0.0,0.0
5925,0.3461066651089433,0.0,0.0
5926,0.3461650797359659,0.0,0.0
5927,0.3462234943629885,0.0,0.0
5928,0.3462819089900111,0.0,0.0
5929,0.3463403236170337,0.0,0.0
5930,0.3463987382440563,0.0,0.0
5931,0.3464571528710789,0.0,0.0
5932,0.34651556749810153,0.0,0.0
5933,0.34657398212512414,0.0,0.0
5934,0.34663239675214674,0.0,0.0
5935,0.34669081137916935,0.0,0.0
5936,0.34674922600619196,0.0,0.0
5937,0.34680764063321456,0.0,0.0
5938,0.34686605526023717,0.0,0.0
5939,0.3469244698872598,0.0,0.0
5940,0.3469828845142824,0.0,0.0
5941,0.347041299141305,0.0,0.0
5942,0.3470997137683276,0.0,0.0
5943,0.3471581283953502,0.0,0.0
5944,0.3472165430223728,0.0,0.0
5945,0.3472749576493954,0.0,0.0
5946,0.34733337227641803,0.0,0.0
5947,0.34739178690344064,0.0,0.0
5948,0.34745020153046324,0.0,0.0
5949,0.34750861615748585,0.0,0.0
5950,0.34756703078450846,0.0,0.0
5951,0.34762544541153106,0.0,0.0
5952,0.34768386003855367,0.0,0.0
5953,0.3477422746655763,0.0,0.0
5954,0.3478006892925989,0.0,0.0
5955,0.3478591039196215,0.0,0.0
5956,0.3479175185466441,0.0,0.0
5957,0.3479759331736667,0.0,0.0
5958,0.3480343478006893,0.0,0.0
5959,0.3480927624277119,0.0,0.0
5960,0.34815117705473453,0.0,0.0
5961,0.34820959168175714,0.0,0.0
5962,0.34826800630877974,0.0,0.0
5963,0.34832642093580235,2.912161485110099e-06,0.0
5964,0.34838483556282496,5.021547120647055e-06,8.702084149153722e-05
5965,0.34844325018984756,7.575570980441477e-06,0.00017382235355466714
5966,0.34850166481687017,1.0740104099286515e-05,0.00026006675046595293
5967,0.3485600794438927,1.447206918375437e-05,0.00034630535474654777
5968,0.34861849407091533,1.8302184673971433e-05,0.00043237634036665516
5969,0.34867690869793794,2.2234892465929742e-05,0.0005181570879571656
5970,0.34873532332496054,2.6643470200474136e-05,0.0006039168320248468
5971,0.34879373795198315,3.133571862098143e-05,0.0006892095627826836
5972,0.34885215257900576,3.537351258684397e-05,0.000774593338497289
5973,0.34891056720602837,4.056516485073862e-05,0.0008599191675982457
5974,0.348968981833051,4.6158816478434796e-05,0.0009450983761491537
5975,0.3490273964600736,5.175397931155812e-05,0.0010301313417460727
5976,0.3490858110870962,5.7566342510279684e-05,0.001115066260668182
5977,0.3491442257141188,6.338114551239808e-05,0.0011998628728145354
5978,0.3492026403411414,6.919905228349229e-05,0.0012845215157353885
5979,0.349261054968164,7.54874551765912e-05,0.0013691596782474755
5980,0.3493194695951866,7.950843910802716e-05,0.0014536748043952284
5981,0.3493778842222092,8.555065769823922e-05,0.0015375416417527975
5982,0.34943629884923183,9.186537623522611e-05,0.0016213679225156802
5983,0.34949471347625444,9.818314286668553e-05,0.0017054660185895796
5984,0.34955312810327704,9.966591427019005e-05,0.001789442290486132
5985,0.34961154273029965,0.00010263194369752842,0.001873376761612807
5986,0.34966995735732226,0.00010708120804800997,0.001957196953580394
5987,0.34972837198434487,0.00011301368422142371,0.0020409030996215824
5988,0.3497867866113675,0.00011933252190426427,0.0021244954323348204
5989,0.3498452012383901,0.00012569385987007167,0.002208067940552017
5990,0.3499036158654127,0.00013229018026472545,0.0022915340547422025
5991,0.3499620304924353,0.00013766071097527546,0.002374893977947413
5992,0.3500204451194579,0.00014028844082561676,0.0024581479126933674
5993,0.3500788597464805,0.00014556438261160106,0.0025412960609911056
5994,0.3501372743735031,0.00015159784656792446,0.002624338624338624
5995,0.3501956890005257,0.00015819223508442762,0.002706474394214911
5996,0.35025410362754833,0.0001647904078918419,0.002787044466027617
5997,0.35031251825457094,0.0001716979654110108,0.0028690772541242987
5998,0.35037093288159354,0.00017894088980851335,0.0029517183217372973
5999,0.35042934750861615,0.00018618230508706283,0.0030342618736567068
6000,0.35048776213563876,0.000189800895422076,0.003116708082382176
6001,0.35054617676266137,0.00019704726746477263,0.003199057120006735
6002,0.350604591389684,0.00020448948087336245,0.003281309158217997
6003,0.3506630060167066,0.0002121092622382204,0.0033634643682993485
6004,0.3507214206437292,0.000219729411689767,0.00344552292113114
6005,0.3507798352707518,0.00022735639954486338,0.00352763312615488
6006,0.3508382498977744,0.00023498284927893435,0.003609653725078699
6007,0.350896664524797,0.000242613621941947,0.0036915848645020554
6008,0.3509550791518196,0.0002502479923896726,0.0037734266907047923
6009,0.3510134937788422,0.0002582666113905671,0.0038551793496480052
6010,0.35107190840586483,0.0002662942567925916,0.003936842986974913
6011,0.35113032303288744,0.00027432978156325793,0.00401841774801172
6012,0.35118873765991004,0.000282372919902263,0.004099903777768481
6013,0.35124715228693265,0.0002904238181323481,0.0041813012209399565
6014,0.35130556691395526,0.000298919118450339,0.004262610221906473
6015,0.35136398154097787,0.00030741486714226467,0.004343830924734776
6016,0.3514223961680005,0.00031591296577739925,0.004424963473178877
6017,0.3514808107950231,0.00032441099983398326,0.004506008010680908
6018,0.3515392254220457,0.00033291381387462563,0.004586964680371961
6019,0.3515976400490683,0.0003414222917189809,0.004667833625072935
6020,0.3516560546760909,0.00034994929403129677,0.004748614987295372
6021,0.3517144693031135,0.0003586462414951413,0.004829509971272742
6022,0.3517728839301361,0.00036740927766225475,0.004910324164620698
6023,0.3518312985571587,0.00037627749409927755,0.004991057688308448
6024,0.35188971318418133,0.00038525055265406727,0.005071710663063812
6025,0.35194812781120394,0.0003942734919519262,0.005152283209373831
6026,0.35200654243822654,0.0004033034363100477,0.005232775447485361
6027,0.35206495706524915,0.00041233591339025406,0.00531318749740567
6028,0.35212337169227176,0.0004213674910780725,0.005393519478903041
6029,0.35218178631929437,0.0004304001174246963,0.0054737715115073604
6030,0.352240200946317,0.0004399766719793076,0.005553943714510714
6031,0.3522986155733396,0.0004495715022601531,0.005634036206967977
6032,0.3523570302003622,0.000459167709834262,0.005714049107697404
6033,0.3524154448273848,0.0004687621446518215,0.005793982535281215
6034,0.3524738594544074,0.0004783652271414003,0.005873836608066184
6035,0.35253227408143,0.0004879693759057666,0.00595361144416422
6036,0.3525906887084526,0.0004975765644525341,0.0060333071614529525
6037,0.3526491033354752,0.00050720480629288,0.006112923877576309
6038,0.35270751796249783,0.000516836690772229,0.006192461709945094
6039,0.35276593258952044,0.0005264680177802384,0.00627192077573757
6040,0.35282434721654304,0.0005361065442945315,0.006351301191900029
6041,0.35288276184356565,0.0005461041279841492,0.006430868167202572
6042,0.35294117647058826,0.0005563405651665647,0.006510363014545305
6043,0.35299959109761087,0.0005666102228809198,0.006589785831960461
6044,0.3530580057246335,0.0005768825131475998,0.006669136717302705
6045,0.3531164203516561,0.0005871627553292901,0.006748415768249527
6046,0.3531748349786787,0.0005974411921989338,0.0068276230823016495
6047,0.3532332496057013,0.0006077335175610207,0.006906758756783424
6048,0.3532916642327239,0.0006180501018922838,0.00698582288884323
6049,0.3533500788597465,0.0006285678450875403,0.007064815575453873
6050,0.35340849348676906,0.0006392388313277757,0.007143736913412982
6051,0.35346690811379167,0.0006500419400761517,0.007222586999343401
6052,0.3535253227408143,0.0006609752905123167,0.007301365929693588
6053,0.3535837373678369,0.0006719756779050193,0.007380073800738007
6054,0.3536421519948595,0.0006829731615681993,0.007458710708577517
6055,0.3537005666218821,0.0006940154876004128,0.0075372767491397675
6056,0.3537589812489047,0.000705057602157212,0.007615772018179584
6057,0.3538173958759273,0.0007161094428325958,0.007694196611279365
6058,0.3538758105029499,0.0007271729061886378,0.007772550623849458
6059,0.3539342251299725,0.0007382376693764709,0.007850834151128557
6060,0.35399263975699513,0.000749306109409266,0.007929047288184084
6061,0.35405105438401774,0.0007603910478489798,0.008007190129912575
6062,0.35410946901104035,0.0007714850089462257,0.00808526277104006
6063,0.35416788363806295,0.0007830053326493058,0.00816326530612245
6064,0.35422629826508556,0.0007949273333039511,0.008241197829545919
6065,0.35428471289210817,0.0008068529452531882,0.008319060435527282
6066,0.3543431275191308,0.0008187754011746502,0.008396853218114377
6067,0.3544015421461534,0.0008306996979946145,0.008474921566230698
6068,0.354459956773176,0.0008426209833355719,0.008552926322648964
6069,0.3545183714001986,0.0008545443961425874,0.008630867565036844
6070,0.3545767860272212,0.0008664805686973227,0.00870874537093558
6071,0.3546352006542438,0.0008784174699260342,0.00878655981776024
6072,0.3546936152812664,0.0008903659320082545,0.008864310982799984
6073,0.354752029908289,0.0009023142475693866,0.008941998943218307
6074,0.35481044453531163,0.0009142686602815164,0.009019623776053306
6075,0.35486885916233424,0.0009262213488873969,0.009097185558217926
6076,0.35492727378935685,0.0009381723137599861,0.009174684366500223
6077,0.35498568841637945,0.0009501329729107708,0.009252120277563608
6078,0.35504410304340206,0.0009620960484459345,0.009329493367947106
6079,0.35510251767042467,0.0009740714371867642,0.009406803714065604
6080,0.3551609322974473,0.00098604937302559,0.009484051392210108
6081,0.3552193469244699,0.0009979148819898353,0.009561236478547988
6082,0.3552777615514925,0.0010098904722083695,0.009638359049123234
6083,0.3553361761785151,0.0010218667765944489,0.009715419179856698
6084,0.3553945908055377,0.0010338422178052028,0.009792416946546352
6085,0.3554530054325603,0.0010458230770600994,0.009869352424867531
6086,0.3555114200595829,0.0010582179684111527,0.009946225690373185
6087,0.3555698346866055,0.0010707048577517583,0.010023036818494119
6088,0.35562824931362813,0.0010835225539206376,0.010099785884539247
6089,0.35568666394065074,0.001096374327706838,0.010176472963695837
6090,0.35574507856767335,0.0011092444162670721,0.01025309813102975
6091,0.35580349319469595,0.0011221680386854034,0.010329661461485696
6092,0.35586190782171856,0.0011351107990306127,0.010406163029887469
6093,0.35592032244874117,0.0011480757312906026,0.010455623919250413
6094,0.3559787370757638,0.0011610416625292368,0.01053181653736383
6095,0.3560371517027864,0.0011740176807140037,0.01060794792461928
6096,0.356095566329809,0.001186999677723776,0.010684018154797767
6097,0.3561539809568316,0.0011999944693232483,0.01076002730156181
6098,0.3562123955838542,0.0012129899789929217,0.010835975438455672
6099,0.3562708102108768,0.0012259876279967572,0.010911862638905605
6100,0.3563292248378994,0.0012389895691646447,0.010987688976220074
6101,0.356387639464922,0.0012519927179401023,0.01106345452359001
6102,0.35644605409194463,0.0012650223939660035,0.011139605706042634
6103,0.35650446871896724,0.0012780594049704571,0.011215701982775887
6104,0.35656288334598985,0.0012910955634883791,0.011291743413149676
6105,0.35662129797301245,0.0013041337120751652,0.011367730056438378
6106,0.35667971260003506,0.001317176806624962,0.011443661971830986
6107,0.35673812722705767,0.0013302192189238015,0.011519539218431263
6108,0.3567965418540803,0.0013432656330889668,0.011595361855257898
6109,0.3568549564811029,0.0013567036663940742,0.011671129941244654
6110,0.3569133711081255,0.0013703500320747144,0.01174684353524053
6111,0.3569717857351481,0.0013842554428299889,0.011822502696009905
6112,0.3570302003621707,0.001398385595290824,0.011898107482232691
6113,0.3570886149891933,0.0014125512839647512,0.01197365795250449
6114,0.3571470296162159,0.001426733205225063,0.012049154165336739
6115,0.3572054442432385,0.0014409342651176618,0.012124596179156863
6116,0.35726385887026113,0.0014551452615645867,0.012199984052308429
6117,0.35732227349728374,0.0014693689287481402,0.012275317843051293
6118,0.35738068812430634,0.0014835950639883184,0.012350597609561753
6119,0.35743910275132895,0.0014978238198604893,0.012425823409932693
6120,0.35749751737835156,0.0015120643999133917,0.01250099530217374
6121,0.35755593200537417,0.0015263025933808184,0.012576113344211406
6122,0.3576143466323968,0.001540578969604001,0.012651177593889243
6123,0.3576727612594194,0.0015548577658963873,0.012726188108967985
6124,0.357731175886442,0.0015691457889398062,0.012801144947125706
6125,0.3577895905134646,0.001583448685334316,0.012876048165957953
6126,0.3578480051404872,0.001597764844769642,0.012950897822977913
6127,0.3579064197675098,0.0016120917576236753,0.013025693975616537
6128,0.3579648343945324,0.001626429731827369,0.013100436681222707
6129,0.358023249021555,0.001640779075766123,0.013175125997063376
6130,0.35808166364857763,0.0016553388515296668,0.013249761980323706
6131,0.35814007827560024,0.0016700356193735503,0.01332434468810723
6132,0.3581984929026228,0.001685067643664056,0.013398874177435979
6133,0.3582569075296454,0.0017001238857685566,0.013473350505250644
6134,0.358315322156668,0.0017151791039186034,0.013547773728410711
6135,0.3583737367836906,0.0017302486553668612,0.01362214390369461
6136,0.3584321514107132,0.0017454308184845738,0.013696461087799858
6137,0.3584905660377358,0.0017607785082415877,0.0137707253373432
6138,0.35854898066475843,0.0017761794815534023,0.013844936708860759
6139,0.35860739529178104,0.0017917281070763868,0.013919095258808177
6140,0.35866580991880365,0.0018073333353649198,0.013993201043560756
6141,0.35872422454582625,0.0018229508126219659,0.014067254119413602
6142,0.35878263917284886,0.0018386016320318529,0.014141254542581767
6143,0.35884105379987147,0.0018542604053975733,0.014215202369200396
6144,0.3588994684268941,0.0018699593461236242,0.01428909765532486
6145,0.3589578830539167,0.0018856545383091601,0.014362940456930907
6146,0.3590162976809393,0.001901345983296617,0.0144367308299148
6147,0.3590747123079619,0.0019170580898645781,0.014510468830093451
6148,0.3591331269349845,0.0019327729973436794,0.014584154513204573
6149,0.3591915415620071,0.0019484846541909756,0.014658365513436834
6150,0.3592499561890297,0.0019641946239228013,0.014732529740802016
6151,0.3593083708160523,0.0019799037319689675,0.014806647239505396
6152,0.35936678544307493,0.0019956132612738223,0.014880718053696559
6153,0.35942520007009754,0.002011328022762771,0.0149547422274695
6154,0.35948361469712015,0.0020270478445637524,0.015028719804862695
6155,0.35954202932414275,0.00204277291277534,0.0151026508298592
6156,0.35960044395116536,0.002058503413554663,0.015176535346386726
6157,0.35965885857818797,0.0020742329371601954,0.015250373398317743
6158,0.3597172732052106,0.002089960275330811,0.015324165029469547
6159,0.3597756878322332,0.0021056912959997102,0.015397910283604368
6160,0.3598341024592558,0.0021214222247896686,0.015471609204429436
6161,0.3598925170862784,0.0021371525087065858,0.015545261835597079
6162,0.359950931713301,0.0021528931863679054,0.015618868220704811
6163,0.3600093463403236,0.00216863161261604,0.01569242840329541
6164,0.3600677609673462,0.0021843764660551632,0.01576594242685701
6165,0.3601261755943688,0.0022001279330260523,0.015839410334823178
6166,0.36018459022139143,0.0022158836850512866,0.01591283217057302
6167,0.36024300484841404,0.0022316400564674887,0.015986207977431235
6168,0.36030141947543665,0.0022474034767972673,0.016059537798668234
6169,0.36035983410245925,0.002263180874147577,0.016132821677500197
6170,0.36041824872948186,0.0022789589990494506,0.016206059657089173
6171,0.36047666335650447,0.0022947356201168064,0.016279251780543163
6172,0.3605350779835271,0.0023105107375646326,0.016352398090916202
6173,0.3605934926105497,0.00232628567125262,0.016425498631208447
6174,0.3606519072375723,0.002342067090732237,0.01649855344436625
6175,0.3607103218645949,0.0023578471316600884,0.016571562573282263
6176,0.3607687364916175,0.002373635218522028,0.0166445260607955
6177,0.3608271511186401,0.0023894220517251766,0.01671744394969143
6178,0.3608855657456627,0.0024052076314188494,0.01679031628270207
6179,0.3609439803726853,0.0024210111803534677,0.01686314310250605
6180,0.36100239499970793,0.002436813725482456,0.01693592445172871
6181,0.36106080962673054,0.00245261526690145,0.017008660372942186
6182,0.36111922425375315,0.0024684354021394478,0.01708135090866547
6183,0.36117763888077575,0.0024842688715254013,0.017153996101364522
6184,0.36123605350779836,0.002500107437223974,0.017226595993452335
6185,0.36129446813482097,0.0025159454999606934,0.017299150627289022
6186,0.3613528827618436,0.0025317830597595173,0.017371660045181897
6187,0.3614112973888662,0.0025482732356941614,0.017444124289385562
6188,0.3614697120158888,0.002564895316494206,0.017516543402101986
6189,0.3615281266429114,0.002581573273271019,0.017588917425480584
6190,0.361586541269934,0.0025984916191725328,0.0176612464016183
6191,0.3616449558969566,0.002615478723410904,0.017733530372559696
6192,0.3617033705239792,0.00263247764732318,0.017805769380297022
6193,0.3617617851510018,0.0026495400630221944,0.017877963466770307
6194,0.36182019977802443,0.002666614668339191,0.017950112673867435
6195,0.36187861440504704,0.0026837620462324065,0.018022217043424223
6196,0.36193702903206965,0.0027009841678559757,0.01809427661722451
6197,0.36199544365909225,0.0027182099202484556,0.018166291437000232
6198,0.36205385828611486,0.0027355979939061186,0.01823826154443151
6199,0.36211227291313747,0.0027529965752131316,0.018310186981146715
6200,0.3621706875401601,0.0027704225112091516,0.01838206778872256
6201,0.3622291021671827,0.0027878598395447056,0.01845390400868419
6202,0.3622875167942053,0.0028053255393518193,0.01852569568250523
6203,0.3623459314212279,0.0028228084796859043,0.018597442851607904
6204,0.3624043460482505,0.0028403073716223555,0.01866914555736308
6205,0.3624627606752731,0.00285780220887783,0.018740803841090375
6206,0.3625211753022957,0.002875296653080666,0.01881241774405822
6207,0.3625795899293183,0.0028780718393677587,0.018883987307483942
6208,0.36263800455634093,0.00288466397864415,0.018955512572533847
6209,0.36269641918336354,0.0029021561194137162,0.019026993580323306
6210,0.36275483381038615,0.0029196486992731745,0.019098430371916802
6211,0.36281324843740875,0.002937146155031786,0.01916982298832805
6212,0.36287166306443136,0.002954645133246539,0.01924117147052005
6213,0.36293007769145397,0.0029721545471421765,0.019312475859405175
6214,0.3629884923184765,0.002989667545865539,0.019383736195845238
6215,0.3630469069454991,0.0030071771151015526,0.019454952520651585
6216,0.36310532157252173,0.0030246886399703924,0.019526124874585167
6217,0.36316373619954434,0.003042218457861168,0.01959725329835661
6218,0.36322215082656695,0.003059745155897299,0.019668337832626302
6219,0.36328056545358955,0.0030772851637670606,0.019740139568955546
6220,0.36333898008061216,0.0030948222377595418,0.019811902559358618
6221,0.36339739470763477,0.003112372992100977,0.019883626835189395
6222,0.3634558093346574,0.003129924711017055,0.01995531242776793
6223,0.36351422396168,0.003147492388710556,0.02002695936838051
6224,0.3635726385887026,0.0031650575662927043,0.020098567688279684
6225,0.3636310532157252,0.0031826364192525727,0.02017013741868432
6226,0.3636894678427478,0.0032002156600615676,0.020241668590779652
6227,0.3637478824697704,0.003217796423416722,0.02031316123571731
6228,0.363806297096793,0.0032353765795695355,0.020384615384615383
6229,0.3638647117238156,0.003252958634663986,0.020456031068558464
6230,0.36392312635083823,0.003270538501209757,0.020527408318597676
6231,0.36398154097786084,0.0032881161796154573,0.02059874716575074
6232,0.36403995560488345,0.003305698200920965,0.020670047641002
6233,0.36409837023190605,0.0033232813860395913,0.020741309775302478
6234,0.36415678485892866,0.00334086446699517,0.020812533599569926
6235,0.36421519948595127,0.003358445484958716,0.020883719144688857
6236,0.3642736141129739,0.0033760338707907542,0.02095486644151059
6237,0.3643320287399965,0.0033936289088987034,0.021025975520853318
6238,0.3643904433670191,0.0034112321758628084,0.02109704641350211
6239,0.3644488579940417,0.0034288336699098646,0.021168079150208997
6240,0.3645072726210643,0.003446438495592415,0.02123907376169299
6241,0.3645656872480869,0.0034640525936511395,0.021310030278640143
6242,0.3646241018751095,0.003481669501339704,0.02138094873170358
6243,0.3646825165021321,0.0034992952075197812,0.021451829151503544
6244,0.36474093112915473,0.003516919452113777,0.02152267156862745
6245,0.36479934575617734,0.0035345631700438116,0.021593476013629924
6246,0.36485776038319995,0.0035522687509497914,0.02166424251703284
6247,0.36491617501022255,0.003570005418718538,0.021734971109325374
6248,0.36497458963724516,0.0035877417713409535,0.02180566182096404
6249,0.36503300426426777,0.00360589971882742,0.02187631468237274
6250,0.3650914188912904,0.0036242617184259595,0.021946929723942802
6251,0.365149833518313,0.0036428234583829678,0.022017506976033028
6252,0.3652082481453356,0.003661598031577617,0.022088046468969735
6253,0.3652666627723582,0.0036804405567026875,0.0221585482330468
6254,0.3653250773993808,0.003699301922292945,0.022229012298525704
6255,0.3653834920264034,0.0037181681585441383,0.02229943869563557
6256,0.365441906653426,0.0037372035247669588,0.022369827454573218
6257,0.3655003212804486,0.003756472900490727,0.022440178605503187
6258,0.36555873590747123,0.0037757585675820145,0.022510492178557804
6259,0.36561715053449384,0.0037950960638820767,0.022580768203837205
6260,0.36567556516151645,0.003814611701865905,0.022651006711409395
6261,0.36573397978853905,0.0038342166277637946,0.022721207731310283
6262,0.36579239441556166,0.0038538341337536735,0.022791371293543715
6263,0.36585080904258427,0.0038734448781126032,0.02286149742808154
6264,0.3659092236696069,0.003893052152571129,0.02293158616486363
6265,0.3659676382966295,0.00391267913835361,0.023001637533797935
6266,0.3660260529236521,0.003932322903125617,0.02307165156476053
6267,0.3660844675506747,0.003951973777913857,0.023141628287595632
6268,0.3661428821776973,0.003971627935465884,0.023211567732115676
6269,0.3662012968047199,0.003991340758987523,0.02328146992810134
6270,0.3662597114317425,0.0040110522545042755,0.02335133490530159
6271,0.3663181260587651,0.0040307747261372024,0.02342116269343371
6272,0.36637654068578773,0.004050498840865516,0.023490953322183365
6273,0.36643495531281034,0.004070227444632314,0.023560706821204636
6274,0.36649336993983295,0.004089975854050449,0.023630423220120052
6275,0.36655178456685555,0.004109719466902139,0.023700102548520643
6276,0.36661019919387816,0.004129472213540763,0.02376974483596598
6277,0.36666861382090077,0.0041492482843387985,0.02383935011198421
6278,0.3667270284479234,0.004169019953625282,0.023908918406072108
6279,0.366785443074946,0.0041887872228695035,0.02397844974769511
6280,0.3668438577019686,0.004208552551010292,0.02404794416628736
6281,0.3669022723289912,0.004228320054030055,0.024117401691251754
6282,0.3669606869560138,0.004248106866655128,0.02418682235195997
6283,0.3670191015830364,0.004267891735495554,0.02425620617775251
6284,0.367077516210059,0.004287681193726064,0.02432555319793877
6285,0.3671359308370816,0.0043074666507421635,0.02439486344179704
6286,0.36719434546410423,0.004327261230311868,0.024464136938574566
6287,0.36725276009112684,0.004347053393051806,0.0245333737174876
6288,0.36731117471814945,0.004366849044145721,0.024602573807721424
6289,0.36736958934517205,0.004386651976741967,0.024671737238430393
6290,0.36742800397219466,0.004406484601858753,0.02474086403873799
6291,0.36748641859921727,0.004426313820422725,0.02480995423773685
6292,0.3675448332262399,0.004446139633311497,0.02487900786448881
6293,0.3676032478532625,0.00446597557611412,0.02494802494802495
6294,0.3676616624802851,0.004485828623563277,0.025017005517345627
6295,0.3677200771073077,0.004505682355337309,0.02508594960142053
6296,0.3677784917343303,0.004525540630319834,0.0251548572291887
6297,0.36783690636135286,0.004545400487474914,0.025223728429558584
6298,0.36789532098837546,0.004565260449902623,0.025292563231408077
6299,0.36795373561539807,0.004585117471125557,0.025361361663584558
6300,0.3680121502424207,0.004604973623629544,0.02543012375490492
6301,0.3680705648694433,0.004624832138631977,0.025498849534155633
6302,0.3681289794964659,0.004644707317205284,0.02556753903009277
6303,0.3681873941234885,0.004664591558931052,0.025636192271442034
6304,0.3682458087505111,0.004684473191448712,0.02570480928689884
6305,0.3683042233775337,0.004704356963462009,0.025773390105128302
6306,0.3683626380045563,0.004724241345439214,0.025841934754765313
6307,0.3684210526315789,0.004744131165128588,0.02591044326441457
6308,0.36847946725860153,0.004764039860019859,0.025978915662650603
6309,0.36853788188562414,0.0047839646780014605,0.02604735197801784
6310,0.36859629651264675,0.004803900815872894,0.02611575223903063
6311,0.36865471113966936,0.0048238376238379215,0.02618411647417328
6312,0.36871312576669196,0.0048437724203647696,0.026252444711900105
6313,0.36877154039371457,0.004863705205757827,0.02632073698063546
6314,0.3688299550207372,0.004883645833614619,0.026388993308773777
6315,0.3688883696477598,0.004903587003672135,0.02645721372467962
6316,0.3689467842747824,0.0049235262628173826,0.026525398256687708
6317,0.369005198901805,0.004943476077067296,0.026593546933102955
6318,0.3690636135288276,0.004963425684142845,0.026661659782200527
6319,0.3691220281558502,0.004983397420890226,0.02672973683222585
6320,0.3691804427828728,0.005003367546224641,0.026797778111394686
6321,0.3692388574098954,0.005023336060341106,0.026865783647893136
6322,0.36929727203691803,0.005043315678604174,0.02693375346987771
6323,0.36935568666394064,0.005063304586997738,0.027001687605475343
6324,0.36941410129096325,0.005083295340507291,0.027069586082783443
6325,0.36947251591798586,0.005103308711047124,0.027137448929869936
6326,0.36953093054500846,0.005123320870786016,0.02720527617477329
6327,0.36958934517203107,0.0051433557238222405,0.02727408961486588
6328,0.3696477597990537,0.00516341618574676,0.02734287212525283
6329,0.3697061744260763,0.005183475838682325,0.027411623726782505
6330,0.3697645890530989,0.005203534682677871,0.02748034444028454
6331,0.3698230036801215,0.00522359271778233,0.027549034286569844
6332,0.3698814183071441,0.0052437028072473,0.027617693286430656
6333,0.3699398329341667,0.005263812491241641,0.027686321460640526
6334,0.3699982475611893,0.005283921769777617,0.027754918829954366
6335,0.3700566621882119,0.0053040306428674905,0.027823485415108453
6336,0.37011507681523453,0.005324553284476863,0.02789202123682046
6337,0.37017349144225714,0.005345100033727627,0.027960526315789474
6338,0.37023190606927975,0.0053656699742052885,0.028029000672696015
6339,0.37029032069630236,0.005386256743839062,0.028097444328202062
6340,0.37034873532332496,0.005407200519131219,0.028165857302951066
6341,0.37040714995034757,0.005428281397218716,0.02823423961756797
6342,0.3704655645773702,0.005449436261395581,0.02830259129265925
6343,0.3705239792043928,0.005470731078791237,0.0283709123488129
6344,0.3705823938314154,0.005492071078812716,0.028439202806598493
6345,0.370640808458438,0.005513422208901395,0.028507462686567165
6346,0.3706992230854606,0.005534971633983316,0.02857569200925166
6347,0.3707576377124832,0.0055565658455008216,0.028643890795166344
6348,0.3708160523395058,0.005578182772514866,0.02871205906480722
6349,0.3708744669665284,0.005599937056433474,0.028780196838651954
6350,0.37093288159355103,0.00562168474401589,0.028848304137159896
6351,0.37099129622057364,0.005643518294419894,0.028916380980772097
6352,0.37104971084759625,0.005665628432364028,0.028984427389911332
6353,0.37110812547461886,0.005687765568505479,0.029052443384982123
6354,0.37116654010164146,0.005710039677389945,0.029120428986370746
6355,0.37122495472866407,0.005732371647893433,0.029188384214445272
6356,0.3712833693556867,0.005754741868087656,0.029256309089555572
6357,0.3713417839827093,0.005777127621638805,0.029324203632033342
6358,0.3714001986097319,0.00579957300573261,0.029392067862192128
6359,0.3714586132367545,0.005822044635155907,0.029459901800327332
6360,0.3715170278637771,0.0058445256225062615,0.02952770546671625
6361,0.3715754424907997,0.005867018773446701,0.029595478881618086
6362,0.3716338571178223,0.005889545971082085,0.029663222065273956
6363,0.3716922717448449,0.005912086090811589,0.02973093503790694
6364,0.37175068637186753,0.005934629355407548,0.029798617819722078
6365,0.37180910099889014,0.005957215622160622,0.029866231889428243
6366,0.37186751562591275,0.0059798013917770464,0.02993368651131775
6367,0.37192593025293536,0.006002394770288185,0.0300011111522649
6368,0.37198434487995796,0.006024981796208047,0.030068505832253286
6369,0.37204275950698057,0.006047562472215498,0.030135870571248752
6370,0.3721011741340032,0.006070136800987897,0.030203205389199392
6371,0.3721595887610258,0.006092704785201098,0.0302705103060356
6372,0.3722180033880484,0.006115266427529451,0.03033778534167006
6373,0.372276418015071,0.006137846381648862,0.030405030515997782
6374,0.3723348326420936,0.00616046927314654,0.030472245848896122
6375,0.3723932472691162,0.0061830863389572225,0.030539431360224793
6376,0.3724516618961388,0.006205697581330905,0.030606587069825896
6377,0.3725100765231614,0.006228303002516422,0.03067371299752393
6378,0.37256849115018403,0.006250902604761454,0.03074080916312581
6379,0.3726269057772066,0.006273533087682085,0.030807875586420893
6380,0.3726853204042292,0.006296158011367511,0.030874912287181002
6381,0.3727437350312518,0.006318814331247982,0.030941919285160432
6382,0.3728021496582744,0.0063414653518138525,0.03100889660009598
6383,0.372860564285297,0.006364111074924169,0.031075844251706956
6384,0.3729189789123196,0.0063867664375943664,0.031142762259695214
6385,0.37297739353934223,0.006409439088693799,0.031209650643745156
6386,0.37303580816636484,0.006432106704100508,0.03127650942352377
6387,0.37309422279338744,0.006454769285491981,0.03134333861868063
6388,0.37315263742041005,0.006477464685943125,0.031410138248847926
6389,0.37321105204743266,0.006500155312485862,0.03147690833364049
6390,0.37326946667445526,0.006522841166626301,0.03154364889265578
6391,0.37332788130147787,0.006545522249869913,0.031610359945473974
6392,0.3733862959285005,0.006568198563721539,0.031677041511657886
6393,0.3734447105555231,0.00659090510447915,0.03174369361075308
6394,0.3735031251825457,0.006613610623748461,0.03181031626228784
6395,0.3735615398095683,0.006636311635084349,0.03187690948577318
6396,0.3736199544365909,0.006659008139829183,0.03194347330070291
6397,0.3736783690636135,0.006681739148829744,0.03201000772655359
6398,0.3737367836906361,0.006704465911521412,0.03207651278278462
6399,0.37379519831765873,0.006727188429093937,0.03214298848883822
6400,0.37385361294468133,0.006749906702736623,0.03220943486413943
6401,0.37391202757170394,0.006772620733638329,0.032275851928096164
6402,0.37397044219872655,0.0067953305229874715,0.03234223970009923
6403,0.37402885682574916,0.00681807585537638,0.03240859819952232
6404,0.37408727145277176,0.0068408229083658685,0.03247492744572205
6405,0.37414568607979437,0.006863600340071151,0.032541227458037975
6406,0.374204100706817,0.006886374051314696,0.03260749825579261
6407,0.3742625153338396,0.006909144043007982,0.03267373985829142
6408,0.3743209299608622,0.006931976476752239,0.032739952284822904
6409,0.3743793445878848,0.00695482036760733,0.03280613555465854
6410,0.3744377592149074,0.006977661061129942,0.032872289687052865
6411,0.37449617384193,0.007000498557991298,0.032938414701243444
6412,0.3745545884689526,0.007023332858862433,0.03300451061645091
6413,0.3746130030959752,0.007046163964414193,0.03307057745187901
6414,0.37467141772299783,0.007068991875317236,0.033136615226714565
6415,0.37472983235002044,0.0070918372642807094,0.033202623960127534
6416,0.37478824697704305,0.007114700327553744,0.03326860367127102
6417,0.37484666160406566,0.007137560458872385,0.03333455437928129
6418,0.37490507623108826,0.007160417658800584,0.03340047610327779
6419,0.37496349085811087,0.007183271927902151,0.03346636886236315
6420,0.3750219054851335,0.0072061316661504934,0.03353223267562324
6421,0.3750803201121561,0.007228990633286028,0.033598067562127146
6422,0.3751387347391787,0.0072518502580430815,0.033663873540927224
6423,0.3751971493662013,0.007274735300522801,0.03372965063105908
6424,0.3752555639932239,0.00729761767618077,0.03379539885154164
6425,0.3753139786202465,0.007320497385483114,0.033861118221377114
6426,0.3753723932472691,0.007343374428895848,0.03392680875955106
6427,0.3754308078742917,0.00736624880688488,0.033992470485032344
6428,0.37548922250131433,0.007389120519916008,0.03405810341677325
6429,0.37554763712833694,0.007412032742535272,0.0341237075737094
6430,0.37560605175535955,0.00743495122408803,0.03418928297475984
6431,0.37566446638238216,0.007457902105970678,0.03425482963882701
6432,0.37572288100940476,0.007480850849177679,0.034320347584796816
6433,0.37578129563642737,0.00750379745400796,0.034385836831538605
6434,0.37583971026345,0.007526741920760387,0.03445129739790519
6435,0.3758981248904726,0.007549684249733775,0.034516729302732876
6436,0.3759565395174952,0.0075726244412268814,0.0345821325648415
6437,0.3760149541445178,0.0075955624955384065,0.03464750720303439
6438,0.3760733687715404,0.007618498412966997,0.03471285323609845
6439,0.376131783398563,0.00764146556117272,0.03477817068280413
6440,0.3761901980255856,0.007664441926010373,0.03484345956190545
6441,0.3762486126526082,0.007687416418184313,0.034908719892140075
6442,0.37630702727963083,0.0077104159695015355,0.03497395169222923
6443,0.37636544190665344,0.007733431814440769,0.0350391549808778
6444,0.37642385653367605,0.007756446051653795,0.035104329776774336
6445,0.37648227116069866,0.007779458681309066,0.035169476098591036
6446,0.37654068578772126,0.007802469703575008,0.0352345939649838
6447,0.37659910041474387,0.007825479118620027,0.03529968339459223
6448,0.3766575150417665,0.0078484869266125,0.03536474440603966
6449,0.3767159296687891,0.007871513683059621,0.035429777017933144
6450,0.3767743442958117,0.007894548490632048,0.03549478124886351
6451,0.3768327589228343,0.007917643305011041,0.035559757117405374
6452,0.3768911735498569,0.007940737044185709,0.03562470464211712
6453,0.3769495881768795,0.007963829708231139,0.03568962384154098
6454,0.3770080028039021,0.007986921297222406,0.03575451473420297
6455,0.3770664174309247,0.008010011811234582,0.035819377338613
6456,0.37712483205794733,0.00803310125034273,0.03588421167326481
6457,0.37718324668496994,0.008056189614621904,0.035949017756636045
6458,0.37724166131199255,0.008079276904147156,0.03601379560718824
6459,0.37730007593901516,0.008102457408319358,0.036078545243366844
6460,0.37735849056603776,0.008125637372982617,0.036143266683601266
6461,0.3774169051930603,0.008148884548436567,0.03620795994630483
6462,0.3774753198200829,0.00817215239462379,0.03627262504987486
6463,0.37753373444710553,0.008195421850784737,0.036337262012692655
6464,0.37759214907412814,0.00821873286807088,0.036401870853123526
6465,0.37765056370115074,0.008242104579268902,0.0364664515895168
6466,0.37770897832817335,0.008265569707936066,0.03653100424020585
6467,0.37776739295519596,0.008289179058169489,0.0365955288235081
6468,0.37782580758221856,0.00831283171164832,0.03666002535772505
6469,0.37788422220924117,0.008336533462932493,0.0367244938611423
6470,0.3779426368362638,0.008360339197870135,0.03678893435202955
6471,0.3780010514632864,0.008384207312050881,0.036853346848640625
6472,0.378059466090309,0.008408258817345995,0.03691773136921351
6473,0.3781178807173316,0.008432356074308098,0.036982087931970324
6474,0.3781762953443542,0.008456628422794297,0.037046416555117395
6475,0.3782347099713768,0.008480910763577732,0.03711071725684523
6476,0.3782931245983994,0.008505329928679022,0.03717499005532854
6477,0.37835153922542203,0.00852976701840589,0.037239234968726276
6478,0.37840995385244464,0.008554238696882308,0.037303452015181635
6479,0.37846836847946724,0.008578896581627648,0.037367641212822086
6480,0.37852678310648985,0.008603718110791275,0.037431802579759366
6481,0.37858519773351246,0.008628552596364343,0.03749593613408951
6482,0.37864361236053506,0.00865351704695578,0.03756004189389288
6483,0.37870202698755767,0.008678472368600997,0.03762411987723416
6484,0.3787604416145803,0.008703512169703517,0.037688170102162376
6485,0.3788188562416029,0.008728605624322988,0.03775219258671094
6486,0.3788772708686255,0.00875369780855457,0.03781618734889763
6487,0.3789356854956481,0.008779024961164644,0.03788015440672463
6488,0.3789941001226707,0.008804415403972502,0.03794409377817854
6489,0.3790525147496933,0.008829811230523333,0.03800800548123039
6490,0.3791109293767159,0.008855235015361897,0.03807188953383567
6491,0.37916934400373853,0.00888065529275363,0.038135745953934326
6492,0.37922775863076114,0.008906143814082066,0.038199574759450794
6493,0.37928617325778374,0.008931626945720889,0.038263375968294
6494,0.37934458788480635,0.008957161175848499,0.03832714959835741
6495,0.37940300251182896,0.00898272108731365,0.038390895667519
6496,0.37946141713885156,0.009008302254629808,0.03845461419364131
6497,0.37951983176587417,0.009033889405810057,0.03851819913046603
6498,0.3795782463928968,0.009059481280838272,0.03858174372238388
6499,0.3796366610199194,0.009085086263755924,0.0386452609273426
6500,0.379695075646942,0.009110699909966677,0.03870875076304356
6501,0.3797534902739646,0.00913633680609648,0.03877221324717286
6502,0.3798119049009872,0.009161993462870626,0.03883564839740138
6503,0.3798703195280098,0.009187691391500772,0.038899056231384795
6504,0.3799287341550324,0.009213431009899355,0.03896243676676354
6505,0.37998714878205503,0.0092391806854902,0.03902579002116288
6506,0.38004556340907764,0.009264929677663368,0.039089116012192934
6507,0.38010397803610024,0.009290679717835617,0.03915241475744864
6508,0.38016239266312285,0.009316473799787185,0.0392156862745098
6509,0.38022080729014546,0.009342276011124008,0.03927893058094112
6510,0.38027922191716806,0.009368067488184405,0.039342147694292166
6511,0.38033763654419067,0.009393859597085741,0.039405337632097436
6512,0.3803960511712133,0.009419659117663258,0.03946850041187636
6513,0.3804544657982359,0.009445475173866558,0.039531636051133315
6514,0.3805128804252585,0.009471291572838225,0.039594744567357607
6515,0.3805712950522811,0.009497108794121746,0.03965924547211683
6516,0.3806297096793037,0.009522919665331624,0.03972372329384819
6517,0.3806881243063263,0.009548727081357445,0.03978817804494061
6518,0.3807465389333489,0.009574583277491205,0.039852609737774124
6519,0.38080495356037153,0.00960042944555238,0.039917018384719935
6520,0.38086336818739414,0.009626265591373778,0.0399814039981404
6521,0.38092178281441674,0.009652129541152655,0.04004576659038902
6522,0.38098019744143935,0.00967799357861664,0.04011010617381046
6523,0.38103861206846196,0.009703940680914694,0.04017442276074058
6524,0.38109702669548456,0.00972996823304834,0.04023871636350641
6525,0.38115544132250717,0.009756031906866256,0.04030298699442618
6526,0.3812138559495298,0.009782132045032187,0.04036723466580931
6527,0.3812722705765524,0.009808227864497107,0.040431459389956424
6528,0.381330685203575,0.009834335884357248,0.04049566117915938
6529,0.3813890998305976,0.009860458329982917,0.04055984004570123
6530,0.3814475144576202,0.009886618163746341,0.04062399600185628
6531,0.3815059290846428,0.00991277003935823,0.04068812905989007
6532,0.3815643437116654,0.009938913960449488,0.04075223923205938
6533,0.38162275833868803,0.009965095848617924,0.04081632653061224
6534,0.38168117296571064,0.009991308632232267,0.04088039096778796
6535,0.38173958759273324,0.010017519192882348,0.040944432555817104
6536,0.38179800221975585,0.010043722269262012,0.04100845130692151
6537,0.38185641684677846,0.010069964235676417,0.04107244723331432
6538,0.38191483147380106,0.010096198952573313,0.04113642034719994
6539,0.38197324610082367,0.010122426422956379,0.04120037066077411
6540,0.3820316607278463,0.01014864664982763,0.041264298186223854
6541,0.3820900753548689,0.010174859636187427,0.04132820293572752
6542,0.3821484899818915,0.01020106538503447,0.041392084921454776
6543,0.3822069046089141,0.010227263899365808,0.04145594415556664
6544,0.38226531923593665,0.010253455182176833,0.041519780650215436
6545,0.38232373386295926,0.010279639236461281,0.04158359441754486
6546,0.38238214848998187,0.01030581606521124,0.041647385469689956
6547,0.3824405631170045,0.010331985671417146,0.04171115381877714
6548,0.3824989777440271,0.010358148058067784,0.04177489947692417
6549,0.3825573923710497,0.01038439870838022,0.04183862245624022
6550,0.3826158069980723,0.010410652672615603,0.04190232276882581
6551,0.3826742216250949,0.01043691575216839,0.041966000426772884
6552,0.3827326362521175,0.010463196237074972,0.042029655442164776
6553,0.3827910508791401,0.01048947020048859,0.04209328782707622
6554,0.3828494655061627,0.010515737644836402,0.042156897593573384
6555,0.38290788013318533,0.010541998572544365,0.04222048475371384
6556,0.38296629476020794,0.010568252986037224,0.0422840493195466
6557,0.38302470938723054,0.010594525218511862,0.04234759130311212
6558,0.38308312401425315,0.010620864221258105,0.042411110716442296
6559,0.38314153864127576,0.010647197176516389,0.04247460757156048
6560,0.38319995326829837,0.010673524086369247,0.042538081880481485
6561,0.383258367895321,0.010699857567756519,0.04260153365521159
6562,0.3833167825223436,0.01072621442130383,0.04266496290774855
6563,0.3833751971493662,0.010752575777734065,0.04272836965008162
6564,0.3834336117763888,0.010778931326218742,0.042791753894191535
6565,0.3834920264034114,0.01080528106867706,0.04285511565205052
6566,0.383550441030434,0.010831625007027381,0.04291845493562232
6567,0.3836088556574566,0.010857963143187212,0.042981771756862186
6568,0.3836672702844792,0.010884295479073222,0.043045066127716906
6569,0.38372568491150183,0.010910622016601234,0.04310833806012479
6570,0.38378409953852444,0.010936980383446643,0.04317158756601567
6571,0.38384251416554704,0.01096333851628566,0.04323481465731094
6572,0.38390092879256965,0.010989723453569779,0.04329801934592354
6573,0.38395934341959226,0.011016128203874155,0.04336120164375797
6574,0.38401775804661487,0.011042527627159071,0.043424361562710304
6575,0.3840761726736375,0.01106892172503641,0.04348749911466818
6576,0.3841345873006601,0.011095361362282922,0.04355061431151082
6577,0.3841930019276827,0.011121795909422562,0.04361370716510903
6578,0.3842514165547053,0.011148225367925094,0.04367677768732524
6579,0.3843098311817279,0.011174649739259714,0.04373982589001345
6580,0.3843682458087505,0.01120108185696452,0.04380285178501928
6581,0.3844266604357731,0.011227547532054967,0.04386585538417999
6582,0.3844850750627957,0.01125403216524244,0.043928836699324444
6583,0.38454348968981833,0.01128051518919682,0.043991795742273146
6584,0.38460190431684094,0.011306993481725033,0.04405473252483824
6585,0.38466031894386354,0.011333493001117722,0.04411764705882353
6586,0.38471873357088615,0.011359987908334254,0.04418053935602446
6587,0.38477714819790876,0.01138647820457863,0.044243409428228145
6588,0.38483556282493137,0.011412976957205051,0.04430625728721337
6589,0.384893977451954,0.011439510445905226,0.0443690829447506
6590,0.3849523920789766,0.011466039561051597,0.044431886412601984
6591,0.3850108067059992,0.011492564303725422,0.04449466770252136
6592,0.3850692213330218,0.011519137408434663,0.044557426826254284
6593,0.3851276359600444,0.011545732803036241,0.04462016379553799
6594,0.385186050587067,0.011572324180443875,0.044682878622101435
6595,0.3852444652140896,0.011598911541567683,0.04474557131766532
6596,0.3853028798411122,0.011625494887317504,0.044808241893942065
6597,0.38536129446813483,0.01165207421860291,0.044870890362635814
6598,0.38541970909515744,0.011678649536333194,0.04493351673544246
6599,0.38547812372218004,0.011705220841417374,0.04499612102404965
6600,0.38553653834920265,0.011731814972191208,0.0450587032401368
6601,0.38559495297622526,0.011758405209729778,0.04512126339537507
6602,0.38565336760324787,0.011785022360897405,0.045183801501427416
6603,0.3857117822302705,0.011811658910308803,0.045246317569948555
6604,0.3857701968572931,0.011838291804750005,0.045308811612585
6605,0.3858286114843157,0.011864921044973241,0.04537128364097506
6606,0.3858870261113383,0.011891575161392708,0.04543373366674885
6607,0.3859454407383609,0.011918243281270956,0.04549616170152827
6608,0.3860038553653835,0.0119449157546451,0.045558567756927085
6609,0.3860622699924061,0.011971584813307335,0.04562095184455083
6610,0.3861206846194287,0.011998250457913369,0.045683313975996905
6611,0.38617909924645133,0.012024940176291979,0.04574565416285453
6612,0.38623751387347394,0.012051626600401311,0.045807972416704784
6613,0.38629592850049654,0.012078309730851238,0.045870268749120584
6614,0.38635434312751915,0.012104989568251479,0.04593254317166673
6615,0.38641275775454176,0.012131672725062909,0.04599479569589985
6616,0.38647117238156437,0.012158356122503738,0.04605702633336849
6617,0.386529587008587,0.012185060584571646,0.04611923509561305
6618,0.3865880016356096,0.012211782366307992,0.04618142199416582
6619,0.3866464162626322,0.012238522077619222,0.04624358704055099
6620,0.3867048308896548,0.01226525885744116,0.04630573024628465
6621,0.3867632455166774,0.01229199270625586,0.04636785162287481
6622,0.3868216601437,0.012318723624545252,0.046429951181821374
6623,0.3868800747707226,0.012345451612791174,0.046492028934616195
6624,0.3869384893977452,0.012372176671475353,0.04655408489274304
6625,0.38699690402476783,0.012398898801079411,0.04661611906767762
6626,0.3870553186517904,0.012425618002084866,0.046678131470887584
6627,0.387113733278813,0.012452334274973128,0.04674012211383255
6628,0.3871721479058356,0.012479047620225501,0.04680209100796407
6629,0.3872305625328582,0.012505758038323187,0.04686403816472569
6630,0.3872889771598808,0.012532465529747282,0.04692596359555291
6631,0.3873473917869034,0.012559170094978771,0.046987867311873203
6632,0.387405806413926,0.012585871734498542,0.047049749325106055
6633,0.38746422104094863,0.012612635218108632,0.04711160964666293
6634,0.38752263566797124,0.012639417679362401,0.04717344828794729
6635,0.38758105029499385,0.012666197573524548,0.04723526526035462
6636,0.38763946492201645,0.012692974900964136,0.047297060575272394
6637,0.38769787954903906,0.01271974966205016,0.04735883424408015
6638,0.38775629417606167,0.012746534322214958,0.04742058627814941
6639,0.3878147088030843,0.012773328958640659,0.047482316688843756
6640,0.3878731234301069,0.012800106994143488,0.04754402548751882
6641,0.3879315380571295,0.01282688653732726,0.047605712685522265
6642,0.3879899526841521,0.012853678292325126,0.04766737829419382
6643,0.3880483673111747,0.0128804676649248,0.04772902232486528
6644,0.3881067819381973,0.012907254655444044,0.04779064478886051
6645,0.3881651965652199,0.012934083496231716,0.04785224569749545
6646,0.3882236111922425,0.012960910135117137,0.047913825062078134
6647,0.38828202581926513,0.012987734572371366,0.047975382893908666
6648,0.38834044044628774,0.013014556808265422,0.04803691920427927
6649,0.38839885507331035,0.013041376843070275,0.04809843400447427
6650,0.38845726970033295,0.013068194677056857,0.0481599273057701
6651,0.38851568432735556,0.013095010310496046,0.04822139911943532
6652,0.38857409895437817,0.013121823743658686,0.0482828494567306
6653,0.3886325135814008,0.01314863497681557,0.04834427832890876
6654,0.3886909282084234,0.013175444010237448,0.04840568574721475
6655,0.388749342835446,0.013202250844195023,0.048467071722885675
6656,0.3888077574624686,0.013229055478958961,0.04852843626715079
6657,0.3888661720894912,0.013255863181106114,0.0485897793912315
6658,0.3889245867165138,0.01328271475522353,0.048651101106341396
6659,0.3889830013435364,0.013309573001225306,0.04871240142368623
6660,0.389041415970559,0.013336505255633102,0.048773680354463944
6661,0.38909983059758163,0.013363481524300991,0.04883493790986466
6662,0.38915824522460424,0.013390456317898241,0.048896174101070694
6663,0.38921665985162684,0.013417429636545837,0.04895738893925657
6664,0.38927507447864945,0.013444401480364748,0.04901858243558903
6665,0.38933348910567206,0.013471371849475926,0.049079754601226995
6666,0.38939190373269467,0.01349834074400032,0.049140905447321644
6667,0.3894503183597173,0.013525308164058858,0.04920203498501638
6668,0.3895087329867399,0.013552274109772455,0.049263143225446816
6669,0.3895671476137625,0.013579238581262013,0.04932423017974084
6670,0.3896255622407851,0.013606201578648426,0.04938529585901856
6671,0.3896839768678077,0.013633163102052568,0.04944634027439237
6672,0.3897423914948303,0.013660123151595304,0.04950736343696689
6673,0.3898008061218529,0.013687081727397485,0.04956836535783904
6674,0.3898592207488755,0.013714132535457982,0.049629346048098
6675,0.38991763537589813,0.013741266947264573,0.04969030551882525
6676,0.38997605000292074,0.013768407008344358,0.04975124378109453
6677,0.39003446462994334,0.01379554632775556,0.04981216084597189
6678,0.39009287925696595,0.013822684905528577,0.0498730567245157
6679,0.39015129388398856,0.013849822741693813,0.04993393142777662
6680,0.39020970851101117,0.013876959836281665,0.04999478496679762
6681,0.3902681231380338,0.013904096189322528,0.05005561735261402
6682,0.3903265377650564,0.013931231800846797,0.05011642859625343
6683,0.390384952392079,0.01395842454012986,0.050177218708735837
6684,0.3904433670191016,0.013985652128313184,0.05023798770107355
6685,0.3905017816461242,0.01401288820465967,0.050298735584271226
6686,0.3905601962731468,0.014040136702959003,0.050359462369325876
6687,0.3906186109001694,0.014067709443642034,0.05042016806722689
6688,0.390677025527192,0.014095417456282065,0.05048085268895601
6689,0.39073544015421463,0.01412313076040202,0.05054151624548736
6690,0.39079385478123724,0.014150851890127754,0.05060215874778746
6691,0.39085226940825984,0.014178604640451401,0.05066278020681519
6692,0.39091068403528245,0.01420635957872733,0.05072338063352184
6693,0.39096909866230506,0.014234156046251783,0.05078396003885112
6694,0.39102751328932767,0.014261955685819718,0.05084451843373912
6695,0.3910859279163503,0.014289769634515627,0.050905055829114365
6696,0.3911443425433729,0.014317625031539737,0.05096557223589779
6697,0.3912027571703955,0.014345555568914942,0.051026067665002776
6698,0.3912611717974181,0.014373491042151389,0.05108654212733511
6699,0.3913195864244407,0.014401464778953451,0.05114699563379305
6700,0.3913780010514633,0.014429431456147949,0.051207428195267295
6701,0.3914364156784859,0.014457442204644833,0.051267839822640986
6702,0.3914948303055085,0.01448544740510439,0.05132823052678973
6703,0.39155324493253113,0.014513502584909504,0.05138860031858162
6704,0.39161165955955374,0.014541650083423044,0.051448949208877194
6705,0.39167007418657634,0.014569799552572033,0.05150927720852949
6706,0.39172848881359895,0.014598027906143788,0.05156958432838404
6707,0.39178690344062156,0.014626304619252859,0.05162987057927884
6708,0.3918453180676441,0.014654593749697353,0.05169013597204442
6709,0.3919037326946667,0.014682927169969547,0.0517503805175038
6710,0.3919621473216893,0.014711309804116671,0.051810604226472524
6711,0.39202056194871193,0.014739847348564743,0.05187080710975863
6712,0.39207897657573454,0.0147683635252895,0.05193098917816271
6713,0.39213739120275715,0.01479688198131353,0.051991150442477874
6714,0.39219580582977975,0.014825493891823065,0.052051290913489784
6715,0.39225422045680236,0.01485411530139525,0.05211141060197664
6716,0.39231263508382497,0.0148827520968876,0.052171509518709185
6717,0.3923710497108476,0.014911478251282306,0.05223158767445074
6718,0.3924294643378702,0.01494029304917784,0.05229164507995717
6719,0.3924878789648928,0.01496917271262424,0.05235168174597693
6720,0.3925462935919154,0.014998160493886043,0.052411697683251046
6721,0.392604708218938,0.015027186304743536,0.05247169290251312
6722,0.3926631228459606,0.015056220685718625,0.05253166741448935
6723,0.3927215374729832,0.01508544821900448,0.05259162122989854
6724,0.3927799521000058,0.015114738824712736,0.05265155435945209
6725,0.39283836672702843,0.015144037908799727,0.05271146681385401
6726,0.39289678135405104,0.015173330733692633,0.052771358603800916
6727,0.39295519598107365,0.015202749820161602,0.05283122973998207
6728,0.39301361060809625,0.015232188591415927,0.052891080233079334
6729,0.39307202523511886,0.015261689631953982,0.052950910093767234
6730,0.39313043986214147,0.015291190871046141,0.053010719332712924
6731,0.3931888544891641,0.01532073401768249,0.05307050796057619
6732,0.3932472691161867,0.015350356775056851,0.05313027598800951
6733,0.3933056837432093,0.0153800744366351,0.053190023425657984
6734,0.3933640983702319,0.0154098216598579,0.0532497502841594
6735,0.3934225129972545,0.015439579831740049,0.05330945657414422
6736,0.3934809276242771,0.01546932184691162,0.05336914230623558
6737,0.3935393422512997,0.015499047718527078,0.0534288074910493
6738,0.3935977568783223,0.015528757459726603,0.053488452139193884
6739,0.39365617150534493,0.0155587148484709,0.05354807626127056
6740,0.39371458613236754,0.015588657004920972,0.053607679867873244
6741,0.39377300075939015,0.01561867139518248,0.05366726296958855
6742,0.39383141538641275,0.015648675247518843,0.05372682557699584
6743,0.39388983001343536,0.01567866419227686,0.05378636770066717
6744,0.39394824464045797,0.015708675893774653,0.053845889351167346
6745,0.3940066592674806,0.015738815904155375,0.0539053905390539
6746,0.3940650738945032,0.015768950087963945,0.05396487127487712
6747,0.3941234885215258,0.01579915914056372,0.05402433156918001
6748,0.3941819031485484,0.015829354218158346,0.054083771432498366
6749,0.394240317775571,0.015859548644018385,0.05414319087536072
6750,0.3942987324025936,0.01588979108899383,0.05420258990828839
6751,0.3943571470296162,0.01592003777694605,0.054261968541795456
6752,0.3944155616566388,0.015950270824537087,0.05432132678638876
6753,0.39447397628366143,0.015980563012326383,0.054380664652567974
6754,0.39453239091068404,0.016010862704162236,0.054439982150825524
6755,0.39459080553770665,0.01604117804354073,0.05449927929164665
6756,0.39464922016472925,0.016071554118309083,0.054558556085509385
6757,0.39470763479175186,0.01610197470371036,0.054617812542884586
6758,0.39476604941877447,0.016132415277361895,0.05467704867423593
6759,0.3948244640457971,0.016162883279362897,0.05473626449001989
6760,0.3948828786728197,0.016193394977448074,0.0547954600006858
6761,0.3949412932998423,0.016223894306740885,0.05485463521667581
6762,0.3949997079268649,0.016254381274760872,0.054913790148424915
6763,0.3950581225538875,0.016284855889021482,0.05497292480636096
6764,0.3951165371809101,0.01631531815703008,0.05503203920090464
6765,0.3951749518079327,0.016345768086287942,0.055091133342469505
6766,0.3952333664349553,0.016376205684290275,0.055150207241461996
6767,0.39529178106197793,0.016406630958526215,0.05520926090828139
6768,0.39535019568900054,0.01643704391647883,0.05526829435331986
6769,0.39540861031602315,0.01646744456562513,0.05532730758696248
6770,0.39546702494304575,0.016497875753436673,0.05538630061958717
6771,0.39552543957006836,0.016528348207927684,0.05544527346156479
6772,0.39558385419709097,0.016558831970447167,0.05550422612325907
6773,0.3956422688241136,0.016589335632052057,0.055563158615026684
6774,0.3957006834511362,0.01661986804302785,0.05562207094721719
6775,0.3957590980781588,0.016650481396907495,0.05568096313017306
6776,0.3958175127051814,0.016681096438550428,0.05573983517422973
6777,0.395875927332204,0.01671170013285278,0.05579868708971553
6778,0.3959343419592266,0.016742292486122145,0.055857518886951764
6779,0.3959927565862492,0.01677287350466145,0.05591633057625265
6780,0.3960511712132718,0.016803485693389138,0.05597512216792536
6781,0.39610958584029443,0.016834159525294785,0.05603389367227005
6782,0.39616800046731704,0.01686485088886176,0.05609264509957982
6783,0.39622641509433965,0.01689558209475236,0.05615137646014072
6784,0.39628482972136225,0.016926302612122687,0.05621008776423181
6785,0.39634324434838486,0.016957032511360003,0.056268779022125105
6786,0.39640165897540747,0.016987784231834235,0.05632745024408562
6787,0.3964600736024301,0.017018574063853018,0.05638610144037136
6788,0.3965184882294527,0.01704935353749998,0.05644473262123332
6789,0.3965769028564753,0.01708012265800141,0.05650334379691552
6790,0.39663531748349784,0.017110881430580094,0.056561934977654965
6791,0.39669373211052045,0.0171416298604553,0.056620506173681695
6792,0.39675214673754305,0.017172367952842778,0.05667905739521877
6793,0.39681056136456566,0.017203095712954784,0.05673758865248227
6794,0.39686897599158827,0.017233813146000063,0.056796099955681315
6795,0.3969273906186109,0.017264616946569954,0.05685459131501806
6796,0.3969858052456335,0.01729541074285485,0.05691306274068773
6797,0.3970442198726561,0.01732624348235139,0.05697151424287856
6798,0.3971026344996787,0.01735711585444815,0.05702994583177188
6799,0.3971610491267013,0.017387978549894333,0.057088357517542064
6800,0.3972194637537239,0.017418831573238813,0.05714674931035657
6801,0.3972778783807465,0.017449683942592407,0.05720512122037592
6802,0.3973362930077691,0.017480616767917425,0.057263473257753716
6803,0.39739470763479173,0.017511540249263283,0.057321805432636666
6804,0.39745312226181434,0.01754246828082034,0.05738011775516455
6805,0.39751153688883695,0.01757340639893063,0.05743841023547026
6806,0.39756995151585955,0.017604367662440033,0.05749668288367979
6807,0.39762836614288216,0.017635359230226747,0.05755493570991224
6808,0.39768678076990477,0.01766637126426487,0.05761316872427984
6809,0.3977451953969274,0.017697401065791263,0.05767138193688792
6810,0.39780361002395,0.017728443647102438,0.05772957535783497
6811,0.3978620246509726,0.01775950590997145,0.05778774899721259
6812,0.3979204392779952,0.017790559492203404,0.05784590286510553
6813,0.3979788539050178,0.01782162396056566,0.0579060046895708
6814,0.3980372685320404,0.01785272926714341,0.057966090177024227
6815,0.398095683159063,0.01788386313134745,0.05802603036876356
6816,0.3981540977860856,0.01791498864578699,0.05808594279517419
6817,0.39821251241310823,0.017946105813820553,0.058145838980753595
6818,0.39827092704013084,0.01797721463880486,0.05820571893210462
6819,0.39832934166715345,0.01800831512409484,0.058265582655826556
6820,0.39838775629417605,0.018039407273043612,0.05832543015851511
6821,0.39844617092119866,0.018070491089002504,0.05838526144676239
6822,0.39850458554822127,0.018101566575321054,0.05844507652715698
6823,0.3985630001752439,0.01813263373534699,0.05850487540628386
6824,0.3986214148022665,0.018163692572426258,0.05856465809072444
6825,0.3986798294292891,0.018194743089903008,0.05862442458705659
6826,0.3987382440563117,0.0182257852911196,0.05868417490185461
6827,0.3987966586833343,0.018256819179416597,0.058743909041689225
6828,0.3988550733103569,0.018287844758132783,0.05880362701312762
6829,0.3989134879373795,0.018318862030605156,0.05886332882273342
6830,0.3989719025644021,0.01834987100016891,0.0589230144770667
6831,0.39903031719142473,0.01838087167015747,0.058982683982683984
6832,0.39908873181844734,0.018411864043902475,0.059042337346138236
6833,0.39914714644546995,0.018442848124733773,0.0591019745739789
6834,0.39920556107249255,0.018473823915979442,0.05916159567275186
6835,0.39926397569951516,0.018504791420965762,0.05922120064899946
6836,0.39932239032653777,0.018535750643017254,0.05928078950926051
6837,0.3993808049535604,0.018566701585456646,0.05934036226007029
6838,0.399439219580583,0.018597644251604897,0.059399918907960536
6839,0.3994976342076056,0.018628578644781183,0.05945945945945946
6840,0.3995560488346282,0.018659504768302915,0.05951898392109174
6841,0.3996144634616508,0.018690485073453122,0.059578492299378547
6842,0.3996728780886734,0.018721499001593648,0.059637984600837496
6843,0.399731292715696,0.018752504987342326,0.05969746083198271
6844,0.3997897073427186,0.018783537601776267,0.05975692099932478
6845,0.39984812196974123,0.018814617513806687,0.05981636510937078
6846,0.39990653659676384,0.01884569648597086,0.05987579316862427
6847,0.39996495122378645,0.018876780292350123,0.05993520518358531
6848,0.40002336585080905,0.0189078859304358,0.059994601160750435
6849,0.40008178047783166,0.01893906109198459,0.06005398110661268
6850,0.40014019510485427,0.018970228969021837,0.06011334502766159
6851,0.4001986097318769,0.01900138956410043,0.06017269293038316
6852,0.4002570243588995,0.019032542879772074,0.06023202482125995
6853,0.4003154389859221,0.019063688918587274,0.060291340706770974
6854,0.4003738536129447,0.019094827683095353,0.06035064059339177
6855,0.4004322682399673,0.01912595917584443,0.06040992448759439
6856,0.4004906828669899,0.01915708339938145,0.06046919239584738
6857,0.4005490974940125,0.019188200356252152,0.0605284443246158
6858,0.4006075121210351,0.0192193100490011,0.06058768028036123
6859,0.40066592674805773,0.019250412480171664,0.06064690026954178
6860,0.40072434137508034,0.019281507652306025,0.06070610429861205
6861,0.40078275600210295,0.019312595567945182,0.06076529237402317
6862,0.40084117062912555,0.01934367622962895,0.06082446450222282
6863,0.40089958525614816,0.019374749639895945,0.06088362068965517
6864,0.40095799988317077,0.01940581580128362,0.060942760942760944
6865,0.4010164145101934,0.01943687471632823,0.061001885267977375
6866,0.401074829137216,0.01946792638756484,0.06106099367173825
6867,0.4011332437642386,0.01949897081752736,0.06112008616047388
6868,0.4011916583912612,0.019530008008748486,0.061179162740611116
6869,0.4012500730182838,0.019561037963759752,0.06123822341857335
6870,0.4013084876453064,0.019592060685091513,0.06129726820078051
6871,0.401366902272329,0.019623076175272935,0.061356297093649086
6872,0.4014253168993516,0.019654084436832007,0.06141531010359209
6873,0.4014837315263742,0.019685085472295544,0.061474307237019105
6874,0.4015421461533968,0.019716079284189184,0.06153328850033625
6875,0.4016005607804194,0.019747065875037377,0.06159225389994621
6876,0.401658975407442,0.019778045247363416,0.06165120344224822
6877,0.4017173900344646,0.0198090174036894,0.06171013713363808
6878,0.4017758046614872,0.019840092365547044,0.06176905498050813
6879,0.4018342192885098,0.01987116043534727,0.06182795698924731
6880,0.4018926339155324,0.0199022216153827,0.061886843166241094
6881,0.40195104854255503,0.01993327590794492,0.06194571351787154
6882,0.40200946316957764,0.01996432331532451,0.06200456805051727
6883,0.40206787779660025,0.01999536383981103,0.06206340677055346
6884,0.40212629242362286,0.020026382863285397,0.062122229684351916
6885,0.40218470705064546,0.02005739244800939,0.06218103679828096
6886,0.40224312167766807,0.020088395164315844,0.06223982811870552
6887,0.4023015363046907,0.020119391014486468,0.06229860365198711
6888,0.4023599509317133,0.02015038000080196,0.06235736340448382
6889,0.4024183655587359,0.02018136212554202,0.06241610738255034
6890,0.4024767801857585,0.020212337390985314,0.062474835592537914
6891,0.4025351948127811,0.020243305799409528,0.06253354804079442
6892,0.4025936094398037,0.020274267353091315,0.0625922447336643
6893,0.4026520240668263,0.020305227049136648,0.0626509256774886
6894,0.4027104386938489,0.020336264947382405,0.06270959087860496
6895,0.40276885332087153,0.020367313669008465,0.06276824034334764
6896,0.40282726794789414,0.02039836241901468,0.06282687407804748
6897,0.40288568257491675,0.02042944984120683,0.06288549208903191
6898,0.40294409720193936,0.02046059876115286,0.06294409438262502
6899,0.40300251182896196,0.02049174148009796,0.06300268096514745
6900,0.40306092645598457,0.020522877999893645,0.0630612518429165
6901,0.4031193410830072,0.020554008322390706,0.06311980702224605
6902,0.4031777557100298,0.02058513244943919,0.0631783465094466
6903,0.4032361703370524,0.020616250382888404,0.0632368703108253
6904,0.403294584964075,0.020647362124586923,0.06329537843268587
6905,0.4033529995910976,0.020678467676382588,0.06335387088132868
6906,0.4034114142181202,0.0207095670401225,0.06341234766305076
6907,0.4034698288451428,0.020740660217653036,0.06347080878414568
6908,0.4035282434721654,0.020771747210819824,0.06352925425090374
6909,0.40358665809918803,0.020802828021467764,0.06358768406961178
6910,0.40364507272621064,0.02083390265144103,0.06364609824655335
6911,0.40370348735323325,0.02086497110258305,0.06370449678800856
6912,0.40376190198025586,0.020896033376736525,0.06376287970025425
6913,0.40382031660727846,0.020927089475743427,0.06382124698956382
6914,0.40387873123430107,0.02095813940144499,0.06387959866220735
6915,0.4039371458613237,0.020989183155681712,0.06393793472445158
6916,0.4039955604883463,0.02102022074029337,0.06399625518255984
6917,0.4040539751153689,0.021051252157119008,0.0640545600427922
6918,0.4041123897423915,0.02108227740799693,0.06411284931140526
6919,0.4041708043694141,0.021113296494764722,0.06417112299465241
6920,0.4042292189964367,0.02114430941925923,0.06422938109878358
6921,0.4042876336234593,0.021175316183316573,0.06428762363004545
6922,0.4043460482504819,0.021206316788772144,0.06434585059468127
6923,0.40440446287750453,0.0212373112374606,0.06440406199893105
6924,0.40446287750452714,0.02126829953121588,0.0644622578490314
6925,0.40452129213154975,0.021299281671871183,0.06452043815121561
6926,0.40457970675857235,0.02133028118883947,0.06457860291171363
6927,0.40463812138559496,0.0213612965102156,0.06463675213675214
6928,0.40469653601261757,0.021392379668985717,0.06469488583255441
6929,0.4047549506396402,0.021423457000670082,0.06475300400534045
6930,0.4048133652666628,0.021454528506907128,0.06481110666132693
6931,0.4048717798936854,0.02148559418933467,0.06486919380672718
6932,0.404930194520708,0.02151665404958991,0.06492726544775124
6933,0.4049886091477306,0.02154770808930944,0.06498532159060581
6934,0.4050470237747532,0.02157875631012924,0.06504336224149433
6935,0.4051054384017758,0.021609798713684663,0.06510138740661686
6936,0.4051638530287984,0.021640835301610466,0.0651593970921702
6937,0.40522226765582103,0.02167186607554079,0.06521739130434782
6938,0.40528068228284364,0.021702891037109154,0.0652753700493399
6939,0.40533909690986625,0.02173391018794848,0.06533333333333333
6940,0.40539751153688885,0.021764923529691057,0.06539128116251167
6941,0.40545592616391146,0.02179593106396859,0.06544921354305519
6942,0.40551434079093407,0.02182693279241215,0.06550713048114087
6943,0.4055727554179567,0.021857928716652212,0.06556503198294243
6944,0.4056311700449793,0.02188891883831863,0.06562291805463025
6945,0.4056895846720019,0.02191990454555709,0.06568078870237144
6946,0.4057479992990245,0.02195089591642731,0.06573864393232982
6947,0.4058064139260471,0.021981876581127123,0.06579648375066596
6948,0.4058648285530697,0.022012862440814303,0.06585430816353709
6949,0.4059232431800923,0.022043867555600425,0.0659121171770972
6950,0.4059816578071149,0.02207486704296396,0.065969910797497
6951,0.40604007243413753,0.022105860904436832,0.06602768903088392
6952,0.40609848706116014,0.022136885660746224,0.0660854518834021
6953,0.40615690168818275,0.022167904889936207,0.06614319936119244
6954,0.40621531631520535,0.022198918593483646,0.06620093147039255
6955,0.4062737309422279,0.022229951214857026,0.06625864821713677
6956,0.4063321455692505,0.0222609783774099,0.06631634960755621
6957,0.4063905601962731,0.0222920000825825,0.06637403564777866
6958,0.40644897482329573,0.022323016331814553,0.06643170634392871
6959,0.40650738945031833,0.022354027126545276,0.06648936170212766
6960,0.40656580407734094,0.022385032468213384,0.06654700172849355
6961,0.40662421870436355,0.022416032358257076,0.06660462642914118
6962,0.40668263333138616,0.02244702679811406,0.0666622358101821
6963,0.40674104795840876,0.022478015789221522,0.06671982987772461
6964,0.40679946258543137,0.02250899933301616,0.06677740863787375
6965,0.406857877212454,0.02254000532332567,0.06683497209673134
6966,0.4069162918394766,0.02257102687893309,0.06689252026039591
6967,0.4069747064664992,0.022602117593062257,0.0669500531349628
6968,0.4070331210935218,0.02263320318541777,0.06700757072652411
6969,0.4070915357205444,0.02266428365726514,0.06706507304116865
6970,0.407149950347567,0.022695359009869454,0.06712256008498207
6971,0.4072083649745896,0.0227264292444954,0.06718003186404674
6972,0.4072667796016122,0.02275749436240723,0.0672374883844418
6973,0.40732519422863483,0.02278855436486879,0.06729492965224317
6974,0.40738360885565744,0.022819609253143507,0.06735235567352356
6975,0.40744202348268005,0.02285065902849439,0.06740976645435244
6976,0.40750043810970266,0.022881703692184036,0.06746716200079607
6977,0.40755885273672526,0.022912743245474626,0.06752454231891748
6978,0.40761726736374787,0.02294377768962792,0.0675819074147765
6979,0.4076756819907705,0.02297480702590527,0.06763925729442971
6980,0.4077340966177931,0.023005831255567613,0.06769659196393052
6981,0.4077925112448157,0.023036850379875462,0.06775391142932909
6982,0.4078509258718383,0.02306786440008892,0.06781121569667241
6983,0.4079093404988609,0.023098873317467683,0.06786850477200425
6984,0.4079677551258835,0.02312995323989517,0.06792577866136515
6985,0.4080261697529061,0.023161056992521783,0.06798303737079248
6986,0.4080845843799287,0.023192154508295443,0.06804028090632039
6987,0.40814299900695133,0.023223269309506377,0.06809750927397987
6988,0.40820141363397394,0.023254379334663806,0.06815472247979865
6989,0.40825982826099655,0.0232856006242876,0.06821192052980132
6990,0.40831824288801916,0.023316829052078276,0.06826910343000928
6991,0.40837665751504176,0.023348053029720178,0.06832627118644068
6992,0.40843507214206437,0.023379272558164473,0.06838342380511055
6993,0.408493486769087,0.023410487638362062,0.06844056129203072
6994,0.4085519013961096,0.023441698271263578,0.0684976836532098
6995,0.4086103160231322,0.023472904457819382,0.06855479089465326
6996,0.4086687306501548,0.02350410619897956,0.06861188302236337
6997,0.4087271452771774,0.023535303495693927,0.06866896004233924
6998,0.4087855599042,0.023566496348912037,0.0687260219605768
6999,0.4088439745312226,0.023597760327013485,0.06878306878306878
7000,0.4089023891582452,0.02362906897149472,0.06884010051580479
7001,0.40896080378526783,0.02366037350110528,0.06889711716477122
7002,0.40901921841229044,0.023691673916656327,0.06895411873595134
7003,0.40907763303931305,0.02372297021895882,0.06901106158164108
7004,0.40913604766633566,0.023754262408823494,0.06906797847403348
7005,0.40919446229335826,0.023785550487060884,0.06912488033539102
7006,0.40925287692038087,0.023816834148875112,0.06918176717166716
7007,0.4093112915474035,0.023848112698805744,0.06923863898881225
7008,0.4093697061744261,0.02387938713988291,0.06929549579277347
7009,0.4094281208014487,0.02391065747291618,0.06935233758949487
7010,0.4094865354284713,0.02394192369871492,0.06940916438491736
7011,0.4095449500554939,0.023973185818088282,0.06946597618497873
7012,0.4096033646825165,0.024004443831845204,0.0695227729956136
7013,0.4096617793095391,0.024035697740794407,0.0695795548227535
7014,0.4097201939365617,0.02406694754574441,0.06963632167232682
7015,0.40977860856358433,0.024098193247503508,0.06969307355025879
7016,0.40983702319060694,0.024129434846879794,0.06974981046247157
7017,0.40989543781762955,0.02416067234468114,0.06980653241488415
7018,0.40995385244465216,0.024191905741715213,0.06986323941341242
7019,0.41001226707167476,0.024223135038789465,0.06991993146396916
7020,0.41007068169869737,0.024254360236711136,0.069976608572464
7021,0.41012909632572,0.024285581336287252,0.0700332707448035
7022,0.4101875109527426,0.024316798338324633,0.07008991798689107
7023,0.4102459255797652,0.024348011243629883,0.07014655030462703
7024,0.4103043402067878,0.024379220053009392,0.0702031677039086
7025,0.4103627548338104,0.024410422828691394,0.07025977019062983
7026,0.410421169460833,0.024441620451823683,0.07031635777068176
7027,0.4104795840878556,0.024472813982234456,0.07037293044995227
7028,0.4105379987148782,0.024504003420729028,0.07042948823432615
7029,0.41059641334190083,0.024535188768112504,0.07048603112968509
7030,0.41065482796892344,0.02456637002518977,0.07054255914190767
7031,0.41071324259594605,0.02459754719276552,0.07059907227686943
7032,0.41077165722296866,0.02462872027164421,0.07065557054044275
7033,0.41083007184999126,0.02465988926263011,0.07071205393849696
7034,0.41088848647701387,0.02469108629191747,0.07076852247689829
7035,0.4109469011040365,0.02472232752838202,0.07082497616150989
7036,0.4110053157310591,0.024753564873674277,0.0708814149981918
7037,0.41106373035808164,0.024784799999415,0.07093783899280103
7038,0.41112214498510424,0.024816081987735255,0.07099424815119146
7039,0.41118055961212685,0.02484739899012622,0.0710506424792139
7040,0.41123897423914946,0.024878741442171712,0.07110702198271614
7041,0.41129738886617206,0.0249100802999003,0.0711633866675428
7042,0.41135580349319467,0.024941483661480246,0.07121973653953549
7043,0.4114142181202173,0.024972883593623377,0.07127607160453277
7044,0.4114726327472399,0.02500428009689144,0.07133239186837007
7045,0.4115310473742625,0.02503567317184605,0.07138869733687978
7046,0.4115894620012851,0.025067062819048705,0.07144498801589126
7047,0.4116478766283077,0.02509844903906078,0.07150126391123075
7048,0.4117062912553303,0.02512986731483819,0.07155752502872148
7049,0.4117647058823529,0.025161338838768022,0.0716137713741836
7050,0.41182312050937553,0.02519284983149064,0.07167000295343419
7051,0.41188153513639814,0.025224357728700728,0.0717262197722873
7052,0.41193994976342074,0.025255862530854396,0.07178242183655392
7053,0.41199836439044335,0.025287364238407672,0.07183860915204199
7054,0.41205677901746596,0.025318861814579322,0.07189478172455639
7055,0.41211519364448856,0.025350343763678215,0.071950939559899
7056,0.41217360827151117,0.025381822622209203,0.07200708266386857
7057,0.4122320228985338,0.025413298390627365,0.0720632110422609
7058,0.4122904375255564,0.025444771069387685,0.07211932470086871
7059,0.412348852152579,0.025476240658945066,0.07217542364548166
7060,0.4124072667796016,0.025507707159754315,0.07223150788188641
7061,0.4124656814066242,0.02553917057227015,0.07228757741586657
7062,0.4125240960336468,0.025570630896947204,0.07234363225320271
7063,0.4125825106606694,0.02560208813424002,0.0723996723996724
7064,0.41264092528769203,0.025633542284603045,0.07245569786105015
7065,0.41269933991471464,0.025664993348490647,0.07251170864310746
7066,0.41275775454173724,0.025696441326357095,0.0725677047516128
7067,0.41281616916875985,0.025727886218656577,0.07262368619233162
7068,0.41287458379578246,0.02575932802584319,0.07267965297102635
7069,0.41293299842280506,0.025790766748370934,0.07273560509345642
7070,0.41299141304982767,0.02582220238669373,0.07279154256537819
7071,0.4130498276768503,0.025853634941265413,0.07284746539254508
7072,0.4131082423038729,0.02588506441253971,0.07290337358070743
7073,0.4131666569308955,0.02591649080097028,0.07295926713561263
7074,0.4132250715579181,0.025947914107010677,0.07301514606300501
7075,0.4132834861849407,0.025979327658052467,0.07307101036862591
7076,0.4133419008119633,0.026010705308880566,0.07312686005821369
7077,0.4134003154389859,0.026042079886419416,0.07318269513750368
7078,0.41345873006600853,0.02607345139112052,0.07323851561222822
7079,0.41351714469303114,0.026104819823435283,0.07329432148811664
7080,0.41357555932005374,0.02613618518381503,0.0733501127708953
7081,0.41363397394707635,0.026167547472710988,0.07340588946628754
7082,0.41369238857409896,0.02619890669057431,0.07346165158001372
7083,0.41375080320112156,0.02623026283785605,0.0735173991177912
7084,0.41380921782814417,0.026261615915007176,0.07357313208533438
7085,0.4138676324551668,0.026292965922478567,0.07362885048835462
7086,0.4139260470821894,0.026324312860721018,0.07368455433256034
7087,0.413984461709212,0.026355656730185226,0.07374024362365697
7088,0.4140428763362346,0.026386997531321815,0.07379591836734693
7089,0.4141012909632572,0.026418335264581306,0.07385157856932972
7090,0.4141597055902798,0.026449669930414137,0.0739072242353018
7091,0.4142181202173024,0.026481001529270663,0.07396285537095669
7092,0.41427653484432503,0.026512330061601145,0.07401847198198493
7093,0.41433494947134764,0.026543655527855755,0.07407407407407407
7094,0.41439336409837024,0.02657497792848458,0.07412966165290874
7095,0.41445177872539285,0.026606314008808127,0.07418523472417056
7096,0.41451019335241546,0.026637715782755995,0.07424079329353818
7097,0.41456860797943806,0.026669213874739885,0.07429633736668732
7098,0.41462702260646067,0.026700706796487523,0.07435186694929072
7099,0.4146854372334833,0.026732197077438388,0.07440738204701816
7100,0.4147438518605059,0.02676371588655604,0.07446288266553647
7101,0.4148022664875285,0.02679533712013237,0.07451836881050951
7102,0.4148606811145511,0.02682706620341974,0.07457384048759819
7103,0.4149190957415737,0.02685879321786806,0.07462929770246049
7104,0.4149775103685963,0.026890518163679666,0.07468474046075141
7105,0.4150359249956189,0.02692224104105687,0.07474016876812302
7106,0.41509433962264153,0.02695396185020195,0.07479558263022446
7107,0.41515275424966414,0.026985680591317163,0.07485098205270187
7108,0.41521116887668674,0.027017397264604743,0.0749063670411985
7109,0.41526958350370935,0.027049102995550647,0.07496173760135465
7110,0.41532799813073196,0.027080802790922415,0.07501709373880767
7111,0.41538641275775456,0.02711250052073406,0.07507243545919198
7112,0.41544482738477717,0.02714419618518746,0.07512776276813905
7113,0.4155032420117998,0.027175889784484476,0.07518307567127747
7114,0.4155616566388224,0.027207581318826928,0.0752383741742328
7115,0.415620071265845,0.02723927078841663,0.0752936582826278
7116,0.4156784858928676,0.027270958193455347,0.07534892800208218
7117,0.4157369005198902,0.027302643534144837,0.0754041833382128
7118,0.4157953151469128,0.027334323427499807,0.0754594242966336
7119,0.4158537297739354,0.027365995650436868,0.07551457697552107
7120,0.415912144400958,0.0273976658108008,0.07556969421541258
7121,0.4159705590279806,0.02742933390879308,0.07562479714378449
7122,0.4160289736550032,0.027460999944615153,0.07567988576621017
7123,0.4160873882820258,0.027492663918468444,0.07573496008826011
7124,0.4161458029090484,0.027524325830554343,0.07579002011550191
7125,0.416204217536071,0.027555985681074216,0.07584506585350029
7126,0.4162626321630936,0.027587643470229413,0.07590009730781706
7127,0.4163210467901162,0.02761929919822124,0.07595511448401115
7128,0.41637946141713883,0.027650952865250995,0.07601011738763863
7129,0.41643787604416144,0.02768260447151994,0.07606510602425265
7130,0.41649629067118404,0.02771425401722931,0.07612008039940349
7131,0.41655470529820665,0.027745901502580314,0.07617504051863858
7132,0.41661311992522926,0.027777547017904834,0.07622998638750243
7133,0.41667153455225187,0.027809229252910954,0.07628491801153672
7134,0.4167299491792745,0.027840974431797307,0.07633983539628021
7135,0.4167883638062971,0.027872707222676343,0.07639473854726885
7136,0.4168467784333197,0.027904467509966106,0.07644962747003563
7137,0.4169051930603423,0.027936277525884245,0.07650450217011077
7138,0.4169636076873649,0.027968203418149422,0.07655936265302157
7139,0.4170220223143875,0.0280001186413351,0.07661420892429247
7140,0.4170804369414101,0.028032044667654167,0.07666904098944506
7141,0.4171388515684327,0.028063996667075757,0.07672385885399806
7142,0.41719726619545533,0.028096033934080368,0.07677866252346734
7143,0.41725568082247794,0.02812807016010819,0.07683345200336592
7144,0.41731409544950054,0.02816010534520996,0.07688822729920393
7145,0.41737251007652315,0.02819213948943641,0.07694297167981379
7146,0.41743092470354576,0.02822417259283827,0.07699767261442979
7147,0.41748933933056837,0.028256204655466268,0.07705235940530059
7148,0.417547753957591,0.028288235677371123,0.07710703205791107
7149,0.4176061685846136,0.02832026565860355,0.07716169057774332
7150,0.4176645832116362,0.028352294599214272,0.07721633497027655
7151,0.4177229978386588,0.028384322499253996,0.07727096524098721
7152,0.4177814124656814,0.028416349358773435,0.07732558139534884
7153,0.417839827092704,0.028448375177823292,0.0773801834388322
7154,0.4178982417197266,0.02848039995645427,0.07743477137690519
7155,0.4179566563467492,0.02851242369471707,0.07748934521503294
7156,0.41801507097377183,0.028544446392662383,0.07754390495867769
7157,0.41807348560079444,0.028576468050340906,0.0775984506132989
7158,0.41813190022781704,0.028608488667803328,0.07765298218435321
7159,0.41819031485483965,0.028640508245100334,0.07770749967729444
7160,0.41824872948186226,0.028672526782282604,0.07776200309757357
7161,0.41830714410888487,0.02870454427940082,0.07781649245063879
7162,0.4183655587359075,0.02873656073650566,0.07787096774193548
7163,0.4184239733629301,0.028768576153647793,0.0779254289769062
7164,0.4184823879899527,0.02880059053087789,0.07797987616099071
7165,0.4185408026169753,0.02883260386824662,0.07803430929962595
7166,0.4185992172439979,0.02886461616580464,0.07808872839824607
7167,0.4186576318710205,0.028896627423602616,0.0781431334622824
7168,0.4187160464980431,0.028928637641691197,0.07819752449716348
7169,0.4187744611250657,0.028960646820121044,0.07825190150831507
7170,0.41883287575208833,0.028992652290254432,0.07830626450116009
7171,0.41889129037911094,0.02902464743950306,0.0783606134811187
7172,0.41894970500613354,0.02905666768087082,0.07841494845360825
7173,0.41900811963315615,0.029088683868953163,0.0784692694240433
7174,0.41906653426017876,0.029120693970645806,0.07852357639783561
7175,0.41912494888720137,0.02915269798768415,0.07857786938039418
7176,0.41918336351422397,0.029184726297625963,0.07863214837712519
7177,0.4192417781412466,0.029216752208018164,0.07868641339343206
7178,0.4193001927682692,0.029248941565837145,0.07874066443471543
7179,0.4193586073952918,0.02928111776190756,0.07879490150637311
7180,0.4194170220223144,0.02931330403200645,0.07884912461380021
7181,0.419475436649337,0.02934549427430635,0.07890333376238898
7182,0.4195338512763596,0.029377720297015596,0.07895752895752896
7183,0.4195922659033822,0.02940996441079,0.07901171020460687
7184,0.41965068053040483,0.029442244826263477,0.07906587750900669
7185,0.41970909515742744,0.029474575762578576,0.07912003087610961
7186,0.41976750978445004,0.029506947374402806,0.07917417031129406
7187,0.41982592441147265,0.029539382195282186,0.07922829581993569
7188,0.41988433903849526,0.029571819094579413,0.07928240740740741
7189,0.41994275366551786,0.02960435641601679,0.07933650507907934
7190,0.42000116829254047,0.029636951055432424,0.07939058884031885
7191,0.4200595829195631,0.02966963754138244,0.07944465869649055
7192,0.4201179975465857,0.029702330955780953,0.0794987146529563
7193,0.4201764121736083,0.02973508448350972,0.07955275671507518
7194,0.4202348268006309,0.029767877629854337,0.07960678488820355
7195,0.4202932414276535,0.02980069804123032,0.07966079917769497
7196,0.4203516560546761,0.029833564411497142,0.0797147995889003
7197,0.4204100706816987,0.029866422299975198,0.07976878612716763
7198,0.42046848530872133,0.029899271283006713,0.07982275879784229
7199,0.42052689993574394,0.029932213537086465,0.07987671760626686
7200,0.42058531456276654,0.029965171590611506,0.0799306625577812
7201,0.42064372918978915,0.029998127219671645,0.07998459365772242
7202,0.4207021438168117,0.030031080124400027,0.08003848003848003
7203,0.4207605584438343,0.030064092364464834,0.08009234024816442
7204,0.4208189730708569,0.03009715423445529,0.08014618664443945
7205,0.4208773876978795,0.030130275049548495,0.08020001923261852
7206,0.42093580232490213,0.030163439556114852,0.08025383801801224
7207,0.42099421695192474,0.03019660170338965,0.08030764300592853
7208,0.42105263157894735,0.03022978201287513,0.08036143420167259
7209,0.42111104620596995,0.030263032605643534,0.08041521161054689
7210,0.42116946083299256,0.030296294269557305,0.08046897523785117
7211,0.42122787546001517,0.030329589032353475,0.08052272508888249
7212,0.4212862900870378,0.03036286228476565,0.08057646116893515
7213,0.4213447047140604,0.030396114047632566,0.08063018348330078
7214,0.421403119341083,0.030429344341766047,0.08068389203726828
7215,0.4214615339681056,0.030462697928897838,0.08073758683612382
7216,0.4215199485951282,0.0304960689965174,0.08079126788515092
7217,0.4215783632221508,0.030529468896046623,0.08084493518963035
7218,0.4216367778491734,0.030562972037423666,0.08089858875484016
7219,0.421695192476196,0.03059652469983598,0.08095222858605573
7220,0.42175360710321863,0.030630216534429926,0.08100585468854976
7221,0.42181202173024124,0.03066407666423604,0.0810594670675922
7222,0.42187043635726384,0.030697942367912047,0.08111306572845034
7223,0.42192885098428645,0.030731916053107683,0.08116665067638876
7224,0.42198726561130906,0.030765948719732084,0.08122022191666933
7225,0.42204568023833167,0.03079997511386388,0.08127377945455126
7226,0.4221040948653543,0.030834099995492546,0.08132732329529108
7227,0.4221625094923769,0.030868221086378413,0.08138085344414256
7228,0.4222209241193995,0.030902395801805736,0.08143436990635687
7229,0.4222793387464221,0.03093657074036619,0.08148787268718244
7230,0.4223377533734447,0.030970784876725273,0.08154136179186504
7231,0.4223961680004673,0.031005013184601353,0.08159483722564774
7232,0.4224545826274899,0.031039327770961096,0.08164829899377096
7233,0.4225129972545125,0.031073623191722067,0.08170174710147242
7234,0.42257141188153513,0.031107958567800152,0.08175518155398716
7235,0.42262982650855774,0.03114230845497852,0.08180860235654756
7236,0.42268824113558034,0.03117665514523674,0.08186200951438333
7237,0.42274665576260295,0.03121103381907305,0.08191540303272146
7238,0.42280507038962556,0.03124544754734155,0.08196878291678636
7239,0.42286348501664817,0.031280001346297236,0.0820221491717997
7240,0.4229218996436708,0.03131453660385518,0.0820755018029805
7241,0.4229803142706934,0.03134907034178215,0.08212884081554513
7242,0.423038728897716,0.03138361542217777,0.0821821662147073
7243,0.4230971435247386,0.031418164888135855,0.08223547800567801
7244,0.4231555581517612,0.03145280035022589,0.08228877619366567
7245,0.4232139727787838,0.03148745774129342,0.08234206078387601
7246,0.4232723874058064,0.0315221826592951,0.08239533178151207
7247,0.423330802032829,0.03155690604912615,0.08244858919177427
7248,0.42338921665985163,0.031591639836976895,0.08250183301986037
7249,0.42344763128687424,0.03162636915577145,0.08255506327096548
7250,0.42350604591389684,0.03166109400637228,0.08260827995028205
7251,0.42356446054091945,0.03169582407842172,0.0826614830629999
7252,0.42362287516794206,0.03173053628650195,0.08271467261430619
7253,0.42368128979496467,0.03176523064439237,0.08276784860938545
7254,0.4237397044219873,0.031799907165858184,0.08282101105341955
7255,0.4237981190490099,0.031834565864650465,0.08287415995158773
7256,0.4238565336760325,0.03186920675450615,0.08292729530906659
7257,0.4239149483030551,0.03190382984914805,0.08298041713103009
7258,0.4239733629300777,0.03193872586214444,0.08303352542264957
7259,0.4240317775571003,0.03197365375026069,0.08308662018909369
7260,0.4240901921841229,0.032008576156001216,0.08313970143552854
7261,0.4241486068111455,0.03204348138152928,0.08319276916711753
7262,0.42420702143816813,0.032078384405369045,0.08324582338902148
7263,0.42426543606519074,0.032113320383395164,0.08329886410639854
7264,0.42432385069221334,0.03214825519903782,0.08335189132440429
7265,0.42438226531923595,0.03218320063300313,0.08340490504819162
7266,0.42444067994625856,0.03221817620099971,0.08345790528291085
7267,0.42449909457328117,0.03225318264963906,0.08351089203370965
7268,0.4245575092003038,0.03228827014895595,0.08356386530573309
7269,0.4246159238273264,0.03232342813308654,0.08361682510412362
7270,0.424674338454349,0.03235856958817261,0.08366977143402105
7271,0.4247327530813716,0.03239369452586776,0.0837227043005626
7272,0.4247911677083942,0.03242880295781466,0.08377562370888289
7273,0.4248495823354168,0.03246393383423493,0.08382852966411389
7274,0.4249079969624394,0.032499102806503755,0.083881422171385
7275,0.424966411589462,0.032534363314813824,0.08393430123582298
7276,0.42502482621648463,0.03256962955856264,0.08398716686255202
7277,0.42508324084350724,0.032604920742965546,0.08404001905669366
7278,0.42514165547052984,0.03264022441234876,0.0840928578233669
7279,0.42520007009755245,0.03267558379540401,0.08414568316768806
7280,0.42525848472457506,0.0327109464243225,0.08419849509477093
7281,0.42531689935159767,0.03274629320747998,0.08425129360972668
7282,0.4253753139786203,0.03278164624458023,0.08430407871766386
7283,0.4254337286056429,0.0328170173988346,0.08435685042368847
7284,0.42549214323266543,0.03285238528999229,0.08440960873290389
7285,0.42555055785968804,0.03288775453406191,0.0844623536504109
7286,0.42560897248671065,0.03292314231338532,0.0845150851813077
7287,0.42566738711373325,0.03295852563867031,0.08456780333068993
7288,0.42572580174075586,0.03299394741473706,0.08462050810365061
7289,0.42578421636777847,0.033029388905590304,0.08467319950528018
7290,0.4258426309948011,0.033064872013873474,0.08472587754066652
7291,0.4259010456218237,0.03310039101260681,0.08477854221489489
7292,0.4259594602488463,0.0331359377647059,0.08483119353304802
7293,0.4260178748758689,0.033171469378333054,0.08488383150020602
7294,0.4260762895028915,0.03320698586315687,0.08493645612144646
7295,0.4261347041299141,0.033242571749942336,0.08498906740184428
7296,0.4261931187569367,0.03327815568873148,0.08504166534647191
7297,0.4262515333839593,0.033313739467271855,0.08509424996039917
7298,0.42630994801098193,0.03334931480699667,0.08514682124869334
7299,0.42636836263800454,0.033384881710907484,0.0851993792164191
7300,0.42642677726502715,0.03342045666942025,0.08525192386863857
7301,0.42648519189204975,0.03345605793652084,0.08530445521041133
7302,0.42654360651907236,0.03349166188332032,0.08535697324679437
7303,0.42660202114609497,0.033527294208364276,0.08540947798284212
7304,0.4266604357731176,0.03356305031891021,0.0854619694236065
7305,0.4267188504001402,0.03359879198597269,0.08551444757413679
7306,0.4267772650271628,0.03363451921830149,0.08556691243947977
7307,0.4268356796541854,0.03367028573060064,0.08561936402467964
7308,0.426894094281208,0.03370607490858216,0.08567180233477807
7309,0.4269525089082306,0.03374189268892199,0.08572422737481415
7310,0.4270109235352532,0.03377770683992067,0.08577663914982446
7311,0.4270693381622758,0.03381351752072161,0.08582903766484298
7312,0.42712775278929843,0.03384933001659408,0.08588142292490118
7313,0.42718616741632104,0.03388517032898184,0.08593379493502798
7314,0.42724458204334365,0.0339210320781317,0.08598615370024974
7315,0.42730299667036625,0.0339568990374984,0.08603849922559029
7316,0.42736141129738886,0.033992808297880844,0.08609083151607091
7317,0.42741982592441147,0.0340287288720097,0.08614315057671038
7318,0.4274782405514341,0.03406469606073279,0.08619545641252488
7319,0.4275366551784567,0.03410064950411909,0.0862477490285281
7320,0.4275950698054793,0.03413658921004654,0.08630002842973118
7321,0.4276534844325019,0.034172515186387045,0.08635229462114273
7322,0.4277118990595245,0.03420842744100653,0.08640454760776883
7323,0.4277703136865471,0.03424432598176488,0.08645678739461303
7324,0.4278287283135697,0.03428021081651599,0.08650901398667635
7325,0.4278871429405923,0.03431608195310777,0.08656122738895729
7326,0.42794555756761493,0.03435193939938213,0.08661342760645181
7327,0.42800397219463754,0.034387783163174986,0.08666561464415339
7328,0.42806238682166015,0.03442361325231629,0.08671778850705292
7329,0.42812080144868275,0.03445942967463002,0.08676994920013884
7330,0.42817921607570536,0.03449523243793417,0.08682209672839701
7331,0.42823763070272797,0.034531021550040786,0.08687423109681082
7332,0.4282960453297506,0.034566797018755965,0.08692635231036114
7333,0.4283544599567732,0.03460255885187984,0.08697841273837247
7334,0.4284128745837958,0.0346383070572066,0.08703307760030185
7335,0.4284712892108184,0.03467421570308957,0.0870877479800044
7336,0.428529703837841,0.034710123592679346,0.08714240804778371
7337,0.4285881184648636,0.034746080985721836,0.08719705780655707
7338,0.4286465330918862,0.03478204508882364,0.08725169725924063
7339,0.4287049477189088,0.034818065707826897,0.0873063264087495
7340,0.42876336234593143,0.03485415734501651,0.0873609452579976
7341,0.42882177697295404,0.03489030049147652,0.08741555380989788
7342,0.42888019159997665,0.03492648161204529,0.08747015206736207
7343,0.42893860622699925,0.03496265628117708,0.08752474003330087
7344,0.42899702085402186,0.03499885323765016,0.08757931771062386
7345,0.42905543548104447,0.03503507791860742,0.08763388510223953
7346,0.4291138501080671,0.0350713152247907,0.08768844221105528
7347,0.4291722647350897,0.03510756373723267,0.08774298903997739
7348,0.4292306793621123,0.03514391110037262,0.08779752559191108
7349,0.4292890939891349,0.03518024616985152,0.08785205186976043
7350,0.4293475086161575,0.0352165689519054,0.08790656787642848
7351,0.4294059232431801,0.035252879452766055,0.08796107361481714
7352,0.4294643378702027,0.03528917767866107,0.08801556908782723
7353,0.4295227524972253,0.03532546363581383,0.0880700542983585
7354,0.42958116712424793,0.0353617373304435,0.08812452924930957
7355,0.42963958175127054,0.03539799876876506,0.08817899394357799
7356,0.42969799637829315,0.03543424795698927,0.08823344838406025
7357,0.42975641100531575,0.0354704849013227,0.08828789257365167
7358,0.42981482563233836,0.03550670960796774,0.08834232651524658
7359,0.42987324025936097,0.03554292208312259,0.08839675021173814
7360,0.4299316548863836,0.03557912233298125,0.08845116366601845
7361,0.4299900695134062,0.03561531036373355,0.08850556688097852
7362,0.4300484841404288,0.03565156490013531,0.08855995985950828
7363,0.4301068987674514,0.035687871651561544,0.08861434260449656
7364,0.430165313394474,0.035724180486276826,0.08866871511883113
7365,0.4302237280214966,0.0357605459126066,0.08872307740539863
7366,0.4302821426485192,0.03579690564257829,0.08877742946708464
7367,0.43034055727554177,0.03583333598417236,0.08883177130677365
7368,0.4303989719025644,0.035869789368487726,0.08888610292734908
7369,0.430457386529587,0.035906275139836324,0.08894042433169325
7370,0.4305158011566096,0.03594274937722386,0.08899473552268738
7371,0.4305742157836322,0.03597921208611868,0.08904903650321165
7372,0.4306326304106548,0.036015663271985666,0.08910332727614512
7373,0.4306910450376774,0.03605209918440847,0.08915760784436577
7374,0.4307494596647,0.03608851882691542,0.08921187821075054
7375,0.4308078742917226,0.036124926968146114,0.08926613837817521
7376,0.43086628891874523,0.036161323613547826,0.08932038834951456
7377,0.43092470354576784,0.036197708768564395,0.08937462812764226
7378,0.43098311817279045,0.03623408243863621,0.08942885771543087
7379,0.43104153279981305,0.03627044462920024,0.0894830771157519
7380,0.43109994742683566,0.036306859554247284,0.0895372863314758
7381,0.43115836205385827,0.03634328243354065,0.0895914853654719
7382,0.4312167766808809,0.03637979251252748,0.08964567422060848
7383,0.4312751913079035,0.036416311237786145,0.08969985289975274
7384,0.4313336059349261,0.036452853576770146,0.0897540214057708
7385,0.4313920205619487,0.03648939143849742,0.08980817974152767
7386,0.4314504351889713,0.036525981951577156,0.08986232790988737
7387,0.4315088498159939,0.036562615815322955,0.08991646591371273
7388,0.4315672644430165,0.03659925977088058,0.08997059375586561
7389,0.4316256790700391,0.03663591806244006,0.09002471143920673
7390,0.43168409369706173,0.03667275827217662,0.09007881896659577
7391,0.43174250832408434,0.03670958802973306,0.09013291634089132
7392,0.43180092295110695,0.03674644970378321,0.09018700356495091
7393,0.43185933757812955,0.03678330662703423,0.09024108064163097
7394,0.43191775220515216,0.036820157091949184,0.0902951475737869
7395,0.43197616683217477,0.036857020268058635,0.09034920436427299
7396,0.4320345814591974,0.03689400144707636,0.09040325101594249
7397,0.43209299608622,0.03693097252828961,0.09045728753164754
7398,0.4321514107132426,0.03696793351583368,0.09051131391423928
7399,0.4322098253402652,0.03700515934827807,0.0905653301665677
7400,0.4322682399672878,0.03704241389880089,0.09061933629148178
7401,0.4323266545943104,0.037079711645049314,0.0906733322918294
7402,0.432385069221333,0.037117013493261006,0.09072731817045739
7403,0.4324434838483556,0.037154310783880394,0.09078129393021149
7404,0.43250189847537823,0.037191598683303816,0.0908352595739364
7405,0.43256031310240084,0.03722887719507778,0.09088921510447574
7406,0.43261872772942345,0.03726614632274701,0.09094316052467208
7407,0.43267714235644605,0.03730340606985444,0.0909970958373669
7408,0.43273555698346866,0.03734065643994123,0.09105102104540061
7409,0.43279397161049127,0.03737789743654675,0.0911049361516126
7410,0.4328523862375139,0.037415129063208596,0.09115884115884115
7411,0.4329108008645365,0.03745235132346259,0.09121273606992353
7412,0.4329692154915591,0.03748956422084275,0.09126662088769587
7413,0.4330276301185817,0.03752676775888134,0.0913204956149933
7414,0.4330860447456043,0.037563961941108844,0.09137436025464986
7415,0.4331444593726269,0.037601146771053966,0.09142821480949855
7416,0.4332028739996495,0.037638322252243624,0.0914820592823713
7417,0.4332612886266721,0.03767548838820299,0.09153589367609896
7418,0.43331970325369473,0.03771264518245544,0.09158971799351136
7419,0.43337811788071734,0.03774979263852259,0.09164353223743722
7420,0.43343653250773995,0.03778693075992429,0.09169733641070427
7421,0.43349494713476255,0.03782405955017861,0.09175113051613909
7422,0.43355336176178516,0.03786117901280186,0.0918049145565673
7423,0.43361177638880777,0.03789828915130857,0.09185868853481338
7424,0.4336701910158304,0.03793538996921153,0.09191245245370082
7425,0.433728605642853,0.03797248147002175,0.091966206316052
7426,0.4337870202698756,0.038009563657248474,0.09201995012468828
7427,0.4338454348968982,0.03804663653439918,0.09207368388242995
7428,0.4339038495239208,0.03808370010497961,0.09212740759209624
7429,0.4339622641509434,0.038120754372493716,0.09218112125650535
7430,0.434020678777966,0.038157799340443714,0.09223482487847438
7431,0.4340790934049886,0.03819483501233004,0.09228851846081944
7432,0.43413750803201123,0.038231861391651405,0.09234220200635554
7433,0.43419592265903384,0.03826887848190473,0.09239587551789664
7434,0.43425433728605645,0.0383058862865852,0.09244953899825567
7435,0.43431275191307905,0.038342884809186246,0.09250319245024449
7436,0.43437116654010166,0.03837987405319955,0.09255683587667393
7437,0.43442958116712427,0.038416854022115025,0.09261046928035375
7438,0.4344879957941469,0.03845382471942086,0.09266409266409266
7439,0.4345464104211695,0.03849078614860347,0.09271770603069834
7440,0.4346048250481921,0.03852773831314754,0.0927713093829774
7441,0.4346632396752147,0.03856468121653601,0.0928249027237354
7442,0.4347216543022373,0.038601614862250055,0.0928784860557769
7443,0.4347800689292599,0.03863853925376912,0.09293205938190532
7444,0.4348384835562825,0.03867545439457091,0.09298562270492314
7445,0.4348968981833051,0.03871236028813137,0.0930391760276317
7446,0.43495531281032773,0.03874925693792472,0.09309271935283137
7447,0.43501372743735034,0.038786144347423446,0.09314625268332141
7448,0.43507214206437295,0.03882302252009827,0.09319977602190008
7449,0.4351305566913955,0.03885989145941819,0.09325328937136458
7450,0.4351889713184181,0.03889675116885048,0.09330679273451108
7451,0.4352473859454407,0.038933601651860654,0.09336028611413466
7452,0.4353058005724633,0.03897044291191251,0.09341376951302942
7453,0.4353642151994859,0.0390072749524681,0.09346724293398836
7454,0.43542262982650853,0.039044097776987745,0.0935207063798035
7455,0.43548104445353114,0.039080911388930044,0.09357415985326577
7456,0.43553945908055375,0.03911771579175186,0.09362760335716507
7457,0.43559787370757636,0.03915451098890833,0.09368103689429025
7458,0.43565628833459896,0.039191296983852854,0.09373446046742914
7459,0.43571470296162157,0.0392280737800371,0.09378787407936853
7460,0.4357731175886442,0.03926484138091104,0.09384127773289416
7461,0.4358315322156668,0.03930159978992289,0.09389467143079074
7462,0.4358899468426894,0.03933834901051915,0.09394805517584193
7463,0.435948361469712,0.03937508904614461,0.09400142897083036
7464,0.4360067760967346,0.03941181990024232,0.09405479281853761
7465,0.4360651907237572,0.039448541576253625,0.09410814672174427
7466,0.4361236053507798,0.03948525407761814,0.09416149068322982
7467,0.4361820199778024,0.03952195740777376,0.09421482470577275
7468,0.43624043460482503,0.03955865157015667,0.09426814879215054
7469,0.43629884923184764,0.03959533656820135,0.09432146294513956
7470,0.43635726385887025,0.03963201240534053,0.09437476716751521
7471,0.43641567848589286,0.03966867908500526,0.09442806146205183
7472,0.43647409311291546,0.03970533661062486,0.09448134583152275
7473,0.43653250773993807,0.039741984985626935,0.09453462027870023
7474,0.4365909223669607,0.03977862421343739,0.09458788480635551
7475,0.4366493369939833,0.03981525429748042,0.09464113941725882
7476,0.4367077516210059,0.0398518752411785,0.09469438411417934
7477,0.4367661662480285,0.039888487047952406,0.09474761889988521
7478,0.4368245808750511,0.039925089721221205,0.09480084377714357
7479,0.4368829955020737,0.039961683264402255,0.0948540587487205
7480,0.4369414101290963,0.03999826768091122,0.09490726381738106
7481,0.4369998247561189,0.04003484297416205,0.09496045898588928
7482,0.43705823938314153,0.04007140914756699,0.09501364425700819
7483,0.43711665401016414,0.04010796620453659,0.09506681963349974
7484,0.43717506863718675,0.04014451414847971,0.09511998511812489
7485,0.43723348326420935,0.040181052982803486,0.09517314071364355
7486,0.43729189789123196,0.04021758271091337,0.09522628642281464
7487,0.43735031251825457,0.040254193525250864,0.095279422248396
7488,0.4374087271452772,0.04029092276187151,0.09533254819314449
7489,0.4374671417722998,0.040327701791870375,0.09538566425981593
7490,0.4375255563993224,0.040364477266020965,0.0954387704511651
7491,0.437583971026345,0.04040127888951199,0.09549186676994578
7492,0.4376423856533676,0.040438131351644264,0.09554495321891071
7493,0.4377008002803902,0.040475014922989105,0.09559802980081163
7494,0.4377592149074128,0.04051189968903631,0.0956510965183992
7495,0.4378176295344354,0.0405487760361887,0.09570415337442315
7496,0.43787604416145803,0.04058564396732834,0.09575720037163209
7497,0.43793445878848064,0.040622503485336,0.09581023751277366
7498,0.43799287341550325,0.040659354593091106,0.0958632648005945
7499,0.43805128804252585,0.04069621729102928,0.09591628223784018
7500,0.43810970266954846,0.040733229099045344,0.09596928982725528
7501,0.43816811729657107,0.04077024939947261,0.09602228757158335
7502,0.4382265319235937,0.04080728486722759,0.09607527547356692
7503,0.4382849465506163,0.040844312271792686,0.0961282535359475
7504,0.4383433611776389,0.04088145875226334,0.09618122176146562
7505,0.4384017758046615,0.04091868220421351,0.09623418015286073
7506,0.4384601904316841,0.040955897940372875,0.09628712871287129
7507,0.4385186050587067,0.0409931059631402,0.09634006744423476
7508,0.4385770196857293,0.04103030627491328,0.09639299634968755
7509,0.4386354343127519,0.04106749887808891,0.09644591543196511
7510,0.43869384893977453,0.04110468377506288,0.0964988246938018
7511,0.43875226356679714,0.04114186096822999,0.09655172413793103
7512,0.43881067819381975,0.04117903045998408,0.09660461376708517
7513,0.43886909282084235,0.04121619225271795,0.09665749358399554
7514,0.43892750744786496,0.04125334634882344,0.09671036359139253
7515,0.43898592207488757,0.04129049275069139,0.09676322379200544
7516,0.4390443367019102,0.041327631460711646,0.0968160741885626
7517,0.4391027513289328,0.041364762481273076,0.0968689147837913
7518,0.4391611659559554,0.041401885814763555,0.09692174558041786
7519,0.439219580582978,0.041439001463569956,0.09697456658116753
7520,0.4392779952100006,0.04147610943007818,0.09702737778876461
7521,0.4393364098370232,0.04151320971667313,0.09708017920593233
7522,0.4393948244640458,0.04155030232573874,0.09713297083539298
7523,0.4394532390910684,0.04158738725965793,0.09718575267986779
7524,0.43951165371809103,0.04162446452081265,0.09723852474207698
7525,0.43957006834511364,0.041661534111583874,0.09729128702473978
7526,0.43962848297213625,0.04169859603435156,0.09734403953057442
7527,0.43968689759915885,0.041735650291494716,0.09739678226229811
7528,0.43974531222618146,0.04177269688539135,0.09744951522262706
7529,0.43980372685320407,0.04180973581841848,0.09750223841427645
7530,0.4398621414802267,0.04184676709295215,0.09755495183996049
7531,0.4399205561072492,0.04188379071136743,0.09760765550239234
7532,0.43997897073427183,0.04192080667603838,0.09766034940428421
7533,0.44003738536129444,0.04195781498933812,0.09771303354834728
7534,0.44009579998831705,0.041994815653638745,0.0977657079372917
7535,0.44015421461533966,0.0420318086713114,0.09781837257382664
7536,0.44021262924236226,0.04206879404472624,0.09787102746066029
7537,0.44027104386938487,0.04210577177625244,0.0979236726004998
7538,0.4403294584964075,0.04214274186825819,0.09797630799605134
7539,0.4403878731234301,0.04217970432311072,0.09802893365002005
7540,0.4404462877504527,0.04221665914317626,0.09808154956511012
7541,0.4405047023774753,0.04225360633082008,0.09813415574402468
7542,0.4405631170044979,0.042290545888406465,0.09818675218946589
7543,0.4406215316315205,0.04232747781829872,0.09823933890413493
7544,0.4406799462585431,0.042364402122859184,0.09829191589073195
7545,0.4407383608855657,0.042401318804449216,0.0983444831519561
7546,0.44079677551258833,0.042438227865429196,0.09839704069050555
7547,0.44085519013961094,0.042475129308158534,0.09844958850907747
7548,0.44091360476663355,0.04251202313499567,0.098502126610368
7549,0.44097201939365616,0.04254890934829806,0.09855465499707233
7550,0.44103043402067876,0.04258578795042219,0.09860717367188462
7551,0.44108884864770137,0.042622658943723586,0.09865968263749808
7552,0.441147263274724,0.04265952233055679,0.09871218189660484
7553,0.4412056779017466,0.04269637811327537,0.09876467145189612
7554,0.4412640925287692,0.04273322629423193,0.0988171513060621
7555,0.4413225071557918,0.042770066875778105,0.09886962146179197
7556,0.4413809217828144,0.042806899860264556,0.09892208192177394
7557,0.441439336409837,0.04284372525004097,0.09897453268869523
7558,0.4414977510368596,0.04288054304745609,0.09902697376524203
7559,0.4415561656638822,0.04291738741002982,0.09907940515409958
7560,0.44161458029090483,0.04295436612394984,0.09913182685795209
7561,0.44167299491792744,0.04299136301490491,0.09918423887948284
7562,0.44173140954495005,0.043028373217589615,0.09923664122137404
7563,0.44178982417197266,0.04306537617477663,0.09928903388630697
7564,0.44184823879899526,0.04310240513156486,0.0993414168769619
7565,0.44190665342601787,0.04313943287595235,0.0993937901960181
7566,0.4419650680530405,0.04317646219184264,0.09944615384615385
7567,0.4420234826800631,0.043213516626243884,0.09949850783004646
7568,0.4420818973070857,0.043250568988585786,0.09955085215037224
7569,0.4421403119341083,0.043287658358368106,0.09960318680980651
7570,0.4421987265611309,0.04332484432872564,0.09965551181102363
7571,0.4422571411881535,0.04336202340567755,0.0997078271566969
7572,0.4423155558151761,0.043399195591140464,0.09976013284949874
7573,0.4423739704421987,0.043436360887030324,0.09981242889210049
7574,0.44243238506922133,0.04347351929526234,0.09986471528717256
7575,0.44249079969624394,0.04351067081775101,0.09991699203738433
7576,0.44254921432326655,0.043547815456410136,0.09996925914540425
7577,0.44260762895028916,0.0435849532131528,0.10002151661389973
7578,0.44266604357731176,0.04362208408989138,0.10007376444553726
7579,0.44272445820433437,0.04365920808853755,0.10012600264298227
7580,0.442782872831357,0.043696325211002265,0.10017823120889927
7581,0.4428412874583796,0.04373343545919579,0.10023045014595176
7582,0.4428997020854022,0.043770538835027656,0.10028265945680226
7583,0.4429581167124248,0.04380763534040671,0.10033485914411232
7584,0.4430165313394474,0.04384472497724108,0.10038704921054248
7585,0.44307494596647,0.043881807747438197,0.10043922965875234
7586,0.4431333605934926,0.04391888365290477,0.1004914004914005
7587,0.4431917752205152,0.04395595269554682,0.10054356171114455
7588,0.44325018984753783,0.04399301487726966,0.10059571332064116
7589,0.44330860447456044,0.04403007019997788,0.10064785532254598
7590,0.44336701910158305,0.04406711866557538,0.10069998771951369
7591,0.44342543372860566,0.04410416027596536,0.10075211051419801
7592,0.44348384835562826,0.04414074132412729,0.10080422370925164
7593,0.44354226298265087,0.04417776889121728,0.10085632730732635
7594,0.4436006776096735,0.04421478960893811,0.10090842131107292
7595,0.4436590922366961,0.044251803479190124,0.10096050572314114
7596,0.4437175068637187,0.04428881050387293,0.10101258054617981
7597,0.4437759214907413,0.04432581068488543,0.1010646457828368
7598,0.4438343361177639,0.04436280402412587,0.10111670143575899
7599,0.4438927507447865,0.04439979052349174,0.10116874750759226
7600,0.4439511653718091,0.04443677018487985,0.10122078400098153
7601,0.4440095799988317,0.04447374165621143,0.10127281091857077
7602,0.44406799462585433,0.044510704189716845,0.10132482826300294
7603,0.44412640925287694,0.04454766066556657,0.10137683603692006
7604,0.44418482387989955,0.04458461031201044,0.10142883424296315
7605,0.44424323850692216,0.04462155313094137,0.10148082288377226
7606,0.44430165313394476,0.04465854227068448,0.10153280196198651
7607,0.44436006776096737,0.04469554576847819,0.101584771480244
7608,0.44441848238799,0.04473262176603037,0.10163673144118188
7609,0.4444768970150126,0.04476971887958407,0.10168868184743633
7610,0.4445353116420352,0.0448068432298267,0.10174062270164257
7611,0.4445937262690578,0.04484397656297251,0.1017925540064348
7612,0.4446521408960804,0.04488113911121878,0.10184447576444636
7613,0.444710555523103,0.04491830627864364,0.1018963879783095
7614,0.44476897015012556,0.044955497807439744,0.10194829065065555
7615,0.44482738477714817,0.044992814808951995,0.10200018378411492
7616,0.4448857994041708,0.045030141609296095,0.102052067381317
7617,0.4449442140311934,0.045067462285887525,0.10210394144489021
7618,0.445002628658216,0.04510477684023313,0.10215580597746203
7619,0.4450610432852386,0.04514208527383927,0.10220766098165895
7620,0.4451194579122612,0.0451793875882118,0.10225950646010655
7621,0.4451778725392838,0.045216683784856083,0.10231134241542936
7622,0.4452362871663064,0.045253973039436984,0.10236316885025101
7623,0.44529470179332903,0.045291250974346116,0.10241498576719414
7624,0.44535311642035164,0.04532852279801759,0.10246679316888045
7625,0.44541153104737424,0.04536578851195406,0.10251859105793065
7626,0.44546994567439685,0.04540304811765771,0.10257037943696451
7627,0.44552836030141946,0.04544030161663021,0.1026221583086008
7628,0.44558677492844206,0.04547754901037274,0.10267392767545738
7629,0.44564518955546467,0.04551479030038602,0.10272568754015111
7630,0.4457036041824873,0.04555202548817023,0.10277743790529793
7631,0.4457620188095099,0.0455892545752251,0.10282917877351277
7632,0.4458204334365325,0.04562647756304984,0.10288091014740963
7633,0.4458788480635551,0.04566369445314318,0.10293263202960154
7634,0.4459372626905777,0.04570090524700337,0.10298434442270059
7635,0.4459956773176003,0.04573810994612814,0.10303604732931788
7636,0.4460540919446229,0.04577530855201476,0.10308774075206359
7637,0.44611250657164553,0.04581250106616,0.10313942469354691
7638,0.44617092119866814,0.04584968749006013,0.10319109915637609
7639,0.44622933582569074,0.04588686782521094,0.1032427641431584
7640,0.44628775045271335,0.04592404207310772,0.10329441965650021
7641,0.44634616507973596,0.045961210235245284,0.10334606569900688
7642,0.44640457970675856,0.045998372313117944,0.10339770227328282
7643,0.44646299433378117,0.04603552830821954,0.1034493293819315
7644,0.4465214089608038,0.0460726782220434,0.10350094702755545
7645,0.4465798235878264,0.04610982205608239,0.1035525552127562
7646,0.446638238214849,0.046147049883913174,0.10360415394013439
7647,0.4466966528418716,0.046184363655757066,0.10365574321228965
7648,0.4467550674688942,0.04622171893466493,0.10370732303182068
7649,0.4468134820959168,0.04625908158523399,0.10375889340132523
7650,0.4468718967229394,0.04629648649711671,0.1038104543234001
7651,0.44693031134996203,0.046333902684454475,0.10386200580064113
7652,0.44698872597698464,0.046371313262882935,0.1039135478356432
7653,0.44704714060400724,0.04640876905952245,0.10396508043100028
7654,0.44710555523102985,0.0464462188697601,0.10401660358930534
7655,0.44716396985805246,0.046483665010850245,0.10406811731315042
7656,0.44722238448507506,0.046521111396755944,0.10411962160512664
7657,0.44728079911209767,0.046558565195667694,0.10417111646782412
7658,0.4473392137391203,0.046596045286881126,0.10422260190383208
7659,0.4473976283661429,0.046633569634854086,0.10427407791573874
7660,0.4474560429931655,0.0466710886173973,0.1043255445061314
7661,0.4475144576201881,0.04670860223566146,0.10437700167759646
7662,0.4475728722472107,0.0467461104907969,0.10442844943271928
7663,0.4476312868742333,0.04678361338395366,0.10447988777408435
7664,0.4476897015012559,0.046821110916281446,0.10453131670427518
7665,0.44774811612827853,0.04685860308892961,0.10458273622587431
7666,0.44780653075530114,0.0468960899030472,0.10463414634146341
7667,0.44786494538232374,0.04693357135978293,0.10468554705362314
7668,0.44792336000934635,0.04697104746028519,0.10473693836493324
7669,0.44798177463636896,0.04700851820570201,0.10478832027797251
7670,0.44804018926339156,0.04704598359718114,0.10483969279531878
7671,0.44809860389041417,0.04708343936530406,0.10489105591954899
7672,0.4481570185174368,0.047120887556286094,0.10494240965323907
7673,0.4482154331444594,0.04715833039862742,0.10499375399896407
7674,0.448273847771482,0.04719576789347385,0.10504508895929808
7675,0.4483322623985046,0.04723320004197089,0.1050964145368142
7676,0.4483906770255272,0.047270626845263695,0.10514773073408468
7677,0.4484490916525498,0.04730804830449711,0.10519903755368075
7678,0.4485075062795724,0.04734546442081564,0.10525033499817274
7679,0.44856592090659503,0.04738287519536347,0.10530160082780449
7680,0.44862433553361764,0.04742028062928447,0.10535284988283984
7681,0.44868275016064024,0.047457680723722154,0.10540408958130477
7682,0.44874116478766285,0.04749507547981974,0.1054553199257614
7683,0.44879957941468546,0.047532464898720095,0.10550654091877092
7684,0.44885799404170806,0.04756984898156578,0.10555775256289356
7685,0.44891640866873067,0.04760722772949901,0.10560895486068865
7686,0.4489748232957533,0.0476446011436617,0.10566014781471456
7687,0.4490332379227759,0.04768196922519542,0.10571133142752874
7688,0.4490916525497985,0.04771933197524141,0.1057625057016877
7689,0.4491500671768211,0.047756689394940606,0.10581367063974702
7690,0.4492084818038437,0.0477940414854336,0.10586482624426134
7691,0.4492668964308663,0.04783138824786065,0.1059159725177844
7692,0.4493253110578889,0.04786879568171851,0.10596710946286896
7693,0.44938372568491153,0.04790625490005194,0.10601823708206687
7694,0.44944214031193414,0.047943732426096175,0.10606935537792907
7695,0.44950055493895674,0.0479812211782378,0.10612046435300553
7696,0.4495589695659793,0.04801871370138964,0.10617156400984533
7697,0.4496173841930019,0.04805627294152447,0.10622265435099659
7698,0.4496757988200245,0.04809386185260447,0.10627373537900653
7699,0.4497342134470471,0.04813144656535139,0.1063248070964214
7700,0.4497926280740697,0.04816913872894762,0.10637586950578658
7701,0.44985104270109233,0.048206824313805005,0.10642692260964647
7702,0.44990945732811494,0.04824460280413277,0.10647796641054454
7703,0.44996787195513754,0.04828237667936006,0.10652900091102338
7704,0.45002628658216015,0.048320145940332515,0.10658002611362463
7705,0.45008470120918276,0.048357910587895556,0.106631042020889
7706,0.45014311583620537,0.048395670622894404,0.10668204863535627
7707,0.450201530463228,0.04843342604617407,0.1067330459595653
7708,0.4502599450902506,0.04847117685857937,0.10678403399605403
7709,0.4503183597172732,0.04850891901923831,0.10683501274735947
7710,0.4503767743442958,0.04854665427688299,0.10688598221601772
7711,0.4504351889713184,0.04858438492773351,0.10693694240456393
7712,0.450493603598341,0.048622110972633435,0.10698789331553236
7713,0.4505520182253636,0.04865983241242611,0.10703883495145632
7714,0.4506104328523862,0.04869754391128073,0.10708976731486819
7715,0.45066884747940883,0.04873525051427096,0.10714069040829946
7716,0.45072726210643144,0.04877295251605668,0.10719160423428069
7717,0.45078567673345404,0.04881064991748002,0.1072425087953415
7718,0.45084409136047665,0.048848342719382945,0.10729340409401061
7719,0.45090250598749926,0.04888603092260718,0.10734429013281582
7720,0.45096092061452187,0.04892371452799427,0.10739516691428398
7721,0.4510193352415445,0.048961393536385546,0.10744603444094106
7722,0.4510777498685671,0.048999067948622126,0.1074968927153121
7723,0.4511361644955897,0.04903673776554493,0.10754774173992118
7724,0.4511945791226123,0.04907440298799468,0.10759858151729154
7725,0.4512529937496349,0.049112063616811884,0.10764941204994545
7726,0.4513114083766575,0.04914971965283684,0.10770023334040425
7727,0.4513698230036801,0.049187371096909654,0.10775104539118842
7728,0.4514282376307027,0.04922501794987022,0.10780184820481745
7729,0.45148665225772533,0.04926266021255823,0.10785264178380999
7730,0.45154506688474794,0.04930029788581316,0.10790342613068371
7731,0.45160348151177054,0.04933793097047429,0.10795420124795542
7732,0.45166189613879315,0.04937555946738072,0.10800496713814096
7733,0.45172031076581576,0.049413183377371286,0.1080557238037553
7734,0.45177872539283837,0.049450802701284685,0.10810647124731249
7735,0.45183714001986097,0.04948841743995936,0.10815720947132562
7736,0.4518955546468836,0.04952602759423358,0.10820793847830694
7737,0.4519539692739062,0.04956363316494539,0.10825865827076774
7738,0.4520123839009288,0.04960123415293265,0.1083093688512184
7739,0.4520707985279514,0.049638830559032995,0.10836007022216841
7740,0.452129213154974,0.049676422384083874,0.10841076238612633
7741,0.4521876277819966,0.049714009628922515,0.1084614453455998
7742,0.4522460424090192,0.049751592294385964,0.10851211910309559
7743,0.45230445703604183,0.04978917038131104,0.10856278366111952
7744,0.45236287166306444,0.04982674389053437,0.1086134390221765
7745,0.45242128629008704,0.04986431282289237,0.10866408518877058
7746,0.45247970091710965,0.04990187717922127,0.10871472216340482
7747,0.45253811554413226,0.049939436960357075,0.10876534994858145
7748,0.45259653017115486,0.0499769921671356,0.10881596854680176
7749,0.45265494479817747,0.05001454280039245,0.1088665779605661
7750,0.4527133594252001,0.050052088860963025,0.10891717819237398
7751,0.4527717740522227,0.050089630349682536,0.10896776924472396
7752,0.4528301886792453,0.05012716726738596,0.10901835112011367
7753,0.4528886033062679,0.05016469961490811,0.1090689238210399
7754,0.4529470179332905,0.05020222739308356,0.10911948734999849
7755,0.4530054325603131,0.050239750602746706,0.10917004170948437
7756,0.4530638471873357,0.050277269244731734,0.1092205869019916
7757,0.45312226181435833,0.05031478331987261,0.1092711229300133
7758,0.45318067644138094,0.05035229282900313,0.1093216497960417
7759,0.45323909106840354,0.05038979777295685,0.10937216750256813
7760,0.45329750569542615,0.050427298152567156,0.10942267605208301
7761,0.45335592032244876,0.05046479396866721,0.10947317544707588
7762,0.45341433494947136,0.05050228522208998,0.10952366569003534
7763,0.45347274957649397,0.05053977191366823,0.10957414678344911
7764,0.4535311642035166,0.050577254044234514,0.109624618729804
7765,0.4535895788305392,0.05061474669204365,0.10967508153158594
7766,0.4536479934575618,0.05065228343073891,0.10972553519127994
7767,0.4537064080845844,0.050689868890877614,0.10977597971137008
7768,0.453764822711607,0.050727514111450905,0.10982641509433962
7769,0.4538232373386296,0.05076522248402098,0.10987684134267085
7770,0.4538816519656522,0.050802926653347624,0.10992725845884518
7771,0.45394006659267483,0.05084062662013357,0.10997766644534315
7772,0.45399848121969744,0.05087832238508142,0.11002806530464436
7773,0.45405689584672004,0.050916013948893606,0.11007845503922752
7774,0.45411531047374265,0.050953730673273676,0.11012883565157047
7775,0.45417372510076526,0.05099145909173699,0.11017920714415012
7776,0.45423213972778786,0.0510291942102799,0.11022956951944252
7777,0.45429055435481047,0.05106695350230361,0.11027992277992278
7778,0.454348968981833,0.051104811308368345,0.11033026692806515
7779,0.45440738360885563,0.05114266346196227,0.11038060196634296
7780,0.45446579823587824,0.051180509964351216,0.11043092789722868
7781,0.45452421286290084,0.05121837412175808,0.11048124472319383
7782,0.45458262748992345,0.05125628225730895,0.11053155244670908
7783,0.45464104211694606,0.0512941865547475,0.1105818510702442
7784,0.45469945674396867,0.0513320870146566,0.11063214059626805
7785,0.4547578713709913,0.05136998363761899,0.11068242102724861
7786,0.4548162859980139,0.051407876424217326,0.11073269236565297
7787,0.4548747006250365,0.051445765375034105,0.11078295461394733
7788,0.4549331152520591,0.05148365049065174,0.11083320777459696
7789,0.4549915298790817,0.0515215317716525,0.11088345185006629
7790,0.4550499445061043,0.051559409218618554,0.11093368684281883
7791,0.4551083591331269,0.0515974718274595,0.11098391275531723
7792,0.4551667737601495,0.05163558001301027,0.11103412959002319
7793,0.45522518838717213,0.05167372204067063,0.11108433734939759
7794,0.45528360301419474,0.05171187588495885,0.11113449800042097
7795,0.45534201764121734,0.05175004693985132,0.11118456638019111
7796,0.45540043226823995,0.05178821459609627,0.11123457160875702
7797,0.45545884689526256,0.05182638531456465,0.1112845138055222
7798,0.45551726152228517,0.051864591979141964,0.1113343930895894
7799,0.4555756761493078,0.051902793608284786,0.1113842095797614
7800,0.4556340907763304,0.051940998101004485,0.11143413756930916
7801,0.455692505403353,0.05197919332070238,0.1114840565811556
7802,0.4557509200303756,0.0520173792707542,0.11153396661772197
7803,0.4558093346573982,0.05205572223629787,0.11158386768142865
7804,0.4558677492844208,0.05209406210025821,0.11163375977469515
7805,0.4559261639114434,0.05213239886301154,0.11168364289994008
7806,0.455984578538466,0.05217073252493413,0.11173351705958122
7807,0.45604299316548863,0.052209063086402156,0.11178338225603546
7808,0.45610140779251124,0.05224739054779177,0.11183323849171883
7809,0.45615982241953384,0.05228571490947903,0.11188308576904647
7810,0.45621823704655645,0.05232403053445786,0.1119329240904327
7811,0.45627665167357906,0.05236234277274942,0.11198275345829091
7812,0.45633506630060167,0.052400651913424676,0.11203257387503368
7813,0.4563934809276243,0.05243895795685929,0.11208238534307269
7814,0.4564518955546469,0.05247726090342886,0.11213218786481875
7815,0.4565103101816695,0.05251556075350892,0.11218198144268184
7816,0.4565687248086921,0.05255385750747494,0.11223176607907102
7817,0.4566271394357147,0.05259215116570234,0.11228154177639454
7818,0.4566855540627373,0.05263044172856647,0.11233130853705976
7819,0.4567439686897599,0.05266871493853342,0.11238106636347316
7820,0.4568023833167825,0.052706977385784094,0.11243081525804038
7821,0.45686079794380513,0.05274523237518914,0.1124805552231662
7822,0.45691921257082774,0.05278347893780219,0.11253028626125453
7823,0.45697762719785034,0.0528217261705527,0.11258000837470838
7824,0.45703604182487295,0.0528599736441939,0.11262972156592996
7825,0.45709445645189556,0.05289821802906033,0.11267942583732057
7826,0.45715287107891817,0.05293645932552615,0.11272912119128069
7827,0.4572112857059408,0.052974697533965456,0.11277880763020989
7828,0.4572697003329634,0.053012932654752265,0.11282848515650692
7829,0.457328114959986,0.053051164688260544,0.11287815377256966
7830,0.4573865295870086,0.05308939363486421,0.1129278134807951
7831,0.4574449442140312,0.0531276194949371,0.11297746428357941
7832,0.4575033588410538,0.05316584226885299,0.11302710618331789
7833,0.4575617734680764,0.053204061956985634,0.11307673918240498
7834,0.457620188095099,0.053242278559708665,0.11312636328323424
7835,0.45767860272212163,0.05328049207739571,0.11317597848819838
7836,0.45773701734914424,0.053318702510420306,0.1132255847996893
7837,0.45779543197616684,0.05335689797101665,0.11327518222009798
7838,0.45785384660318945,0.05339508297311759,0.11332477075181457
7839,0.45791226123021206,0.053433264894785004,0.11337435039722836
7840,0.45797067585723467,0.05347144373639164,0.11342392115872779
7841,0.4580290904842573,0.05350961949831017,0.11347348303870043
7842,0.4580875051112799,0.05354779218091322,0.11352303603953301
7843,0.4581459197383025,0.05358596178457333,0.1135725801636114
7844,0.4582043343653251,0.053624128309663024,0.1136221154133206
7845,0.4582627489923477,0.05366229175655472,0.11367164179104478
7846,0.4583211636193703,0.05370045212562081,0.11372115929916723
7847,0.4583795782463929,0.053738609417233595,0.11377066794007043
7848,0.4584379928734155,0.053776763631765354,0.11382016771613597
7849,0.45849640750043813,0.053814914769588267,0.11386965862974457
7850,0.45855482212746074,0.05385306283107449,0.11391914068327615
7851,0.45861323675448334,0.05389120781659608,0.11396861387910973
7852,0.45867165138150595,0.05392934972652507,0.11401807821962352
7853,0.45873006600852856,0.053967488561233415,0.11406753370719484
7854,0.45878848063555117,0.05400562432109301,0.1141169803442002
7855,0.4588468952625738,0.05404375700647569,0.11416641813301522
7856,0.4589053098895964,0.05408188661775325,0.11421584707601468
7857,0.458963724516619,0.05412001315529739,0.11426526717557252
7858,0.4590221391436416,0.05415813661947977,0.11431467843406184
7859,0.4590805537706642,0.054196257010671996,0.11436408085385487
7860,0.45913896839768675,0.054234374329245605,0.114413474437323
7861,0.45919738302470936,0.05427248857557207,0.11446285918683677
7862,0.45925579765173197,0.054310599750022816,0.11451223510476588
7863,0.4593142122787546,0.054348707852969205,0.11456160219347916
7864,0.4593726269057772,0.054386812884782525,0.11461096045534463
7865,0.4594310415327998,0.05442491484583402,0.11466030989272943
7866,0.4594894561598224,0.05446301373649486,0.11470965050799987
7867,0.459547870786845,0.05450110955713619,0.11475898230352143
7868,0.4596062854138676,0.054539202308129045,0.11480830528165867
7869,0.4596647000408902,0.054577291989844436,0.1148576194447754
7870,0.4597231146679128,0.054615378602653294,0.11490692479523455
7871,0.45978152929493543,0.054653461615358355,0.11495622133539818
7872,0.45983994392195804,0.05469161174666757,0.11500550906762753
7873,0.45989835854898065,0.05472977073749626,0.115054787994283
7874,0.45995677317600325,0.05476797975653168,0.11510405811772412
7875,0.46001518780302586,0.054806185621236216,0.11515331944030961
7876,0.46007360243004847,0.05484438700254272,0.11520257196439734
7877,0.4601320170570711,0.0548825839012403,0.11525181569234433
7878,0.4601904316840937,0.05492078419414843,0.11530105062650674
7879,0.4602488463111163,0.05495898628712371,0.11535027676923992
7880,0.4603072609381389,0.05499717992268807,0.11539949412289838
7881,0.4603656755651615,0.05503536510364975,0.11544870268983576
7882,0.4604240901921841,0.055073541832815716,0.11549790247240486
7883,0.4604825048192067,0.055111798036230716,0.11554709347295769
7884,0.4605409194462293,0.055150070863267744,0.11559627569384538
7885,0.46059933407325193,0.055188446392681306,0.1156454491374182
7886,0.46065774870027454,0.05522690102521945,0.11569461380602564
7887,0.46071616332729715,0.05526535318253686,0.1157437697020163
7888,0.46077457795431975,0.05530380286487249,0.11579291682773797
7889,0.46083299258134236,0.05534236138524413,0.11584205518553758
7890,0.46089140720836497,0.055380917579042545,0.11589118477776127
7891,0.4609498218353876,0.05541949607471544,0.11594030560675427
7892,0.4610082364624102,0.05545807391035793,0.11598941767486104
7893,0.4610666510894328,0.05549663483352797,0.11603852098442516
7894,0.4611250657164554,0.055535186144771174,0.1160876155377894
7895,0.461183480343478,0.05557375200567109,0.11613670133729569
7896,0.4612418949705006,0.05561237493617408,0.11618577838528511
7897,0.4613003095975232,0.05565110191964612,0.11623484668409793
7898,0.4613587242245458,0.05568982127852949,0.11628390623607356
7899,0.46141713885156843,0.055728533015075694,0.1163329570435506
7900,0.46147555347859104,0.0557672371315353,0.11638199910886678
7901,0.46153396810561365,0.05580593363015803,0.11643103243435904
7902,0.46159238273263625,0.055844635341935234,0.11648005702236346
7903,0.46165079735965886,0.055883360612388494,0.1165290728752153
7904,0.46170921198668147,0.05592209193850328,0.11657807999524898
7905,0.4617676266137041,0.05596082932711405,0.1166270783847981
7906,0.4618260412407267,0.05599957965027545,0.11667606804619542
7907,0.4618844558677493,0.05603832802847342,0.11672504898177284
7908,0.4619428704947719,0.05607709305899079,0.1167740211938615
7909,0.4620012851217945,0.056116019582029976,0.11682298468479164
7910,0.4620596997488171,0.0561549939290529,0.11687193945689271
7911,0.4621181143758397,0.05619396505759338,0.11692088551249333
7912,0.4621765290028623,0.056232932968050084,0.11696982285392125
7913,0.46223494362988493,0.05627189767104091,0.11701875148350344
7914,0.46229335825690754,0.05631086328349236,0.11706767140356603
7915,0.46235177288393015,0.05634983321063187,0.11711658261643429
7916,0.46241018751095275,0.05638882824953175,0.11716548512443271
7917,0.46246860213797536,0.056427821723764725,0.11721437892988493
7918,0.46252701676499797,0.056466813633424956,0.11726326403511374
7919,0.4625854313920206,0.05650580397860661,0.11731214044244113
7920,0.4626438460190432,0.05654479275940384,0.11736100815418829
7921,0.4627022606460658,0.056583779975910804,0.11740986717267553
7922,0.4627606752730884,0.05662276562822163,0.11745871750022235
7923,0.462819089900111,0.05666174971643046,0.11750755913914744
7924,0.4628775045271336,0.056700732240631414,0.11755639209176869
7925,0.4629359191541562,0.05673971320091862,0.11760521636040308
7926,0.4629943337811788,0.056778692597386174,0.11765402843601895
7927,0.46305274840820143,0.05681767043012819,0.1177028107691852
7928,0.46311116303522404,0.056856646699238754,0.11775158443404608
7929,0.46316957766224665,0.05689562140481196,0.11780034943291184
7930,0.46322799228926925,0.05693458862125573,0.1178491057680919
7931,0.46328640691629186,0.056973550588314555,0.11789785344189489
7932,0.46334482154331447,0.05701251099288925,0.11794659245662857
7933,0.4634032361703371,0.0570514698350738,0.11799532281459993
7934,0.4634616507973597,0.05709042711496219,0.11804404451811508
7935,0.4635200654243823,0.05712938283264838,0.11809275756947939
7936,0.4635784800514049,0.05716833624323572,0.11814146197099734
7937,0.4636368946784275,0.057207285814169284,0.11819015772497263
7938,0.4636953093054501,0.05724623456831225,0.11823884483370813
7939,0.4637537239324727,0.05728518176081148,0.1182875232995059
7940,0.4638121385594953,0.05732412739176089,0.11833619312466719
7941,0.46387055318651793,0.05736307146125439,0.11838485431149239
7942,0.46392896781354054,0.05740201396938589,0.11843350686228112
7943,0.4639873824405631,0.05744095491624929,0.11848215077933218
7944,0.4640457970675857,0.057479894301938464,0.11853078606494351
7945,0.4641042116946083,0.057518832126547306,0.11857941272141231
7946,0.4641626263216309,0.05755776839016968,0.1186280307510349
7947,0.4642210409486535,0.05759670309289946,0.1186766401561068
7948,0.4642794555756761,0.0576356362348305,0.11872524093892273
7949,0.46433787020269873,0.057674567816056656,0.11877383310177658
7950,0.46439628482972134,0.05771349783667176,0.11882241664696146
7951,0.46445469945674395,0.05775242629676967,0.11887099157676961
7952,0.46451311408376655,0.05779135319644419,0.11891955789349253
7953,0.46457152871078916,0.05783027853578916,0.11896811559942082
7954,0.46462994333781177,0.05786920231489838,0.11901666469684434
7955,0.4646883579648344,0.057908124533865665,0.11906520518805212
7956,0.464746772591857,0.05794704519278481,0.11911373707533235
7957,0.4648051872188796,0.057985964291749605,0.11916226036097244
7958,0.4648636018459022,0.05802488183085384,0.11921077504725898
7959,0.4649220164729248,0.058063797810191276,0.11925928113647774
7960,0.4649804310999474,0.0581027122298557,0.11930777863091371
7961,0.46503884572697,0.05814167154571155,0.11935626753285103
7962,0.4650972603539926,0.058180623992575314,0.11940474784457304
7963,0.46515567498101523,0.058219569572263465,0.11945321956836231
7964,0.46521408960803784,0.05825851368944179,0.11950168270650056
7965,0.46527250423506045,0.05829748180764935,0.1195501372612687
7966,0.46533091886208305,0.058336514274115105,0.11959858323494688
7967,0.46538933348910566,0.05837554728322441,0.11964702062981436
7968,0.46544774811612827,0.05841456797232572,0.11969544944814968
7969,0.4655061627431509,0.05845356055079823,0.11974386969223051
7970,0.4655645773701735,0.058492552013643215,0.11979228136433377
7971,0.4656229919971961,0.05853165814706703,0.1198406844667355
7972,0.4656814066242187,0.058570784412042366,0.11988907900171102
7973,0.4657398212512413,0.0586099727934433,0.11993746497153476
7974,0.4657982358782639,0.05864918639561775,0.11998584237848041
7975,0.4658566505052865,0.05868838009157517,0.12003421122482083
7976,0.4659150651323091,0.058727587783720704,0.12008257151282807
7977,0.46597347975933173,0.058766847612601106,0.1201309232447734
7978,0.46603189438635434,0.05880623858406835,0.12017926642292723
7979,0.46609030901337695,0.05884565148816628,0.12022760104955925
7980,0.46614872364039955,0.058885148000914905,0.12027592712693827
7981,0.46620713826742216,0.058924638515390454,0.12032424465733235
7982,0.46626555289444477,0.05896412303295925,0.12037255364300872
7983,0.4663239675214674,0.05900360155498718,0.12042085408623383
7984,0.46638238214849,0.059043074082839736,0.1204691459892733
7985,0.4664407967755126,0.059082540617882005,0.12051742935439196
7986,0.4664992114025352,0.059122027663219626,0.12056570418385386
7987,0.4665576260295578,0.05916154475360041,0.12061397047992223
7988,0.4666160406565804,0.059201142347654404,0.12066222824485948
7989,0.466674455283603,0.05924075003655908,0.12071047748092727
7990,0.4667328699106256,0.05928035060825804,0.12075871819038643
7991,0.46679128453764823,0.05932004587441812,0.12080695037549698
7992,0.46684969916467084,0.059359786009935904,0.12085517403851817
7993,0.46690811379169345,0.059399596867551654,0.12090338918170843
7994,0.46696652841871605,0.059439418964509175,0.12095159580732541
7995,0.46702494304573866,0.05947924581257183,0.12099979391762593
7996,0.46708335767276127,0.059519122623322394,0.12104798351486606
7997,0.4671417722997839,0.05955901375063981,0.12109616460130103
7998,0.4672001869268065,0.05959893589738323,0.12114433717918531
7999,0.4672586015538291,0.05963888625447562,0.12119250125077254
8000,0.4673170161808517,0.0596788313537494,0.12124065681831558
8001,0.4673754308078743,0.059718771196242464,0.1212888038840665
8002,0.4674338454348969,0.05975870578299244,0.12133694245027657
8003,0.4674922600619195,0.059798648395234126,0.12138507251919625
8004,0.4675506746889421,0.05983861148480371,0.12143319409307525
8005,0.46760908931596473,0.05987862906603901,0.12148130717416243
8006,0.46766750394298734,0.059918652346815,0.12152941176470589
8007,0.46772591857000995,0.05995867025543886,0.12157750786695291
8008,0.46778433319703255,0.05999872324999637,0.12162559548315004
8009,0.46784274782405516,0.06003879526310219,0.12167367461554295
8010,0.46790116245107777,0.060078877890701536,0.12172174526637658
8011,0.4679595770781004,0.06011901007648437,0.12176980743789505
8012,0.468017991705123,0.060159206600670576,0.1218178611323417
8013,0.4680764063321456,0.06019939681172174,0.12186590635195908
8014,0.4681348209591682,0.06023964150982243,0.12191394309898895
8015,0.4681932355861908,0.060279926862957696,0.12196197137567226
8016,0.4682516502132134,0.0603202060938998,0.1220099911842492
8017,0.468310064840236,0.0603605053109228,0.12205800252695913
8018,0.4683684794672586,0.0604008228911801,0.12210600540604066
8019,0.46842689409428123,0.060441135641787526,0.1221539998237316
8020,0.46848530872130384,0.06048148454411321,0.12220198578226896
8021,0.46854372334832645,0.06052183012877651,0.12224996328388897
8022,0.46860213797534905,0.06056222016398723,0.12229793233082707
8023,0.46866055260237166,0.06060262121783635,0.1223458929253179
8024,0.46871896722939427,0.06064311083307943,0.12239384506959534
8025,0.4687773818564168,0.06068360193699899,0.12244178876589247
8026,0.4688357964834394,0.060724083379503385,0.12248972401644158
8027,0.46889421111046203,0.06076455516405012,0.12253765082347415
8028,0.46895262573748464,0.060805017294095036,0.12258556918922092
8029,0.46901104036450725,0.060845469773092326,0.12263347911591183
8030,0.46906945499152986,0.060885912604494545,0.122681380605776
8031,0.46912786961855246,0.06092634579175259,0.12272927366104182
8032,0.46918628424557507,0.06096676933831571,0.12277715828393686
8033,0.4692446988725977,0.061007183247631526,0.1228250344766879
8034,0.4693031134996203,0.06104758752314599,0.12287290224152095
8035,0.4693615281266429,0.06108798216830345,0.12292076158066124
8036,0.4694199427536655,0.06112836718654656,0.12296861249633323
8037,0.4694783573806881,0.06116877287581884,0.12301645499076057
8038,0.4695367720077107,0.06120917990445202,0.12306428906616612
8039,0.4695951866347333,0.06124958260044008,0.12311211472477199
8040,0.4696536012617559,0.06129001625688061,0.12315993196879949
8041,0.46971201588877853,0.061330465695492456,0.12320774080046915
8042,0.46977043051580114,0.06137096212522252,0.1232555412220007
8043,0.46982884514282375,0.06141147386868567,0.12330333323561314
8044,0.46988725976984635,0.06145197734419194,0.12335111684352465
8045,0.46994567439686896,0.061492472554272155,0.12339889204795264
8046,0.47000408902389157,0.06153306960837134,0.12344665885111372
8047,0.4700625036509142,0.061573802857460884,0.12349441725522375
8048,0.4701209182779368,0.0616145638105168,0.1235421672624978
8049,0.4701793329049594,0.061655381952795865,0.12358990887515016
8050,0.470237747531982,0.06169622187424304,0.12363764209539435
8051,0.4702961621590046,0.06173715369101564,0.12368536692544309
8052,0.4703545767860272,0.061778127738982024,0.12373308336750835
8053,0.4704129914130498,0.061819093014223565,0.1237807914238013
8054,0.4704714060400724,0.06186004951955737,0.12382849109653234
8055,0.47052982066709503,0.06190099725779936,0.1238761823879111
8056,0.47058823529411764,0.06194197991618672,0.12392386530014642
8057,0.47064664992114025,0.061983009814438106,0.12397153983544637
8058,0.47070506454816285,0.06202401533232554,0.12401920599601828
8059,0.47076347917518546,0.06206499649157313,0.12406686378406862
8060,0.47082189380220807,0.06210604408045597,0.12411451320180317
8061,0.4708803084292307,0.06214710431437899,0.1241621542514269
8062,0.4709387230562533,0.06218817164896575,0.12420978693514399
8063,0.4709971376832759,0.06222924079088694,0.12425741125515788
8064,0.4710555523102985,0.062270314257244476,0.12430502721367122
8065,0.4711139669373211,0.06231156025017568,0.12435263481288586
8066,0.4711723815643437,0.06235279971377276,0.12440023405500293
8067,0.4712307961913663,0.06239403569923349,0.12444782494222274
8068,0.4712892108183889,0.0624352893569,0.12449540747674487
8069,0.47134762544541153,0.06247655957416,0.12454298166076809
8070,0.47140604007243414,0.0625179758319018,0.1245905474964904
8071,0.47146445469945675,0.06255937773417745,0.12463810498610908
8072,0.47152286932647935,0.06260077430786974,0.12468565413182058
8073,0.47158128395350196,0.06264216460640136,0.1247331949358206
8074,0.47163969858052457,0.06268355637312734,0.12478072740030406
8075,0.4716981132075472,0.06272494535746616,0.12482825152746514
8076,0.4717565278345698,0.06276633155969841,0.12487576731949722
8077,0.4718149424615924,0.06280778837241528,0.12492327477859293
8078,0.471873357088615,0.06284926915637876,0.12497077390694412
8079,0.4719317717156376,0.06289074206969791,0.12501826470674188
8080,0.4719901863426602,0.06293220711461261,0.1250657471801765
8081,0.4720486009696828,0.0629736642933619,0.12511322132943756
8082,0.4721070155967054,0.06301511360818396,0.1251606871567138
8083,0.47216543022372803,0.06305655506131609,0.12520814466419328
8084,0.47222384485075064,0.06309798865499477,0.1252555938540632
8085,0.47228225947777325,0.06313941439145566,0.1253030347285101
8086,0.47234067410479585,0.06318099794109654,0.12535046728971963
8087,0.47239908873181846,0.06322260384368919,0.12539789153987677
8088,0.47245750335884107,0.06326420323189973,0.1254453074811657
8089,0.4725159179858637,0.06330590634197539,0.12549271511576982
8090,0.4725743326128863,0.06334761850968823,0.12554011444587176
8091,0.4726327472399089,0.06338933096308769,0.1255875054736535
8092,0.4726911618669315,0.06343106632414976,0.12563488820129604
8093,0.4727495764939541,0.06347284519973458,0.12568226263097984
8094,0.4728079911209767,0.06351467056310761,0.12572962876488442
8095,0.4728664057479993,0.06355655607731889,0.12577698660518866
8096,0.4729248203750219,0.06359846489349782,0.12582433615407063
8097,0.47298323500204453,0.06364043098131122,0.12587167741370758
8098,0.47304164962906714,0.06368239419301266,0.12591901038627612
8099,0.47310006425608975,0.06372442211966531,0.125966335073952
8100,0.47315847888311235,0.06376644693753696,0.12601365147891022
8101,0.47321689351013496,0.06380849182681143,0.12606095960332506
8102,0.47327530813715757,0.06385053957236919,0.12610825944937004
8103,0.4733337227641802,0.06389258035261355,0.12615555101921788
8104,0.4733921373912028,0.06393461416927511,0.12620283431504054
8105,0.4734505520182254,0.06397664102408387,0.12625010933900924
8106,0.473508966645248,0.06401875211551367,0.12629737609329447
8107,0.47356738127227055,0.06406084080034953,0.1263446345800659
8108,0.47362579589929316,0.06410290709646997,0.12639188480149244
8109,0.47368421052631576,0.06414495102173448,0.12643912675974234
8110,0.47374262515333837,0.06418697259398352,0.12648636045698297
8111,0.473801039780361,0.06422900876836728,0.12653358589538102
8112,0.4738594544073836,0.0642710907935688,0.1265808030771024
8113,0.4739178690344062,0.06431318554391013,0.12662801200431223
8114,0.4739762836614288,0.06435529773331235,0.12667521267917492
8115,0.4740346982884514,0.06439746658063758,0.1267224051038541
8116,0.474093112915474,0.06443963585697374,0.12676958928051268
8117,0.4741515275424966,0.06448185785581137,0.12681676521131274
8118,0.4742099421695192,0.06452406829472573,0.12686393289841566
8119,0.47426835679654183,0.06456625915347279,0.12691109234398207
8120,0.47432677142356444,0.064608440885151,0.1269582435501718
8121,0.47438518605058705,0.06465068115853669,0.12700538651914398
8122,0.47444360067760966,0.06469294452158852,0.12705252125305694
8123,0.47450201530463226,0.06473524272521884,0.1270996477540683
8124,0.47456042993165487,0.06477759587640018,0.12714676602433486
8125,0.4746188445586775,0.06481996493414302,0.12719387606601276
8126,0.4746772591857001,0.06486231761243567,0.12724097788125727
8127,0.4747356738127227,0.06490474922295604,0.12728807147222304
8128,0.4747940884397453,0.06494720671706845,0.12733515684106383
8129,0.4748525030667679,0.06498966152861671,0.12738223398993279
8130,0.4749109176937905,0.06503220678072534,0.1274293029209822
8131,0.4749693323208131,0.06507474601641493,0.12747636363636364
8132,0.4750277469478357,0.0651172792369616,0.12752341613822793
8133,0.47508616157485833,0.06515980644364108,0.12757046042872516
8134,0.47514457620188094,0.06520232763772875,0.12761749651000465
8135,0.47520299082890355,0.06524484282049965,0.12766452438421497
8136,0.47526140545592616,0.06528735199322841,0.12771154405350393
8137,0.47531982008294876,0.06532987869868369,0.1277585555200186
8138,0.47537823470997137,0.06537251098224132,0.12780555878590533
8139,0.475436649336994,0.06541516822681238,0.12785255385330968
8140,0.4754950639640166,0.0654578170988714,0.12789954072437648
8141,0.4755534785910392,0.06550045760088312,0.12794651940124982
8142,0.4756118932180618,0.06554308973531127,0.12799581675042848
8143,0.4756703078450844,0.06558571350461864,0.1280464778503994
8144,0.475728722472107,0.06562832891126706,0.12809713306416476
8145,0.4757871370991296,0.06567093595771738,0.1281477823927503
8146,0.4758455517261522,0.0657135725298262,0.1281984258371816
8147,0.47590396635317483,0.06575621356022458,0.12824906339848402
8148,0.47596238098019744,0.065798849931309,0.1282996950776826
8149,0.47602079560722005,0.06584148164384307,0.1283503208758022
8150,0.47607921023424266,0.06588416438243005,0.1284009407938674
8151,0.47613762486126526,0.06592689657672388,0.12845155483290263
8152,0.47619603948828787,0.0659696248615306,0.128502162993932
8153,0.4762544541153105,0.06601247864810604,0.12855276527797938
8154,0.4763128687423331,0.06605532921230044,0.12860336168606845
8155,0.4763712833693557,0.06609817179914645,0.12865395221922263
8156,0.4764296979963783,0.06614116690330034,0.12870453687846506
8157,0.4764881126234009,0.06618418357274765,0.12875511566481873
8158,0.4765465272504235,0.0662272291431995,0.12880568857930635
8159,0.4766049418774461,0.06627027837571561,0.12885625562295033
8160,0.4766633565044687,0.0663133252864148,0.128906816796773
8161,0.47672177113149133,0.06635640902387317,0.12895737210179622
8162,0.47678018575851394,0.06639951193012622,0.12900792153904186
8163,0.47683860038553655,0.06644261242392088,0.12905844155844157
8164,0.47689701501255916,0.06648570934816646,0.12910893385123776
8165,0.47695542963958176,0.06652880120877068,0.12915942028985508
8166,0.47701384426660437,0.06657188800662589,0.1292099008753116
8167,0.477072258893627,0.06661496974262428,0.12926037560862508
8168,0.4771306735206496,0.06665804641765778,0.1293108444908132
8169,0.4771890881476722,0.0667011119633572,0.12936130752289324
8170,0.4772475027746948,0.06674415728230929,0.12941176470588237
8171,0.4773059174017174,0.0667871823887606,0.1294622160407974
8172,0.47736433202874,0.06683018729694436,0.12951266152865504
8173,0.4774227466557626,0.06687317202108048,0.12956310117047168
8174,0.4774811612827852,0.06691613657537546,0.12961353496726347
8175,0.47753957590980783,0.0669590809740225,0.12966396292004634
8176,0.47759799053683044,0.06700200523120148,0.12971438502983604
8177,0.47765640516385305,0.06704490936107899,0.129764801297648
8178,0.47771481979087566,0.06708779337780832,0.12981521172449748
8179,0.47777323441789826,0.06713065729552953,0.12986561631139945
8180,0.47783164904492087,0.06717350112836937,0.12991601505936867
8181,0.4778900636719435,0.06721632489044141,0.12996640796941966
8182,0.4779484782989661,0.06725917195554054,0.13001679504256675
8183,0.4780068929259887,0.06730203843438315,0.13006717627982395
8184,0.4780653075530113,0.06734490977235771,0.1301175516822051
8185,0.4781237221800339,0.06738777358231585,0.1301679212507238
8186,0.4781821368070565,0.06743062986624018,0.13021828498639337
8187,0.4782405514340791,0.0674735022347572,0.13026864289022697
8188,0.4782989660611017,0.06751652973925057,0.13031899496323743
8189,0.47835738068812433,0.06755963962079185,0.13036934120643742
8190,0.4784157953151469,0.06760279530097212,0.13041968162083936
8191,0.4784742099421695,0.0676459411857669,0.13047001620745544
8192,0.4785326245691921,0.06768921951391857,0.13052034496729756
8193,0.4785910391962147,0.0677325006821711,0.13057066790137747
8194,0.4786494538232373,0.06777578818901121,0.13062098501070663
8195,0.4787078684502599,0.06781905629627752,0.13067129629629629
8196,0.47876628307728253,0.06786230501700817,0.13072160175915745
8197,0.47882469770430514,0.06790560205583362,0.1307719014003009
8198,0.47888311233132774,0.06794896382939652,0.13082219522073715
8199,0.47894152695835035,0.06799246478245483,0.13087248322147652
8200,0.47899994158537296,0.06803597321196186,0.13092276540352907
8201,0.47905835621239556,0.06807948046049059,0.13097304176790467
8202,0.47911677083941817,0.06812296865389622,0.1310233123156129
8203,0.4791751854664408,0.06816647935051753,0.13107357704766312
8204,0.4792336000934634,0.0682100055348048,0.1311238359650645
8205,0.479292014720486,0.06825352765304338,0.1311740890688259
8206,0.4793504293475086,0.068297045705803,0.13122433635995603
8207,0.4794088439745312,0.0683405596936533,0.13127457783946334
8208,0.4794672586015538,0.06838406961716376,0.13132481350835598
8209,0.4795256732285764,0.06842757547690381,0.13137504336764197
8210,0.47958408785559903,0.06847107727344273,0.131425267418329
8211,0.47964250248262164,0.06851457500734974,0.1314754856614246
8212,0.47970091710964424,0.0685580178880549,0.13152569809793604
8213,0.47975933173666685,0.0686014200246882,0.1315759047288704
8214,0.47981774636368946,0.0686448171788143,0.1316261055552344
8215,0.47987616099071206,0.06868820888348544,0.13167630057803467
8216,0.47993457561773467,0.06873159654511835,0.13172648979827756
8217,0.4799929902447573,0.06877498731433675,0.13177667321696915
8218,0.4800514048717799,0.06881850297073332,0.1318268508351153
8219,0.4801098194988025,0.06886201229329182,0.13187702265372167
8220,0.4801682341258251,0.06890551528339502,0.1319271886737937
8221,0.4802266487528477,0.06894901194242527,0.13197734889633653
8222,0.4802850633798703,0.06899250037389777,0.1320275033223551
8223,0.4803434780068929,0.0690359773529436,0.13207765195285417
8224,0.48040189263391553,0.06907944952476387,0.13212779478883818
8225,0.48046030726093814,0.06912295431145166,0.13217793183131138
8226,0.48051872188796074,0.06916651792730351,0.1322280630812778
8227,0.48057713651498335,0.0692102278179805,0.13227818853974121
8228,0.48063555114200596,0.06925399391948116,0.1323283082077052
8229,0.48069396576902856,0.06929776784072268,0.13237842208617304
8230,0.48075238039605117,0.06934171328421561,0.13242853017614784
8231,0.4808107950230738,0.06938563516105478,0.13247863247863248
8232,0.4808692096500964,0.06942961566915942,0.13252872899462956
8233,0.480927624277119,0.06947361151862927,0.13257881972514146
8234,0.4809860389041416,0.0695176591809757,0.1326289046711704
8235,0.4810444535311642,0.0695617077478955,0.13267898383371823
8236,0.4811028681581868,0.06960575076924502,0.13272905721378672
8237,0.4811612827852094,0.06964978824607147,0.13277912481237733
8238,0.48121969741223203,0.06969382017942176,0.13282918663049126
8239,0.48127811203925464,0.06973786825745795,0.13287924266912954
8240,0.48133652666627724,0.06978191326473618,0.13292929292929292
8241,0.48139494129329985,0.0698259551741122,0.13297933741198198
8242,0.48145335592032246,0.06986999170946477,0.13302937611819704
8243,0.48151177054734506,0.0699140096633869,0.13307940904893814
8244,0.48157018517436767,0.06995800837115712,0.13312943620520515
8245,0.4816285998013903,0.07000200401451503,0.13317945758799768
8246,0.4816870144284129,0.07004600958358373,0.13322947319831516
8247,0.4817454290554355,0.07009001314597059,0.1332794830371567
8248,0.4818038436824581,0.07013410582894858,0.13332948710552125
8249,0.4818622583094807,0.07017818827824414,0.13337946544416573
8250,0.4819206729365033,0.07022226049741966,0.13342939481268012
8251,0.4819790875635259,0.07026632249003582,0.13347927528300257
8252,0.48203750219054853,0.0703103742596517,0.13352910692693037
8253,0.48209591681757114,0.07035441580982468,0.1335788898161204
8254,0.48215433144459374,0.0703984934524275,0.13362862402208928
8255,0.48221274607161635,0.07044257418986044,0.13367830961621388
8256,0.48227116069863896,0.07048664991327805,0.13372811682525082
8257,0.48232957532566156,0.07053076839478463,0.13377791830751098
8258,0.48238798995268417,0.07057498831268233,0.13382771406398206
8259,0.4824464045797068,0.07061921990905813,0.1338775040956514
8260,0.4825048192067294,0.07066346545871448,0.13392728840350626
8261,0.482563233833752,0.07070775644130589,0.13397706698853348
8262,0.4826216484607746,0.07075203031966784,0.13402683985171987
8263,0.4826800630877972,0.07079633027075298,0.13407660699405188
8264,0.4827384777148198,0.07084066344562936,0.13412636841651582
8265,0.4827968923418424,0.07088498686486781,0.1341761241200977
8266,0.48285530696886503,0.07092933029547349,0.13422587410578332
8267,0.48291372159588764,0.07097373954484686,0.13427561837455831
8268,0.48297213622291024,0.07101821976685084,0.134325356927408
8269,0.48303055084993285,0.07106270762343547,0.13437508976531756
8270,0.48308896547695546,0.07110722030748025,0.13442481688927185
8271,0.48314738010397806,0.07115173678553931,0.13447453830025563
8272,0.4832057947310006,0.07119625196152932,0.13452425399925327
8273,0.4832642093580232,0.0712408106112029,0.13457396398724908
8274,0.48332262398504583,0.07128537351368787,0.134623668265227
8275,0.48338103861206844,0.0713299645310013,0.13467336683417086
8276,0.48343945323909104,0.071374583791173,0.13472305969506418
8277,0.48349786786611365,0.0714192009868834,0.1347727468488903
8278,0.48355628249313626,0.07146381326482157,0.13482242829663232
8279,0.48361469712015887,0.07150841625607122,0.1348721040392731
8280,0.4836731117471815,0.0715530099635318,0.13492177407779532
8281,0.4837315263742041,0.07159759439010151,0.13497143841318138
8282,0.4837899410012267,0.0716421695386774,0.1350210970464135
8283,0.4838483556282493,0.07168673541215526,0.13507074997847363
8284,0.4839067702552719,0.07173129201342973,0.13512039721034355
8285,0.4839651848822945,0.0717758393453942,0.13517003874300473
8286,0.4840235995093171,0.07182037741094087,0.13521967457743853
8287,0.4840820141363397,0.07186490621296074,0.13526930471462595
8288,0.48414042876336233,0.07190942575434363,0.1353189291555479
8289,0.48419884339038494,0.07195393603797812,0.13536854790118497
8290,0.48425725801740754,0.07199843706675159,0.13541816095251757
8291,0.48431567264443015,0.07204292884355026,0.13546776831052587
8292,0.48437408727145276,0.07208749685863208,0.1355173699761898
8293,0.48443250189847537,0.07213210054192652,0.1355669659504891
8294,0.48449091652549797,0.07217672298278847,0.13561655623440325
8295,0.4845493311525206,0.07222136008412261,0.1356661408289115
8296,0.4846077457795432,0.07226599289072733,0.13571571973499297
8297,0.4846661604065658,0.07231062140322242,0.13576529295362644
8298,0.4847245750335884,0.07235524562222755,0.13581486048579047
8299,0.484782989660611,0.07239988287064246,0.1358644223324635
8300,0.4848414042876336,0.0724445111027851,0.13591397849462367
8301,0.4848998189146562,0.07248913032138699,0.13596352897324884
8302,0.48495823354167883,0.07253374052917853,0.1360130737693168
8303,0.48501664816870144,0.07257838118224352,0.13606261288380495
8304,0.48507506279572404,0.07262308283364143,0.13611214631769056
8305,0.48513347742274665,0.07266785008674509,0.1361616740719507
8306,0.48519189204976926,0.07271259668835742,0.13621119614756214
8307,0.48525030667679186,0.07275734338050506,0.13626071254550146
8308,0.48530872130381447,0.0728021720554087,0.136310223266745
8309,0.4853671359308371,0.07284702488668128,0.13635972831226895
8310,0.4854255505578597,0.0728919127696288,0.13640922768304914
8311,0.4854839651848823,0.07293680041504585,0.13645872138006132
8312,0.4855423798119049,0.07298171011759602,0.13650820940428093
8313,0.4856007944389275,0.07302665807020332,0.1365576917566832
8314,0.4856592090659501,0.07307160626436875,0.13660716843824314
8315,0.4857176236929727,0.07311654018027042,0.13665663944993553
8316,0.48577603831999533,0.07316149206314142,0.13670610479273498
8317,0.48583445294701794,0.0732064326808792,0.1367555644676158
8318,0.48589286757404054,0.07325135777572021,0.13680501847555213
8319,0.48595128220106315,0.07329626735570569,0.13685446681751784
8320,0.48600969682808576,0.07334116142887129,0.1369039094944866
8321,0.48606811145510836,0.07338604000324717,0.1369533465074319
8322,0.48612652608213097,0.0734309030868579,0.13700277785732695
8323,0.4861849407091536,0.07347575068772255,0.13705220354514475
8324,0.4862433553361762,0.07352058281385464,0.1371016235718581
8325,0.4863017699631988,0.07356539947326214,0.13715103793843952
8326,0.4863601845902214,0.07361020067394754,0.13720044664586137
8327,0.486418599217244,0.07365498642390775,0.13724984969509577
8328,0.4864770138442666,0.07369975673113423,0.1372992470871146
8329,0.4865354284712892,0.07374451160361287,0.13734863882288953
8330,0.48659384309831183,0.07378925104932411,0.137398024903392
8331,0.48665225772533444,0.07383397507624286,0.13744740532959326
8332,0.48671067235235704,0.07387868369233852,0.1374967801024643
8333,0.48676908697937965,0.07392337690557502,0.13754614922297587
8334,0.48682750160640226,0.07396805472391081,0.13759551269209855
8335,0.48688591623342486,0.07401270828554665,0.13764487051080268
8336,0.48694433086044747,0.07405734016801221,0.13769422268005838
8337,0.4870027454874701,0.07410195668986275,0.1377435692008355
8338,0.4870611601144927,0.0741465578590267,0.13779291007410374
8339,0.4871195747415153,0.07419125361223365,0.13784224530083256
8340,0.4871779893685379,0.07423594636475397,0.13789157488199114
8341,0.4872364039955605,0.07428072635844124,0.1379408988185485
8342,0.4872948186225831,0.0743255088667082,0.13799021711147344
8343,0.4873532332496057,0.07437028316026831,0.1380395297617345
8344,0.48741164787662833,0.07441515195294174,0.13808883677030004
8345,0.48747006250365094,0.07446012473805486,0.13813813813813813
8346,0.48752847713067354,0.07450508953323574,0.1381874338662167
8347,0.48758689175769615,0.07455014700483359,0.13823672395550343
8348,0.48764530638471876,0.07459530477663759,0.13828600840696578
8349,0.48770372101174136,0.07464045881501727,0.13833528722157093
8350,0.48776213563876397,0.07468562910633908,0.1383845604002859
8351,0.4878205502657866,0.07473078473708707,0.13843382794407755
8352,0.4878789648928092,0.07477593944743322,0.13848308985391236
8353,0.4879373795198318,0.07482113300773545,0.13853234613075668
8354,0.48799579414685434,0.07486634688715824,0.13858159677557672
8355,0.48805420877387695,0.07491156416272772,0.1386308417893383
8356,0.48811262340089956,0.07495679842328143,0.13868008117300712
8357,0.48817103802792217,0.07500205675291804,0.13872931492754867
8358,0.4882294526549448,0.07504730718677763,0.13877854305392814
8359,0.4882878672819674,0.0750925994444009,0.13882776555311063
8360,0.48834628190899,0.07513786578941736,0.13887698242606086
8361,0.4884046965360126,0.07518315068523646,0.13892619367374345
8362,0.4884631111630352,0.07522846040664231,0.13897539929712277
8363,0.4885215257900578,0.07527381021336228,0.13902459929716293
8364,0.4885799404170804,0.07531916418751756,0.13907379367482786
8365,0.488638355044103,0.07536453169117392,0.1391229824310813
8366,0.48869676967112563,0.07540989361890926,0.13917216556688664
8367,0.48875518429814824,0.07545528998650676,0.1392213430832072
8368,0.48881359892517084,0.07550068906765461,0.13927051498100598
8369,0.48887201355219345,0.0755461151842795,0.13931968126124583
8370,0.48893042817921606,0.07559159219985455,0.13936884192488933
8371,0.48898884280623867,0.07563707743973613,0.1394179969728989
8372,0.4890472574332613,0.07568255301426297,0.13946714640623661
8373,0.4891056720602839,0.07572806441223952,0.13951629022586448
8374,0.4891640866873065,0.07577357894101126,0.1395654284327442
8375,0.4892225013143291,0.07581915082416532,0.13961456102783726
8376,0.4892809159413517,0.07586471768946718,0.13966368801210494
8377,0.4893393305683743,0.075910277526969,0.13971280938650832
8378,0.4893977451953969,0.07595582985226199,0.13976192515200822
8379,0.4894561598224195,0.07600136830413708,0.13981103530956526
8380,0.48951457444944213,0.07604689288893121,0.13986013986013987
8381,0.48957298907646474,0.07609240361297752,0.1399092388046922
8382,0.48963140370348734,0.07613790048260524,0.13995833214418218
8383,0.48968981833050995,0.07618338350413979,0.14000741987956963
8384,0.48974823295753256,0.07622885268390271,0.14005650201181405
8385,0.48980664758455517,0.07627433243948668,0.14010557854187472
8386,0.4898650622115778,0.07631980518925631,0.14015464947071077
8387,0.4899234768386004,0.07636527093483025,0.140203714799281
8388,0.489981891465623,0.07641072967782667,0.14025277452854412
8389,0.4900403060926456,0.07645618141986321,0.14030182865945853
8390,0.4900987207196682,0.07650162616255708,0.14035087719298245
8391,0.4901571353466908,0.07654706390752494,0.14039992013007388
8392,0.4902155499737134,0.07659249465638295,0.1404489574716906
8393,0.490273964600736,0.0766379184107468,0.14049798921879011
8394,0.49033237922775863,0.07668333517223165,0.1405470153723298
8395,0.49039079385478124,0.0767287449424522,0.14059603593326678
8396,0.49044920848180384,0.07677414772302264,0.14064505090255797
8397,0.49050762310882645,0.0768196667791791,0.14069406028116
8398,0.49056603773584906,0.07686515611049359,0.14074306407002937
8399,0.49062445236287167,0.07691065054936136,0.1407920622701223
8400,0.4906828669898943,0.07695616960531125,0.14084105488239487
8401,0.4907412816169169,0.07700172047787683,0.14089004190780283
8402,0.4907996962439395,0.07704725336910256,0.1409390233473018
8403,0.4908581108709621,0.07709278922125999,0.14098799920184715
8404,0.4909165254979847,0.0771383183336362,0.14103696947239402
8405,0.4909749401250073,0.07718386247168517,0.1410859341598974
8406,0.4910333547520299,0.07722944550295542,0.14113489326531195
8407,0.4910917693790525,0.07727503744537291,0.14118384678959217
8408,0.49115018400607513,0.07732062722572698,0.1412327947336924
8409,0.49120859863309774,0.07736628310846591,0.14128173709856667
8410,0.49126701326012034,0.07741196761550714,0.14133067388516882
8411,0.49132542788714295,0.07745765621789279,0.14137960509445252
8412,0.49138384251416556,0.07750338242215514,0.14142853072737116
8413,0.49144225714118817,0.077549164823638,0.14147745078487792
8414,0.4915006717682108,0.07759497729634086,0.1415263652679258
8415,0.4915590863952334,0.07764080784620492,0.1415752741774676
8416,0.491617501022256,0.07768662536810345,0.1416241775144558
8417,0.4916759156492786,0.07773242986759071,0.14167307527984277
8418,0.4917343302763012,0.07777822135021786,0.14172196747458063
8419,0.4917927449033238,0.07782399982153283,0.14177085409962123
8420,0.4918511595303464,0.07786976528708046,0.14181973515591628
8421,0.491909574157369,0.07791551775240241,0.14186861064441722
8422,0.49196798878439163,0.07796125722303719,0.14191748056607534
8423,0.49202640341141424,0.07800698370452017,0.14196634492184163
8424,0.49208481803843684,0.07805269720238359,0.1420152037126669
8425,0.49214323266545945,0.07809848448388033,0.14206405693950178
8426,0.49220164729248206,0.07814426552580354,0.14211290460329662
8427,0.49226006191950467,0.07819015131365972,0.14216174670500156
8428,0.4923184765465273,0.07823603097960626,0.1422105832455666
8429,0.4923768911735499,0.0782819124185972,0.14225941422594143
8430,0.4924353058005725,0.07832783839178117,0.14230823964707556
8431,0.4924937204275951,0.07837375719608332,0.1423570595099183
8432,0.4925521350546177,0.07841971484562824,0.14240587381541878
8433,0.4926105496816403,0.07846567680527526,0.14245468256452576
8434,0.4926689643086629,0.07851163276549905,0.14250348575818797
8435,0.4927273789356855,0.07855762089269257,0.14255228339735382
8436,0.49278579356270813,0.07860363885068815,0.14260107548297152
8437,0.4928442081897307,0.0786498010893284,0.1426498620159891
8438,0.4929026228167533,0.07869595756571299,0.14269864299735427
8439,0.4929610374437759,0.07874210828092076,0.14274741842801467
8440,0.4930194520707985,0.07878825323603032,0.14279618830891766
8441,0.4930778666978211,0.07883439243211995,0.14284495264101033
8442,0.4931362813248437,0.07888052587026773,0.14289365327275308
8443,0.4931946959518663,0.0789266535515514,0.1429422613136615
8444,0.49325311057888893,0.07897277547704849,0.14299083973795412
8445,0.49331152520591154,0.07901889164783624,0.14303937409643677
8446,0.49336993983293415,0.0790650020649916,0.1430878644490409
8447,0.49342835445995675,0.0791111067295913,0.14313631085558923
8448,0.49348676908697936,0.07915724465937177,0.1431847133757962
8449,0.49354518371400197,0.07920339283302535,0.14323322104905598
8450,0.4936035983410246,0.07924954640529845,0.1432817232302075
8451,0.4936620129680472,0.07929571165108851,0.1433302199201834
8452,0.4937204275950698,0.07934189171217108,0.14337871111991624
8453,0.4937788422220924,0.07938806706557477,0.1434271968303382
8454,0.493837256849115,0.07943431803097163,0.14347567705238135
8455,0.4938956714761376,0.07948058631723387,0.14352415178697756
8456,0.4939540861031602,0.07952686026793013,0.14357262103505844
8457,0.4940125007301828,0.0795731380442846,0.1436210847975554
8458,0.49407091535720543,0.07961942846122626,0.14366954307539964
8459,0.49412932998422804,0.07966579406731006,0.14371799586952216
8460,0.49418774461125065,0.07971227784158494,0.14376644318085377
8461,0.49424615923827325,0.07975874977050669,0.14381488501032502
8462,0.49430457386529586,0.07980520985860252,0.1438633213588663
8463,0.49436298849231847,0.07985165811039735,0.14391175222740774
8464,0.4944214031193411,0.07989811962703373,0.14396017761687926
8465,0.4944798177463637,0.07994460819206521,0.14400859752821063
8466,0.4945382323733863,0.07999118691564448,0.1440570119623314
8467,0.4945966470004089,0.08003776032600894,0.1441054209201708
8468,0.4946550616274315,0.08008432394659952,0.144153824402658
8469,0.4947134762544541,0.08013087778050264,0.14420222241072186
8470,0.4947718908814767,0.08017745570674495,0.14425061494529107
8471,0.4948303055084993,0.08022405210405792,0.14429900200729412
8472,0.49488872013552193,0.08027065604175887,0.14434738359765922
8473,0.49494713476254454,0.08031727716043821,0.1443957597173145
8474,0.49500554938956715,0.08036398521783504,0.14444413036718773
8475,0.49506396401658975,0.08041068610171964,0.14449249554820656
8476,0.49512237864361236,0.08045737554357173,0.14454085526129842
8477,0.49518079327063497,0.08050405354759582,0.14458920950739054
8478,0.4952392078976576,0.08055072011799441,0.14463755828740993
8479,0.4952976225246802,0.08059737525896794,0.1446859016022833
8480,0.4953560371517028,0.08064403919480159,0.14473423945293734
8481,0.4954144517787254,0.08069069618268948,0.14478257184029839
8482,0.495472866405748,0.0807373779523779,0.14483089876529257
8483,0.4955312810327706,0.08078405338297553,0.1448792202288459
8484,0.4955896956597932,0.08083071932061212,0.14492753623188406
8485,0.4956481102868158,0.08087745265789167,0.14497584677533262
8486,0.49570652491383843,0.08092418124328532,0.14502415186011694
8487,0.49576493954086104,0.08097090507751778,0.1450724514871621
8488,0.49582335416788365,0.08101762416131364,0.14512074565739302
8489,0.49588176879490625,0.08106433849539732,0.1451690343717344
8490,0.49594018342192886,0.08111104808049312,0.14521731763111073
8491,0.49599859804895147,0.08115775291732516,0.1452655954364463
8492,0.4960570126759741,0.08120445300661745,0.14531386778866517
8493,0.4961154273029967,0.08125114834909382,0.14536213468869122
8494,0.4961738419300193,0.08129783894547797,0.1454103961374481
8495,0.4962322565570419,0.0813446443221223,0.14545864576873202
8496,0.4962906711840645,0.0813914235959397,0.14550682151313565
8497,0.4963490858110871,0.0814382038410712,0.1455549918259203
8498,0.4964075004381097,0.08148500162749996,0.1456031567080045
8499,0.4964659150651323,0.08153183658561836,0.14565131616030663
8500,0.49652432969215493,0.08157881285478004,0.1456994701837448
8501,0.49658274431917754,0.08162578056789753,0.1457476187792369
8502,0.49664115894620015,0.08167274854604194,0.14579576194770064
8503,0.49669957357322275,0.08171974919023567,0.14584389969005354
8504,0.49675798820024536,0.08176676082782319,0.1458920320072129
8505,0.49681640282726797,0.08181386647838354,0.1459401589000958
8506,0.4968748174542906,0.08186097047631934,0.1459882803696191
8507,0.4969332320813132,0.08190808682531836,0.14603639641669952
8508,0.4969916467083358,0.08195521523679339,0.1460845070422535
8509,0.4970500613353584,0.0820023330245909,0.14613261224719734
8510,0.497108475962381,0.08204944019230266,0.14618071203244704
8511,0.4971668905894036,0.08209653674351883,0.1462288063989185
8512,0.4972253052164262,0.08214362268182797,0.14627689534752733
8513,0.4972837198434488,0.08219069801081696,0.14632497887918897
8514,0.49734213447047143,0.08223776273407114,0.14637305699481865
8515,0.49740054909749404,0.0822848168551742,0.14642112969533141
8516,0.49745896372451665,0.0823318603777082,0.14646919698164207
8517,0.49751737835153925,0.08237889330525362,0.14651725885466524
8518,0.49757579297856186,0.08242591564138929,0.1465653153153153
8519,0.4976342076055844,0.08247292738969246,0.1466133663645065
8520,0.497692622232607,0.08251992855373876,0.1466614120031528
8521,0.4977510368596296,0.08256691913710221,0.146709452232168
8522,0.49780945148665223,0.0826138991433552,0.14675748705246566
8523,0.49786786611367484,0.08266086857606854,0.14680551646495918
8524,0.49792628074069745,0.08270782743881144,0.14685354047056176
8525,0.49798469536772005,0.08275477573515147,0.1469015590701863
8526,0.49804310999474266,0.08280171346865461,0.14694957226474561
8527,0.49810152462176527,0.08284864064288526,0.14699758005515223
8528,0.4981599392487879,0.08289555726140618,0.14704558244231852
8529,0.4982183538758105,0.08294246332777853,0.1470935794271566
8530,0.4982767685028331,0.0829893588455619,0.14714157101057843
8531,0.4983351831298557,0.08303624381831423,0.14718955719349575
8532,0.4983935977568783,0.08308311824959193,0.14723753797682007
8533,0.4984520123839009,0.08312998214294973,0.14728551336146273
8534,0.4985104270109235,0.08317683550194083,0.14733348334833482
8535,0.4985688416379461,0.08322367833011679,0.14738144793834732
8536,0.49862725626496873,0.0832705106310276,0.14742940713241084
8537,0.49868567089199134,0.08331733240822163,0.14747736093143596
8538,0.49874408551901395,0.08336414020431854,0.14752530933633295
8539,0.49880250014603655,0.08341093568856593,0.1475732523480119
8540,0.49886091477305916,0.08345772066209338,0.14762118996738274
8541,0.49891932940008177,0.0835044951284417,0.1476691221953551
8542,0.4989777440271044,0.08355125909115015,0.1477170490328385
8543,0.499036158654127,0.08359801255375632,0.1477649704807422
8544,0.4990945732811496,0.0836447555197963,0.14781288653997526
8545,0.4991529879081722,0.08369148799280453,0.14786079721144657
8546,0.4992114025351948,0.08373820997631388,0.14790870249606478
8547,0.4992698171622174,0.08378492147385566,0.14795660239473832
8548,0.49932823178924,0.08383162248895956,0.1480044969083755
8549,0.4993866464162626,0.08387831302515371,0.14805238603788431
8550,0.49944506104328523,0.08392499308596463,0.14810026978417265
8551,0.49950347567030784,0.08397166267491728,0.14814814814814814
8552,0.49956189029733045,0.08401832179553505,0.14819602113071823
8553,0.49962030492435305,0.08406496547055001,0.1482438887327901
8554,0.49967871955137566,0.08411159625837611,0.14829175095527083
8555,0.49973713417839827,0.08415821659174927,0.14833960779906727
8556,0.4997955488054209,0.08420482647418487,0.14838745926508595
8557,0.4998539634324435,0.0842514259091967,0.14843530535423338
8558,0.4999123780594661,0.08429801490029701,0.14848314606741572
8559,0.4999707926864887,0.08434459345099644,0.14853098140553903
8560,0.5000292073135113,0.08439116156480408,0.14857881136950904
8561,0.5000876219405339,0.08443771924522746,0.14862663596023143
8562,0.5001460365675565,0.08448426649577248,0.14867445517861155
8563,0.5002044511945791,0.08453080331994353,0.14872226902555463
8564,0.5002628658216017,0.08457732972124342,0.14877007750196564
8565,0.5003212804486243,0.08462384570317336,0.14881788060874937
8566,0.500379695075647,0.08467035126923302,0.14886567834681042
8567,0.5004381097026696,0.08471684642292049,0.1489134707170532
8568,0.5004965243296922,0.0847633311677323,0.1489612577203818
8569,0.5005549389567148,0.08480980550716342,0.1490090393577003
8570,0.5006133535837374,0.08485626944470724,0.1490568156299124
8571,0.50067176821076,0.08490272298385561,0.14910458653792175
8572,0.5007301828377826,0.08494916612809879,0.14915235208263164
8573,0.5007885974648052,0.08499559888092548,0.14920011226494528
8574,0.5008470120918278,0.08504202124582284,0.1492478670857656
8575,0.5009054267188504,0.08508843322627647,0.1492956165459954
8576,0.500963841345873,0.0851348348257704,0.14934336064653722
8577,0.5010222559728956,0.08518122604778708,0.1493910993882934
8578,0.5010806705999182,0.08522760689580744,0.1494388327721661
8579,0.5011390852269408,0.08527397737331084,0.14948656079905728
8580,0.5011974998539634,0.08532033748377507,0.1495342834698687
8581,0.501255914480986,0.08536668723067639,0.14958200078550188
8582,0.5013143291080087,0.08541302661748948,0.14962971274685816
8583,0.5013727437350313,0.08545935564768749,0.14967741935483872
8584,0.5014311583620539,0.085505674324742,0.14972512061034443
8585,0.5014895729890765,0.08555198265212305,0.1497728165142761
8586,0.5015479876160991,0.08559828063329912,0.14982050706753422
8587,0.5016064022431217,0.08564456827173716,0.14986819227101913
8588,0.5016648168701443,0.08569084557090255,0.14991587212563096
8589,0.5017232314971669,0.08573711253425913,0.14996354663226966
8590,0.5017816461241895,0.08578336916526919,0.1500112157918349
8591,0.5018400607512121,0.08582961546739346,0.15005887960522626
8592,0.5018984753782347,0.08587585144409116,0.15010653807334307
8593,0.5019568900052573,0.08592207709881995,0.1501541911970844
8594,0.50201530463228,0.08596829243503593,0.15020183897734918
8595,0.5020737192593026,0.08601449745619368,0.15024948141503616
8596,0.5021321338863252,0.0860606921657462,0.15029711851104383
8597,0.5021905485133478,0.08610687656714502,0.15034475026627053
8598,0.5022489631403704,0.08615305066384006,0.15039237668161434
8599,0.502307377767393,0.08619921445927972,0.1504399977579732
8600,0.5023657923944156,0.08624536795691089,0.15048761349624482
8601,0.5024242070214382,0.08629151116017889,0.15053522389732668
8602,0.5024826216484608,0.0863376440725275,0.1505828289621161
8603,0.5025410362754834,0.08638376669739901,0.15063042869151022
8604,0.502599450902506,0.08642987903823411,0.1506780230864059
8605,0.5026578655295286,0.08647598109847202,0.1507256121476999
8606,0.5027162801565512,0.08652207288155038,0.15077319587628865
8607,0.5027746947835738,0.0865681543909053,0.15082077427306853
8608,0.5028331094105964,0.0866142256299714,0.1508683473389356
8609,0.502891524037619,0.08666028660218171,0.15091591507478572
8610,0.5029499386646417,0.08670633731096779,0.15096347748151467
8611,0.5030083532916643,0.08675237775975962,0.15101103456001794
8612,0.5030667679186869,0.08679840795198568,0.15105858631119076
8613,0.5031251825457095,0.08684442789107293,0.15110613273592832
8614,0.5031835971727321,0.08689043758044676,0.15115367383512546
8615,0.5032420117997547,0.08693670521692558,0.15120120960967687
8616,0.5033004264267773,0.08698298029087508,0.1512487400604771
8617,0.5033588410537999,0.08702924926632599,0.1512962651884204
8618,0.5034172556808225,0.08707559293937864,0.1513437849944009
8619,0.5034756703078451,0.08712194478843462,0.15139129947931246
8620,0.5035340849348677,0.08716828816053147,0.15143880864404882
8621,0.5035924995618903,0.08721463510994136,0.15148631248950345
8622,0.503650914188913,0.08726097517145517,0.15153381101656963
8623,0.5037093288159356,0.08730731036913508,0.1515813042261405
8624,0.5037677434429582,0.08735387916111013,0.15162879211910893
8625,0.5038261580699808,0.08740049014393665,0.1516762746963676
8626,0.5038845726970034,0.08744712664675834,0.15172375195880905
8627,0.503942987324026,0.0874937595196815,0.15177122390732553
8628,0.5040014019510486,0.08754038876312988,0.15181869054280916
8629,0.5040598165780712,0.0875870143775272,0.15186615186615188
8630,0.5041182312050938,0.08763367426594879,0.1519136078782453
8631,0.5041766458321164,0.08768032464540461,0.151961058579981
8632,0.504235060459139,0.08772696551880113,0.1520085039722502
8633,0.5042934750861616,0.08777359688904368,0.15205594405594405
8634,0.5043518897131842,0.08782021584730666,0.15210337883195346
8635,0.5044103043402068,0.08786681937393047,0.1521508083011691
8636,0.5044687189672294,0.0879134425148097,0.1521982324644815
8637,0.504527133594252,0.08796005899724549,0.15224565132278092
8638,0.5045855482212747,0.08800679979651649,0.15229306487695748
8639,0.5046439628482973,0.08805353125231016,0.1523404731279011
8640,0.5047023774753199,0.0881003263999328,0.1523878760765015
8641,0.5047607921023425,0.08814711816984258,0.15243527372364815
8642,0.504819206729365,0.08819390656240524,0.15248266607023037
8643,0.5048776213563876,0.08824071304731669,0.15253005311713727
8644,0.5049360359834102,0.08828751301094614,0.15257743486525774
8645,0.5049944506104328,0.08833430727286298,0.15262481131548053
8646,0.5050528652374554,0.08838122698865203,0.1526721824686941
8647,0.505111279864478,0.08842813759132961,0.1527195483257868
8648,0.5051696944915006,0.08847503908355052,0.15276690888764674
8649,0.5052281091185232,0.08852193146796847,0.1528142641551618
8650,0.5052865237455458,0.08856881474723617,0.15286161412921975
8651,0.5053449383725684,0.08861568892400533,0.1529089588107081
8652,0.505403352999591,0.08866255400092657,0.15295629820051415
8653,0.5054617676266137,0.08870940998064951,0.15300363229952502
8654,0.5055201822536363,0.08875625686582277,0.15305096110862762
8655,0.5055785968806589,0.08880309465909389,0.15309828462870873
8656,0.5056370115076815,0.08884992336310941,0.15314560286065482
8657,0.5056954261347041,0.08889674298051485,0.15319291580535224
8658,0.5057538407617267,0.08894355351395468,0.15324022346368715
8659,0.5058122553887493,0.08899051516328141,0.15328752583654545
8660,0.5058706700157719,0.08903751979282047,0.15333482292481287
8661,0.5059290846427945,0.08908466351139235,0.15338211472937496
8662,0.5059874992698171,0.08913184803324445,0.15342940125111706
8663,0.5060459138968397,0.08917902384064484,0.15347668249092433
8664,0.5061043285238623,0.08922619093600752,0.15352395844968167
8665,0.5061627431508849,0.08927334932174556,0.15357122912827387
8666,0.5062211577779075,0.08932049900027114,0.15361849452758544
8667,0.5062795724049302,0.08936763997399555,0.15366575464850074
8668,0.5063379870319528,0.08941477224532922,0.15371300949190397
8669,0.5063964016589754,0.08946189581668164,0.15376025905867902
8670,0.506454816285998,0.08950901069046145,0.1538075033497097
8671,0.5065132309130206,0.08955611686907639,0.15385473613745398
8672,0.5065716455400432,0.0896032143549333,0.15390189520624303
8673,0.5066300601670658,0.08965030315043815,0.15394901796907648
8674,0.5066884747940884,0.08969738325799599,0.1539961013645224
8675,0.506746889421111,0.08974445468001103,0.15404314544189282
8676,0.5068053040481336,0.08979151741888657,0.15409015025041736
8677,0.5068637186751562,0.08983857147702501,0.1541371158392435
8678,0.5069221333021788,0.08988561685682787,0.15418404225743676
8679,0.5069805479292014,0.0899326535606958,0.15423106860891805
8680,0.507038962556224,0.08997968159102855,0.15427808973147272
8681,0.5070973771832467,0.0900267087313215,0.15432510562597287
8682,0.5071557918102693,0.09007378278866876,0.15437211629329034
8683,0.5072142064372919,0.09012085599528584,0.15441912173429684
8684,0.5072726210643145,0.09016796401560878,0.1544661219498638
8685,0.5073310356913371,0.09021511048446569,0.15451311694086262
8686,0.5073894503183597,0.09026227580030849,0.15456010670816428
8687,0.5074478649453823,0.09030944499385235,0.15460709125263977
8688,0.5075062795724049,0.09035670905369664,0.15465407057515976
8689,0.5075646941994275,0.09040396047012074,0.1547010446765948
8690,0.5076231088264501,0.09045126088738281,0.1547480135578152
8691,0.5076815234534727,0.0904985864412629,0.15479497721969107
8692,0.5077399380804953,0.09054594048962958,0.1548419356630924
8693,0.5077983527075179,0.09059329877325802,0.15488888888888888
8694,0.5078567673345405,0.09064064747333704,0.15493583689795012
8695,0.5079151819615632,0.09068808701129866,0.15498277969114543
8696,0.5079735965885858,0.09073552419197342,0.155029717269344
8697,0.5080320112156084,0.09078298943160831,0.1550766496334148
8698,0.508090425842631,0.09083067297790604,0.1551235767842266
8699,0.5081488404696536,0.09087835288157946,0.15517049872264801
8700,0.5082072550966762,0.09092601975075693,0.1552174154495474
8701,0.5082656697236988,0.09097366940206757,0.15526432696579298
8702,0.5083240843507214,0.09102131116683627,0.15531123327225277
8703,0.508382498977744,0.09106894504702086,0.15535813436979456
8704,0.5084409136047666,0.09111657104457847,0.15540503025928598
8705,0.5084993282317892,0.09116418916146563,0.1554519209415945
8706,0.5085577428588118,0.09121179939963818,0.1554988064175873
8707,0.5086161574858344,0.09125940176105135,0.15554568668813146
8708,0.508674572112857,0.0913069962476597,0.1555925617540938
8709,0.5087329867398797,0.09135458286141714,0.15563943161634103
8710,0.5087914013669023,0.09140216160427693,0.15568629627573957
8711,0.5088498159939249,0.09144973247819173,0.15573315573315574
8712,0.5089082306209475,0.0914972954851135,0.15578000998945557
8713,0.5089666452479701,0.09154484708504777,0.155826859045505
8714,0.5090250598749927,0.09159239031446112,0.1558737029021697
8715,0.5090834745020153,0.09163992568407242,0.15592054156031518
8716,0.5091418891290379,0.0916874531958306,0.15596737502080674
8717,0.5092003037560605,0.09173497285168392,0.15601420328450954
8718,0.5092587183830831,0.09178248465357995,0.1560610263522885
8719,0.5093171330101057,0.09182998860346571,0.1561078442250083
8720,0.5093755476371283,0.09187748470328751,0.15615465690353358
8721,0.5094339622641509,0.09192497295499102,0.15620146438872864
8722,0.5094923768911735,0.09197245336052129,0.15624826668145766
8723,0.5095507915181962,0.09201992592182272,0.1562950637825846
8724,0.5096092061452188,0.09206739064083906,0.1563418556929732
8725,0.5096676207722414,0.09211484751951343,0.15638864241348713
8726,0.509726035399264,0.09216229655978829,0.15643542394498974
8727,0.5097844500262866,0.09220973776360547,0.15648220028834423
8728,0.5098428646533092,0.09225717113290616,0.15652897144441363
8729,0.5099012792803318,0.09230459666963091,0.15657573741406078
8730,0.5099596939073544,0.09235201437571963,0.15662249819814825
8731,0.510018108534377,0.09239942425311157,0.15666925379753854
8732,0.5100765231613996,0.09244682630374537,0.15671600421309384
8733,0.5101349377884222,0.09249422052955901,0.15676274944567628
8734,0.5101933524154448,0.09254160693248983,0.15680948949614767
8735,0.5102517670424674,0.09258898551447454,0.1568562243653697
8736,0.51031018166949,0.09263635627744922,0.15690295405420385
8737,0.5103685962965127,0.09268371922334927,0.1569496785635114
8738,0.5104270109235353,0.0927310743541095,0.1569963978941535
8739,0.5104854255505579,0.09277842167166404,0.15704311204699103
8740,0.5105438401775805,0.09282576117794643,0.15708982102288468
8741,0.5106022548046031,0.09287309287488953,0.15713652482269502
8742,0.5106606694316257,0.09292041676442557,0.1571832234472824
8743,0.5107190840586483,0.09296773284848615,0.15722991689750693
8744,0.5107774986856709,0.09301504112900226,0.15727660517422856
8745,0.5108359133126935,0.09306234160790418,0.1573232882783071
8746,0.5108943279397161,0.09310963428712163,0.15736996621060212
8747,0.5109527425667387,0.09315691916858365,0.15741663897197297
8748,0.5110111571937613,0.09320419625421866,0.15746330656327887
8749,0.5110695718207839,0.09325146554595445,0.15750996898537883
8750,0.5111279864478065,0.09329872704571815,0.15755662623913164
8751,0.5111864010748292,0.09334598075543626,0.15760327832539595
8752,0.5112448157018518,0.09339322667703469,0.1576499252450302
8753,0.5113032303288744,0.09344046481243864,0.1576965669988926
8754,0.511361644955897,0.09348769516357275,0.15774320358784122
8755,0.5114200595829196,0.09353491773236096,0.15778983501273391
8756,0.5114784742099422,0.09358213252072663,0.15783646127442838
8757,0.5115368888369648,0.09362933953059245,0.1578830823737821
8758,0.5115953034639874,0.09367653876388049,0.15792969831165238
8759,0.51165371809101,0.09372373022251221,0.15797630908889626
8760,0.5117121327180326,0.09377091390840837,0.15802291470637073
8761,0.5117705473450552,0.09381808982348917,0.15806951516493248
8762,0.5118289619720778,0.09386525796967415,0.15811611046543805
8763,0.5118873765991004,0.09391241834888221,0.15816270060874377
8764,0.511945791226123,0.09395957096303163,0.15820928559570582
8765,0.5120042058531457,0.09400671581404003,0.15825586542718018
8766,0.5120626204801683,0.09405385290382445,0.15830244010402258
8767,0.5121210351071909,0.09410098223430126,0.15834900962708864
8768,0.5121794497342135,0.09414810380738621,0.15839557399723375
8769,0.5122378643612361,0.0941952176249944,0.1584421332153131
8770,0.5122962789882587,0.09424232368904036,0.15848868728218177
8771,0.5123546936152813,0.0942894220014379,0.15853523619869456
8772,0.5124131082423039,0.09433651256410028,0.15858177996570608
8773,0.5124715228693265,0.09438359537894009,0.1586283185840708
8774,0.5125299374963491,0.0944306704478693,0.158674852054643
8775,0.5125883521233717,0.09447773777279925,0.15872138037827674
8776,0.5126467667503943,0.09452479735564065,0.1587679035558259
8777,0.5127051813774169,0.0945718491983036,0.1588144215881442
8778,0.5127635960044395,0.09461889330269753,0.15886093447608515
8779,0.5128220106314622,0.09466592967073127,0.15890744222050204
8780,0.5128804252584848,0.09471297845215122,0.15895394482224803
8781,0.5129388398855074,0.0947600892379684,0.15900044228217602
8782,0.51299725451253,0.09480717421662477,0.1590469346011388
8783,0.5130556691395526,0.09485430195879435,0.15909342177998895
8784,0.5131140837665752,0.09490151897603626,0.1591399038195788
8785,0.5131724983935978,0.09494873106737413,0.15918638072076055
8786,0.5132309130206204,0.09499602228371436,0.15923285248438623
8787,0.513289327647643,0.09504335317711268,0.1592793191113076
8788,0.5133477422746656,0.09509068055517526,0.15932578060237634
8789,0.5134061569016882,0.09513805707791065,0.15937223695844385
8790,0.5134645715287108,0.09518548209523525,0.1594186881803614
8791,0.5135229861557334,0.09523293115641777,0.15946513426897999
8792,0.513581400782756,0.09528039002828406,0.15951157522515055
8793,0.5136398154097787,0.09532795415883956,0.15955801104972375
8794,0.5136982300368013,0.09537553606593961,0.15960444174355007
8795,0.5137566446638239,0.09542311874619923,0.15965086730747985
8796,0.5138150592908465,0.09547074452424875,0.15969728774236314
8797,0.5138734739178691,0.09551842817621059,0.15974370304904995
8798,0.5139318885448917,0.09556614547605193,0.15979011322838996
8799,0.5139903031719143,0.09561385581840261,0.15983651828123274
8800,0.5140487177989369,0.09566155920478421,0.15988291820842768
8801,0.5141071324259595,0.09570925563671784,0.15992931301082394
8802,0.5141655470529821,0.09575694511572416,0.15997570268927053
8803,0.5142239616800047,0.09580462764332341,0.1600220720099324
8804,0.5142823763070273,0.09585230322103538,0.1600684194554032
8805,0.5143407909340499,0.0958999718503794,0.16011476178653206
8806,0.5143992055610725,0.0959476335328744,0.1601610990041654
8807,0.514457620188095,0.0959952882700388,0.1602074311091496
8808,0.5145160348151177,0.09604293606339064,0.16025375810233072
8809,0.5145744494421403,0.09609057691444747,0.1603000799845547
8810,0.5146328640691629,0.09613821082472644,0.16034639675666731
8811,0.5146912786961855,0.09618583779574424,0.16039270841951409
8812,0.5147496933232081,0.09623345782901711,0.1604390149739404
8813,0.5148081079502307,0.09628107092606085,0.1604853164207914
8814,0.5148665225772533,0.09632867708839082,0.16053161276091213
8815,0.5149249372042759,0.09637627631752196,0.16057790399514738
8816,0.5149833518312985,0.09642386861496875,0.16062419012434176
8817,0.5150417664583211,0.09647145398224521,0.16067047114933972
8818,0.5151001810853437,0.09651903242086494,0.16071674707098552
8819,0.5151585957123663,0.09656660393234112,0.1607630178901232
8820,0.5152170103393889,0.09661416851818647,0.1608092836075967
8821,0.5152754249664115,0.09666172617991323,0.1608555442242496
8822,0.5153338395934342,0.09670927691903326,0.1609017997409255
8823,0.5153922542204568,0.09675682073705796,0.1609480501584677
8824,0.5154506688474794,0.09680435763549829,0.1609942954777193
8825,0.515509083474502,0.09685200214837719,0.16104053569952329
8826,0.5155674981015246,0.0968996362621669,0.1610867708247224
8827,0.5156259127285472,0.09694732534756674,0.16113300085415921
8828,0.5156843273555698,0.09699509750786663,0.16117922578867613
8829,0.5157427419825924,0.09704285403623054,0.16122544562911537
8830,0.515801156609615,0.09709059494032983,0.1612716603763189
8831,0.5158595712366376,0.09713833120451713,0.16131787003112863
8832,0.5159179858636602,0.09718613879105614,0.16136407459438615
8833,0.5159764004906828,0.0972340222453971,0.16141027406693292
8834,0.5160348151177054,0.09728189917548143,0.16145646844961026
8835,0.516093229744728,0.09732976958264244,0.16150265774325925
8836,0.5161516443717507,0.09737763346821314,0.16154884194872077
8837,0.5162100589987733,0.0974254908335261,0.16159502106683557
8838,0.5162684736257959,0.09747334167991359,0.16164119509844416
8839,0.5163268882528185,0.09752118600870746,0.16168736404438694
8840,0.5163853028798411,0.09756902382123926,0.161733527905504
8841,0.5164437175068637,0.0976168551188401,0.1617796866826354
8842,0.5165021321338863,0.09766467990284082,0.16182584037662087
8843,0.5165605467609089,0.09771249817457182,0.16187198898830008
8844,0.5166189613879315,0.09776030993536318,0.1619181325185124
8845,0.5166773760149541,0.0978081151865446,0.16196427096809712
8846,0.5167357906419767,0.09785591392944541,0.16201040433789327
8847,0.5167942052689993,0.09790370616539461,0.1620565326287397
8848,0.5168526198960219,0.09795149189572079,0.16210265584147515
8849,0.5169110345230445,0.09799927112175225,0.1621487739769381
8850,0.5169694491500672,0.09804704384481684,0.16219488703596688
8851,0.5170278637770898,0.09809481006624214,0.16224099501939956
8852,0.5170862784041124,0.09814256978735529,0.1622870979280742
8853,0.517144693031135,0.0981903230094831,0.16233319576282845
8854,0.5172031076581576,0.09823806973395205,0.16237928852449995
8855,0.5172615222851802,0.0982858099620882,0.1624253762139261
8856,0.5173199369122028,0.09833361171520741,0.1624714588319441
8857,0.5173783515392254,0.09838146654982535,0.16251753637939098
8858,0.517436766166248,0.09842942876748721,0.16256360885710355
8859,0.5174951807932706,0.09847740988243084,0.16260967626591852
8860,0.5175535954202932,0.09852538473250887,0.16265573860667235
8861,0.5176120100473158,0.09857335331894823,0.1627017958802013
8862,0.5176704246743384,0.098621409713743,0.16274784808734152
8863,0.517728839301361,0.098669544306548,0.16279389522892893
8864,0.5177872539283837,0.09871767279064765,0.1628399373057992
8865,0.5178456685554063,0.09876598236657495,0.16288597431878798
8866,0.5179040831824289,0.09881432179720893,0.16293200626873058
8867,0.5179624978094515,0.0988626517651214,0.1629780331564622
8868,0.5180209124364741,0.09891101831979697,0.16302405498281786
8869,0.5180793270634967,0.0989594227435656,0.1630700717486324
8870,0.5181377416905193,0.09900781816944611,0.16311608345474038
8871,0.5181961563175419,0.09905622296138189,0.1631620901019763
8872,0.5182545709445645,0.09910468603999438,0.16320809169117445
8873,0.5183129855715871,0.0991531411821636,0.1632540882231689
8874,0.5183714001986097,0.09920170544210721,0.16330007969879354
8875,0.5184298148256323,0.0992502551944359,0.16334606611888208
8876,0.5184882294526549,0.09929879044564947,0.16339204748426808
8877,0.5185466440796775,0.09934731120224388,0.1634380237957849
8878,0.5186050587067002,0.09939581747071119,0.1634839950542657
8879,0.5186634733337228,0.09944455897250111,0.16352996126054345
8880,0.5187218879607454,0.09949344377491981,0.16357592241545096
8881,0.518780302587768,0.0995423232704044,0.16362187851982088
8882,0.5188387172147906,0.09959119745981902,0.1636678295744856
8883,0.5188971318418132,0.09964006634402761,0.16371377558027744
8884,0.5189555464688358,0.09968892992389393,0.1637597165380284
8885,0.5190139610958584,0.09973778820028155,0.1638056524485704
8886,0.519072375722881,0.09978664117405386,0.16385158331273517
8887,0.5191307903499036,0.09983548884607406,0.16389750913135417
8888,0.5191892049769262,0.09988433121720515,0.16394342990525881
8889,0.5192476196039488,0.09993316828830995,0.16398934563528023
8890,0.5193060342309714,0.0999820000602511,0.16403525632224938
8891,0.519364448857994,0.10003081817437613,0.16408116196699707
8892,0.5194228634850167,0.10007961172054607,0.1641270625703539
8893,0.5194812781120393,0.1001283823423801,0.1641729581331503
8894,0.5195396927390619,0.10017713005603003,0.16421884865621655
8895,0.5195981073660845,0.10022588693388856,0.16426473414038267
8896,0.5196565219931071,0.10027463546206423,0.16431061458647855
8897,0.5197149366201297,0.1003233751857999,0.1643564899953339
8898,0.5197733512471523,0.10037211954792083,0.16440236036777822
8899,0.5198317658741749,0.10042085862840155,0.16444822570464088
8900,0.5198901805011975,0.10046959242810047,0.164494086006751
8901,0.5199485951282201,0.10051832094787577,0.16453994127493757
8902,0.5200070097552427,0.10056704418858546,0.16458579151002936
8903,0.5200654243822653,0.10061576215108736,0.164631636712855
8904,0.5201238390092879,0.10066447483623912,0.16467747688424286
8905,0.5201822536363105,0.10071318224489818,0.16472331202502127
8906,0.5202406682633332,0.10076188437792183,0.1647691421360182
8907,0.5202990828903558,0.10081058123616714,0.1648149672180616
8908,0.5203574975173784,0.100859272820491,0.16486078727197914
8909,0.520415912144401,0.10090795913175012,0.16490660229859835
8910,0.5204743267714236,0.10095664017080104,0.16495241229874655
8911,0.5205327413984462,0.10100531593850008,0.16499821727325087
8912,0.5205911560254688,0.1010539864357034,0.16504401722293832
8913,0.5206495706524914,0.10110265166326698,0.1650898121486357
8914,0.520707985279514,0.1011513116220466,0.16513560205116956
8915,0.5207663999065366,0.10119996631289785,0.16518138693136636
8916,0.5208248145335592,0.10124861573667615,0.16522716679005237
8917,0.5208832291605818,0.10129725989423673,0.16527294162805362
8918,0.5209416437876044,0.1013458987864346,0.16531871144619603
8919,0.521000058414627,0.10139453241412466,0.16536447624530526
8920,0.5210584730416497,0.10144316077816157,0.16541023602620686
8921,0.5211168876686723,0.10149178387939982,0.16545599078972617
8922,0.5211753022956949,0.10154040171869369,0.1655017405366883
8923,0.5212337169227175,0.10158901429689732,0.16554748526791832
8924,0.5212921315497401,0.10163762161486463,0.16559322498424095
8925,0.5213505461767627,0.10168622367344939,0.16563895968648085
8926,0.5214089608037853,0.10173482047350513,0.16568468937546244
8927,0.5214673754308079,0.10178341201588526,0.16573041405200997
8928,0.5215257900578305,0.10183199830144295,0.16577613371694752
8929,0.5215842046848531,0.10188057933103122,0.165821848371099
8930,0.5216426193118757,0.10192915510550288,0.1658675580152881
8931,0.5217010339388983,0.1019777256257106,0.16591326265033834
8932,0.5217594485659209,0.10202629089250681,0.16595896227707313
8933,0.5218178631929435,0.10207485090674379,0.16600465689631558
8934,0.5218762778199662,0.10212340566927364,0.1660503465088887
8935,0.5219346924469888,0.10217195518094824,0.16609603111561533
8936,0.5219931070740114,0.10222049944261931,0.16614171071731806
8937,0.522051521701034,0.1022690384551384,0.16618738531481939
8938,0.5221099363280566,0.10231757221935685,0.16623305490894152
8939,0.5221683509550792,0.10236610073612583,0.1662787195005066
8940,0.5222267655821018,0.10241462400629632,0.16632437909033654
8941,0.5222851802091244,0.10246314203071911,0.16637003367925304
8942,0.522343594836147,0.10251165481024484,0.16641568326807765
8943,0.5224020094631696,0.10256016234572392,0.16646132785763176
8944,0.5224604240901922,0.10260866463800658,0.16650696744873655
8945,0.5225188387172148,0.10265716168794292,0.16655260204221303
8946,0.5225772533442374,0.10270565349638279,0.16659823163888204
8947,0.52263566797126,0.1027541400641759,0.16664385623956424
8948,0.5226940825982826,0.10280262139217175,0.16668945339203195
8949,0.5227524972253053,0.10285109748121968,0.16673500068334016
8950,0.5228109118523279,0.10289956833216882,0.166780513128774
8951,0.5228693264793505,0.10294803394586814,0.16682599076830634
8952,0.5229277411063731,0.10299649432316642,0.1668715007510583
8953,0.5229861557333957,0.10304494946491224,0.16691700576235083
8954,0.5230445703604183,0.10309339937195403,0.16696250580299846
8955,0.5231029849874409,0.10314184404514001,0.16700800087381557
8956,0.5231613996144635,0.10319028348531821,0.16705349097561642
8957,0.5232198142414861,0.10323871769333651,0.167098976109215
8958,0.5232782288685087,0.10328714667004259,0.16714445627542523
8959,0.5233366434955313,0.10333557041628391,0.16718993147506075
8960,0.5233950581225539,0.10338398893290782,0.16723540170893506
8961,0.5234534727495765,0.10343240222076143,0.1672808669778615
8962,0.5235118873765991,0.1034808102806917,0.1673263272826532
8963,0.5235703020036218,0.10352921311354538,0.16737178262412317
8964,0.5236287166306444,0.10357761072016904,0.16741723300308414
8965,0.523687131257667,0.10362600310140908,0.1674626784203488
8966,0.5237455458846896,0.10367439025811175,0.16750811887672953
8967,0.5238039605117122,0.10372277219112304,0.16755355437303862
8968,0.5238623751387348,0.10377114890128881,0.16759898491008815
8969,0.5239207897657574,0.10381952038945474,0.16764441048869
8970,0.52397920439278,0.10386788665646629,0.16768983110965593
8971,0.5240376190198026,0.10391624770316879,0.1677352467737975
8972,0.5240960336468251,0.10396460353040733,0.16778065748192605
8973,0.5241544482738477,0.10401295413902686,0.16782606323485283
8974,0.5242128629008703,0.10406129952987214,0.1678714640333888
8975,0.5242712775278929,0.10410963970378773,0.16791685987834484
8976,0.5243296921549155,0.10415797466161802,0.1679622507705316
8977,0.5243881067819381,0.10420630440420724,0.16800763671075958
8978,0.5244465214089608,0.10425462893239937,0.1680530176998391
8979,0.5245049360359834,0.10430294824703829,0.16809839373858027
8980,0.524563350663006,0.10435126234896765,0.16814376482779309
8981,0.5246217652900286,0.10439957123903093,0.1681891309682873
8982,0.5246801799170512,0.10444787491807142,0.16823449216087252
8983,0.5247385945440738,0.10449617338693223,0.1682798484063582
8984,0.5247970091710964,0.10454446664645632,0.1683251997055536
8985,0.524855423798119,0.10459275469748641,0.16837054605926774
8986,0.5249138384251416,0.1046410375408651,0.16841588746830957
8987,0.5249722530521642,0.10468931517743475,0.1684612239334878
8988,0.5250306676791868,0.10473758760803757,0.16850655545561097
8989,0.5250890823062094,0.1047858548335156,0.1685518820354875
8990,0.525147496933232,0.10483411685471067,0.16859720367392547
8991,0.5252059115602546,0.10488237367246445,0.16864252037173302
8992,0.5252643261872773,0.1049306252876184,0.16868783212971794
8993,0.5253227408142999,0.10497887170101385,0.1687331389486879
8994,0.5253811554413225,0.10502711291349189,0.1687784408294504
8995,0.5254395700683451,0.10507534892589347,0.16882373777281273
8996,0.5254979846953677,0.10512357973905934,0.16886902977958204
8997,0.5255563993223903,0.10517180535383007,0.16891431685056532
8998,0.5256148139494129,0.10522002577104604,0.16895959898656931
8999,0.5256732285764355,0.10526824055790526,0.16900487618840065
9000,0.5257316432034581,0.10531644465167606,0.16905014845686578
9001,0.5257900578304807,0.10536464026257003,0.16909541579277096
9002,0.5258484724575033,0.10541283249901269,0.16914067819692225
9003,0.5259068870845259,0.10546101954369419,0.16918593567012555
9004,0.5259653017115485,0.10550920139745346,0.16923118821318664
9005,0.5260237163385711,0.10555737806112923,0.16927643582691104
9006,0.5260821309655938,0.10560554953556008,0.16932167851210414
9007,0.5261405455926164,0.10565371582158437,0.16936691626957115
9008,0.526198960219639,0.1057018769200403,0.1694121491001171
9009,0.5262573748466616,0.10575003283176587,0.16945737700454683
9010,0.5263157894736842,0.10579818355759894,0.16950259998366501
9011,0.5263742041007068,0.10584632909837717,0.1695478180382762
9012,0.5264326187277294,0.10589446945493801,0.1695930311691847
9013,0.526491033354752,0.10594260462811876,0.16963823937719466
9014,0.5265494479817746,0.10599073461875655,0.16968344266311006
9015,0.5266078626087972,0.1060388594276883,0.1697286410277347
9016,0.5266662772358198,0.10608697905575078,0.1697738344718722
9017,0.5267246918628424,0.10613509350378053,0.16981902299632604
9018,0.526783106489865,0.10618320277261398,0.16986420660189946
9019,0.5268415211168876,0.10623130686308732,0.16990938528939564
9020,0.5268999357439103,0.1062794057760366,0.16995455905961743
9021,0.5269583503709329,0.10632749951229765,0.16999972791336762
9022,0.5270167649979555,0.10637558807270618,0.17004489185144878
9023,0.5270751796249781,0.10642367145809765,0.17009005087466333
9024,0.5271335942520007,0.10647174966930739,0.1701352049838135
9025,0.5271920088790233,0.10651982270717052,0.17018035417970132
9026,0.5272504235060459,0.10656789057252201,0.17022549846312868
9027,0.5273088381330685,0.10661595326619663,0.17027063783489732
9028,0.5273672527600911,0.10666401078902898,0.17031577229580874
9029,0.5274256673871137,0.10671206314185347,0.1703609018466643
9030,0.5274840820141363,0.10676011032550432,0.17040602648826522
9031,0.5275424966411589,0.10680822419580015,0.17045114622141244
9032,0.5276009112681815,0.10685635833876886,0.17049626104690688
9033,0.5276593258952041,0.10690450931462384,0.1705413709655491
9034,0.5277177405222268,0.10695266538848343,0.1705864759781397
9035,0.5277761551492494,0.10700081317736723,0.1706315760854789
9036,0.527834569776272,0.10704895268341313,0.17067667128836692
9037,0.5278929844032946,0.10709708390875827,0.17072176158760363
9038,0.5279513990303172,0.10714520638412503,0.17076684698398892
9039,0.5280098136573398,0.10719331140228165,0.17081192747832233
9040,0.5280682282843624,0.10724140814946388,0.17085700307140333
9041,0.528126642911385,0.10728949662780467,0.17090207376403121
9042,0.5281850575384076,0.10733762106805889,0.17094713955700502
9043,0.5282434721654302,0.10738573610832852,0.17099220045112373
9044,0.5283018867924528,0.10743385143637861,0.17103725644718606
9045,0.5283603014194754,0.10748198308658785,0.1710823075459906
9046,0.528418716046498,0.10753011468229133,0.17112735374833574
9047,0.5284771306735206,0.10757824928405285,0.1711723950550197
9048,0.5285355453005433,0.1076264494972559,0.17121743146684054
9049,0.5285939599275659,0.1076746367724268,0.17126246298459616
9050,0.5286523745545885,0.10772281111477412,0.17130748960908423
9051,0.5287107891816111,0.1077709725295037,0.17135251134110233
9052,0.5287692038086337,0.10781915489446707,0.17139752818144777
9053,0.5288276184356563,0.10786734509232392,0.1714425268642136
9054,0.5288860330626789,0.10791552920182904,0.17148749118141857
9055,0.5289444476897015,0.1079637516004631,0.17153245061862382
9056,0.5290028623167241,0.1080121057490002,0.1715774051766238
9057,0.5290612769437467,0.108060439152749,0.1716223548562127
9058,0.5291196915707693,0.10810876800960806,0.17166729965818459
9059,0.5291781061977919,0.10815721226213514,0.17171223958333334
9060,0.5292365208248145,0.10820571079250142,0.17175717463245266
9061,0.5292949354518371,0.1082542369933316,0.17180210480633612
9062,0.5293533500788598,0.10830276670813448,0.17184703010577707
9063,0.5294117647058824,0.1083512918704221,0.17189195053156867
9064,0.529470179332905,0.10839992480748295,0.17193686608450398
9065,0.5295285939599276,0.10844856730068977,0.17198177676537585
9066,0.5295870085869502,0.10849717332064232,0.17202668257497694
9067,0.5296454232139728,0.1085457761002616,0.1720715835140998
9068,0.5297038378409954,0.10859437124530436,0.17211647958353668
9069,0.529762252468018,0.10864295875756932,0.1721613707840798
9070,0.5298206670950406,0.10869153863885468,0.17220625711652118
9071,0.5298790817220632,0.10874011089095802,0.17225113858165256
9072,0.5299374963490858,0.10878876947071733,0.17229601518026566
9073,0.5299959109761084,0.10883744716788335,0.17234088691315191
9074,0.530054325603131,0.10888612052232922,0.17238575378110263
9075,0.5301127402301536,0.10893478953463605,0.17243061578490892
9076,0.5301711548571763,0.10898345420538486,0.1724754729253618
9077,0.5302295694841989,0.10903211453515656,0.17252032520325203
9078,0.5302879841112215,0.10908077052453194,0.1725651726193702
9079,0.5303463987382441,0.10912945558653961,0.17261001517450683
9080,0.5304048133652667,0.10917820768347845,0.17265485286945212
9081,0.5304632279922893,0.10922698126019506,0.17269968570499622
9082,0.5305216426193119,0.10927574719493834,0.17274451368192903
9083,0.5305800572463345,0.1093245054895042,0.1727893368010403
9084,0.5306384718733571,0.10937332175827652,0.1728341550631197
9085,0.5306968865003797,0.10942218805590734,0.17287896846895656
9086,0.5307553011274023,0.10947104703515904,0.17292377701934017
9087,0.5308137157544249,0.10951989869767555,0.17296858071505958
9088,0.5308721303814475,0.10956874304510027,0.17301337955690374
9089,0.5309305450084701,0.10961759147646269,0.17305817354566136
9090,0.5309889596354928,0.1096665829163032,0.173102962682121
9091,0.5310473742625154,0.10971557556695297,0.17314774696707105
9092,0.531105788889538,0.10976457514476656,0.17319252640129976
9093,0.5311642035165606,0.10981357671565972,0.17323730098559514
9094,0.5312226181435832,0.1098625760911866,0.1732820707207451
9095,0.5312810327706058,0.1099116032938858,0.17332683560753737
9096,0.5313394473976284,0.10996063988853425,0.17337159564675944
9097,0.531397862024651,0.11000967255241836,0.1734163508391987
9098,0.5314562766516736,0.1100587012860108,0.17346110118564237
9099,0.5315146912786962,0.11010772608978407,0.17350584668687744
9100,0.5315731059057188,0.11015674696421064,0.1735505873436908
9101,0.5316315205327414,0.1102057639097629,0.17359532315686912
9102,0.531689935159764,0.11025477692691317,0.1736400541271989
9103,0.5317483497867866,0.11030378601613366,0.17368478025546655
9104,0.5318067644138093,0.11035279117789658,0.1737295015424582
9105,0.5318651790408319,0.11040179241267396,0.17377421798895984
9106,0.5319235936678545,0.11045078972093784,0.17381892959575734
9107,0.5319820082948771,0.11049978310316017,0.17386363636363636
9108,0.5320404229218997,0.11054877255981277,0.1739083382933824
9109,0.5320988375489223,0.11059779921857285,0.17395303538578075
9110,0.5321572521759449,0.11064687538989965,0.1739977276416166
9111,0.5322156668029675,0.11069608882027106,0.17404241506167495
9112,0.5322740814299901,0.11074530182444717,0.1740870976467406
9113,0.5323324960570127,0.11079456040759243,0.1741317753975982
9114,0.5323909106840353,0.11084382815311558,0.17417644831503218
9115,0.5324493253110579,0.11089312444633394,0.1742211163998269
9116,0.5325077399380805,0.11094247648572333,0.17426577965276652
9117,0.5325661545651031,0.11099191153332877,0.17431043807463495
9118,0.5326245691921258,0.11104134306238019,0.174355091666216
9119,0.5326829838191484,0.11109077107325323,0.17439974042829332
9120,0.532741398446171,0.11114019090968774,0.17444438436165036
9121,0.5327998130731936,0.11118959769019879,0.1744890234670704
9122,0.5328582277002162,0.11123899918855999,0.17453365774533658
9123,0.5329166423272388,0.11128839400942551,0.17457828719723184
9124,0.5329750569542614,0.11133778215414913,0.17462291182353895
9125,0.533033471581284,0.11138716362408425,0.17466753162504053
9126,0.5330918862083066,0.11143654883685467,0.17471214660251905
9127,0.5331503008353292,0.11148593921646242,0.17475675675675675
9128,0.5332087154623518,0.11153538125573749,0.17480136208853575
9129,0.5332671300893744,0.11158482706345335,0.174845962598638
9130,0.533325544716397,0.11163435640835755,0.17489055828784522
9131,0.5333839593434196,0.11168393558688561,0.17493514915693903
9132,0.5334423739704423,0.11173348966237823,0.1749797352067009
9133,0.5335007885974649,0.11178313404380964,0.17502431643791203
9134,0.5335592032244875,0.1118328015126634,0.17506889285135355
9135,0.5336176178515101,0.1118824653416773,0.17511346444780634
9136,0.5336760324785326,0.11193213134128409,0.1751580312280512
9137,0.5337344471055552,0.11198180658086318,0.1752025931928687
9138,0.5337928617325778,0.11203157494595271,0.17524715034303928
9139,0.5338512763596004,0.11208137267483553,0.17529170267934313
9140,0.533909690986623,0.11213119548155795,0.17533625020256036
9141,0.5339681056136456,0.1121810427392829,0.1753807929134709
9142,0.5340265202406682,0.1122308838022046,0.17542533081285444
9143,0.5340849348676908,0.11228076995902758,0.1754698639014906
9144,0.5341433494947134,0.11233063952272147,0.17551439218015877
9145,0.534201764121736,0.11238053869663357,0.17556077415175317
9146,0.5342601787487586,0.11243043499980404,0.1756071235833783
9147,0.5343185933757812,0.11248032915801186,0.1756534405092655
9148,0.5343770080028039,0.1125302476088632,0.17569972496359812
9149,0.5344354226298265,0.11258023074373019,0.17574597698051161
9150,0.5344938372568491,0.11263019526725083,0.17579219659409356
9151,0.5345522518838717,0.11268026636913808,0.17583838383838385
9152,0.5346106665108943,0.11273032681951962,0.17588453874737467
9153,0.5346690811379169,0.11278037662179391,0.17593066135501062
9154,0.5347274957649395,0.11283041577935796,0.17597975882859604
9155,0.5347859103919621,0.11288044429560729,0.17602885365919307
9156,0.5348443250189847,0.11293046217393603,0.17607794584701514
9157,0.5349027396460073,0.11298046941773683,0.17612703539227562
9158,0.5349611542730299,0.11303046603040093,0.17617612229518786
9159,0.5350195689000525,0.11308045201531809,0.17622520655596524
9160,0.5350779835270751,0.11313042737587668,0.17627428817482105
9161,0.5351363981540977,0.11318039211546357,0.17632336715196856
9162,0.5351948127811204,0.11323034623746424,0.1763724434876211
9163,0.535253227408143,0.11328028974526269,0.17642151718199187
9164,0.5353116420351656,0.11333022264224153,0.17647058823529413
9165,0.5353700566621882,0.11338014493178188,0.17651961179665027
9166,0.5354284712892108,0.11343005661726346,0.17656863272218937
9167,0.5354868859162334,0.11347995770206457,0.17661765101212398
9168,0.535545300543256,0.113529848189562,0.17666666666666667
9169,0.5356037151702786,0.11357972808313119,0.17671567968602994
9170,0.5356621297973012,0.11362973443350649,0.17676469007042633
9171,0.5357205444243238,0.11367978520203595,0.17681369782006828
9172,0.5357789590513464,0.11372984559214949,0.17686270293516826
9173,0.535837373678369,0.1137799033252633,0.17691170541593873
9174,0.5358957883053916,0.11382995840158892,0.17696070526259206
9175,0.5359542029324142,0.11388001082133783,0.17700970247534067
9176,0.5360126175594369,0.11393006058472152,0.1770586970543969
9177,0.5360710321864595,0.11398010769195147,0.17710768899997312
9178,0.5361294468134821,0.1140301521432391,0.17715667831228166
9179,0.5361878614405047,0.11408019393879583,0.17720566499153476
9180,0.5362462760675273,0.11413023307883305,0.17725464903794474
9181,0.5363046906945499,0.11418026956356214,0.17730363045172387
9182,0.5363631053215725,0.11423030339319444,0.17735260923308432
9183,0.5364215199485951,0.11428033456794127,0.17740158538223835
9184,0.5364799345756177,0.11433035716609122,0.17745055889939812
9185,0.5365383492026403,0.11438037053828397,0.17749952978477576
9186,0.5365967638296629,0.11443038402028394,0.17754849803858347
9187,0.5366551784566855,0.11448039484927586,0.17759746366103335
9188,0.5367135930837081,0.11453040302547081,0.17764642665233746
9189,0.5367720077107307,0.11458040854907985,0.17769538701270787
9190,0.5368304223377534,0.11463041142031404,0.17774434474235667
9191,0.536888836964776,0.11468041163938439,0.17779329984149586
9192,0.5369472515917986,0.11473040920650192,0.17784225231033743
9193,0.5370056662188212,0.1147804041218776,0.17789120214909335
9194,0.5370640808458438,0.11483039638572239,0.1779401493579756
9195,0.5371224954728664,0.11488038599824721,0.1779890939371961
9196,0.537180910099889,0.11493037295966298,0.1780380358869668
9197,0.5372393247269116,0.11498035727018059,0.17808697520749953
9198,0.5372977393539342,0.11503033893001093,0.17813591189900618
9199,0.5373561539809568,0.11508031793936481,0.1781848459616986
9200,0.5374145686079794,0.11513029429845306,0.17823377739578858
9201,0.537472983235002,0.11518026800748649,0.17828270620148792
9202,0.5375313978620246,0.11523023906667589,0.17833163237900843
9203,0.5375898124890472,0.11528020747623198,0.17838055592856183
9204,0.5376482271160699,0.11533017323636552,0.17842947685035987
9205,0.5377066417430925,0.11538013634728721,0.17847839514461422
9206,0.5377650563701151,0.11543009680920774,0.1785273108115366
9207,0.5378234709971377,0.11548005462233779,0.1785762166510256
9208,0.5378818856241603,0.11553000978688797,0.17862497322767187
9209,0.5379403002511829,0.11557996230306895,0.17867373437207185
9210,0.5379987148782055,0.1156299121710913,0.1787224929057129
9211,0.5380571295052281,0.11567985939116558,0.1787712488288047
9212,0.5381155441322507,0.11572980104267759,0.1788200021415569
9213,0.5381739587592733,0.11577973762923915,0.17886875284417914
9214,0.5382323733862959,0.11582967156905016,0.178917500936881
9215,0.5382907880133185,0.11587960286232105,0.17896624641987205
9216,0.5383492026403411,0.11592953150926219,0.17901498929336188
9217,0.5384076172673637,0.11597945751008398,0.17906372955756003
9218,0.5384660318943864,0.11602938086499677,0.17911246721267599
9219,0.538524446521409,0.11607930157421088,0.17916120225891924
9220,0.5385828611484316,0.11612921963793663,0.17920993469649932
9221,0.5386412757754542,0.1161791350563843,0.17925866452562558
9222,0.5386996904024768,0.11622904782976416,0.17930739174650753
9223,0.5387581050294994,0.11627895795828645,0.1793561163593545
9224,0.538816519656522,0.11632886544216138,0.17940483836437593
9225,0.5388749342835446,0.11637877028159915,0.17945355776178115
9226,0.5389333489105672,0.11642866361514033,0.1795022745517795
9227,0.5389917635375898,0.11647854651570357,0.17955098873458028
9228,0.5390501781646124,0.11652842677422419,0.1795997003103928
9229,0.539108592791635,0.11657830439091209,0.17964840927942632
9230,0.5391670074186576,0.11662817936597714,0.1796971156418901
9231,0.5392254220456802,0.11667805169962919,0.1797458193979933
9232,0.5392838366727029,0.1167279213920781,0.1797945205479452
9233,0.5393422512997255,0.11677778844353365,0.17984321909195494
9234,0.5394006659267481,0.11682765285420564,0.1798919150302317
9235,0.5394590805537707,0.11687751462430382,0.17994060836298456
9236,0.5395174951807933,0.11692737375403794,0.1799892990904227
9237,0.5395759098078159,0.11697723024361774,0.18003798721275513
9238,0.5396343244348385,0.11702708409325288,0.180086672730191
9239,0.5396927390618611,0.11707693530315307,0.1801353556429393
9240,0.5397511536888837,0.11712678387352793,0.18018403595120908
9241,0.5398095683159063,0.11717662980458712,0.18023271365520932
9242,0.5398679829429289,0.11722647309654023,0.18028138875514899
9243,0.5399263975699515,0.11727631374959686,0.18033006125123707
9244,0.5399848121969741,0.11732615176396657,0.18037873114368247
9245,0.5400432268239967,0.1173759871398589,0.18042739843269412
9246,0.5401016414510194,0.11742581987748338,0.18047606311848088
9247,0.540160056078042,0.1174756499770495,0.18052472520125165
9248,0.5402184707050646,0.11752547743876672,0.18057338468121523
9249,0.5402768853320872,0.11757530226284452,0.18062204155858047
9250,0.5403352999591098,0.11762512444949232,0.1806706958335562
9251,0.5403937145861324,0.11767493145825292,0.18071934750635113
9252,0.540452129213155,0.1177247143267667,0.18076799657717402
9253,0.5405105438401776,0.11777447964177681,0.18081664304623365
9254,0.5405689584672002,0.11782424068606813,0.1808652869137387
9255,0.5406273730942228,0.11787399504364046,0.18091392817989785
9256,0.5406857877212454,0.11792374850552885,0.1809625668449198
9257,0.540744202348268,0.11797349684098962,0.18101120290901312
9258,0.5408026169752906,0.11802323956524093,0.1810598363723865
9259,0.5408610316023132,0.11807297667923206,0.1811084672352485
9260,0.5409194462293359,0.11812270818391209,0.18115709549780773
9261,0.5409778608563585,0.1181724340802299,0.1812057211602727
9262,0.5410362754833811,0.11822215436913414,0.18125434422285194
9263,0.5410946901104037,0.11827186905157323,0.181302964685754
9264,0.5411531047374263,0.11832157812849543,0.18135158254918735
9265,0.5412115193644489,0.11837128160084873,0.18140019781336042
9266,0.5412699339914715,0.11842097946958093,0.1814488104784817
9267,0.5413283486184941,0.1184706717356396,0.18149742054475956
9268,0.5413867632455167,0.11852035839997213,0.18154602801240244
9269,0.5414451778725393,0.11857006710003172,0.1815946328816187
9270,0.5415035924995619,0.11861977317355257,0.18164323515261666
9271,0.5415620071265845,0.11866947662074286,0.1816918348256047
9272,0.5416204217536071,0.11871917744181072,0.18174043190079112
9273,0.5416788363806297,0.1187688756369643,0.18178902637838415
9274,0.5417372510076524,0.11881857120641166,0.18183761254642122
9275,0.541795665634675,0.11886826415036092,0.18188616757031062
9276,0.5418540802616976,0.11891795446902012,0.18193469147998825
9277,0.5419124948887202,0.1189676421625973,0.18198318430535165
9278,0.5419709095157428,0.11901732723130048,0.1820316460762601
9279,0.5420293241427654,0.11906736469206419,0.1820800768225346
9280,0.542087738769788,0.11911742819051416,0.18212847657395803
9281,0.5421461533968106,0.1191674961309511,0.1821768453602751
9282,0.5422045680238332,0.11921755437946185,0.18222518321119255
9283,0.5422629826508558,0.11926760293886034,0.18227349015637903
9284,0.5423213972778784,0.11931764181195938,0.1823217662254654
9285,0.542379811904901,0.1193676710015707,0.18237001144804452
9286,0.5424382265319236,0.1194176818497363,0.1824182258536715
9287,0.5424966411589462,0.11946766223119068,0.18246640947186377
9288,0.5425550557859689,0.11951766984696038,0.18251456233210098
9289,0.5426134704129915,0.11956776353130767,0.18256268446382515
9290,0.5426718850400141,0.11961803211745098,0.1826107758964408
9291,0.5427302996670367,0.11966835058364116,0.18265883665931495
9292,0.5427887142940593,0.11971865225331588,0.18270712653451665
9293,0.5428471289210819,0.11976893713488389,0.18275541384349675
9294,0.5429055435481045,0.119819240223179,0.18280369858645978
9295,0.5429639581751271,0.1198695506677166,0.18285198076361028
9296,0.5430223728021497,0.11991989228085335,0.18290026037515278
9297,0.5430807874291723,0.11997029569538228,0.18294853742129175
9298,0.5431392020561949,0.1200206898176021,0.18299681190223166
9299,0.5431976166832175,0.12007107465008227,0.183045083818177
9300,0.5432560313102401,0.12012145019539126,0.18309335316933212
9301,0.5433144459372626,0.12017181645609663,0.1831416199559015
9302,0.5433728605642852,0.12022217343476499,0.18318988417808946
9303,0.5434312751913078,0.12027252113396197,0.1832381458361004
9304,0.5434896898183305,0.1203228595562523,0.18328640493013865
9305,0.5435481044453531,0.1203731628271538,0.18333466146040853
9306,0.5436065190723757,0.12042345557227417,0.18338291542711432
9307,0.5436649336993983,0.12047373905816905,0.18343116683046032
9308,0.5437233483264209,0.12052401328739519,0.18347941567065074
9309,0.5437817629534435,0.12057427826250845,0.18352766194788983
9310,0.5438401775804661,0.12062453398606374,0.1835759056623818
9311,0.5438985922074887,0.12067478046061503,0.18362414681433087
9312,0.5439570068345113,0.12072501768871535,0.18367238540394115
9313,0.5440154214615339,0.1207752456729168,0.18372062143141682
9314,0.5440738360885565,0.12082546441577051,0.18376885489696196
9315,0.5441322507155791,0.12087567391982669,0.18381708580078074
9316,0.5441906653426017,0.12092587418763463,0.18386531414307716
9317,0.5442490799696243,0.12097606522174266,0.18391353992405535
9318,0.544307494596647,0.12102624702469816,0.18396176314391927
9319,0.5443659092236696,0.12107641959904764,0.184009983802873
9320,0.5444243238506922,0.12112658294733657,0.1840582019011205
9321,0.5444827384777148,0.12117673707210955,0.18410641743886574
9322,0.5445411531047374,0.12122688197591026,0.18415463041631266
9323,0.54459956773176,0.12127701766128139,0.1842028408336652
9324,0.5446579823587826,0.12132714413076474,0.18425104869112727
9325,0.5447163969858052,0.12137726138690115,0.18429925398890276
9326,0.5447748116128278,0.12142736943223052,0.1843474567271955
9327,0.5448332262398504,0.12147746826929187,0.18439565690620935
9328,0.544891640866873,0.12152755790062321,0.18444385452614812
9329,0.5449500554938956,0.12157763832876167,0.18449204958721563
9330,0.5450084701209182,0.12162770955624344,0.18454024208961564
9331,0.5450668847479408,0.12167777158560376,0.18458843203355188
9332,0.5451252993749635,0.12172782441937695,0.18463661941922813
9333,0.5451837140019861,0.12177786806009641,0.18468480424684805
9334,0.5452421286290087,0.12182790251029459,0.18473298651661535
9335,0.5453005432560313,0.121877927772503,0.18478116622873372
9336,0.5453589578830539,0.12192794384925228,0.18482934338340676
9337,0.5454173725100765,0.12197795074307206,0.18487751798083812
9338,0.5454757871370991,0.1220279484564911,0.1849256900212314
9339,0.5455342017641217,0.12207793699203721,0.1849738595047902
9340,0.5455926163911443,0.1221279850901629,0.18502202643171806
9341,0.5456510310181669,0.12217809874636827,0.1850701908022185
9342,0.5457094456451895,0.12222827931932402,0.18511835261649506
9343,0.5457678602722121,0.12227847599615663,0.18516651187475122
9344,0.5458262748992347,0.12232867670017916,0.18521466857719046
9345,0.5458846895262573,0.12237887251845721,0.18526282272401623
9346,0.54594310415328,0.12242910499589335,0.18531097431543198
9347,0.5460015187803026,0.12247939578979894,0.18535912335164106
9348,0.5460599334073252,0.12252972258282185,0.18540726983284692
9349,0.5461183480343478,0.12258004423224406,0.18545541375925287
9350,0.5461767626613704,0.12263039721002546,0.1855035551310623
9351,0.546235177288393,0.12268076388791548,0.1855516939484785
9352,0.5462935919154156,0.12273116263011605,0.18559983021170479
9353,0.5463520065424382,0.12278155257367858,0.18564796392094443
9354,0.5464104211694608,0.12283193372090698,0.18569609507640067
9355,0.5464688357964834,0.12288230607410434,0.18574422367827678
9356,0.546527250423506,0.12293266963557296,0.18579234972677597
9357,0.5465856650505286,0.12298302440761436,0.18584047322210137
9358,0.5466440796775512,0.12303337039252919,0.18588859416445624
9359,0.5467024943045738,0.12308370759261737,0.18593671255404365
9360,0.5467609089315965,0.12313403601017797,0.18598482839106678
9361,0.5468193235586191,0.12318435564750926,0.18603294167572873
9362,0.5468777381856417,0.12323466650690873,0.18608105240823256
9363,0.5469361528126643,0.12328496859067307,0.18612916058878132
9364,0.5469945674396869,0.12333526190109816,0.1861772662175781
9365,0.5470529820667095,0.12338554644047904,0.1862253692948259
9366,0.5471113966937321,0.12343586732999096,0.1862734698207277
9367,0.5471698113207547,0.12348616953387515,0.18632156779548648
9368,0.5472282259477773,0.12353651991135378,0.18636966321930523
9369,0.5472866405747999,0.12358685449386424,0.18641775609238684
9370,0.5473450552018225,0.12363717328883768,0.18646584641493424
9371,0.5474034698288451,0.12368747630370064,0.18651393418715032
9372,0.5474618844558677,0.12373776354587498,0.18656201940923794
9373,0.5475202990828903,0.12378803502277792,0.18661010208139997
9374,0.547578713709913,0.12383829074182201,0.18665818220383923
9375,0.5476371283369356,0.12388857755362619,0.1867062597767585
9376,0.5476955429639582,0.12393889146470624,0.18675433480036058
9377,0.5477539575909808,0.12398919743810828,0.18680240727484823
9378,0.5478123722180034,0.1240395304284153,0.18685047720042416
9379,0.547870786845026,0.12409007300538248,0.18689854457729116
9380,0.5479292014720486,0.12414060854512282,0.1869466094056519
9381,0.5479876160990712,0.1241912563737328,0.186994671685709
9382,0.5480460307260938,0.12424189582961795,0.18704273141766514
9383,0.5481044453531164,0.12429253695491033,0.18709078860172298
9384,0.548162859980139,0.12434331619321347,0.18713884323808513
9385,0.5482212746071616,0.12439410500515825,0.18718689532695418
9386,0.5482796892341842,0.12444500804823627,0.18723494486853265
9387,0.5483381038612068,0.12449587395478003,0.18728299186302313
9388,0.5483965184882295,0.12454672869591976,0.18733103631062814
9389,0.5484549331152521,0.12459757954832354,0.18737907821155017
9390,0.5485133477422747,0.12464842651243738,0.18742711756599173
9391,0.5485717623692973,0.12469926958870724,0.18747515437415524
9392,0.5486301769963199,0.12475010877757901,0.1875231689879786
9393,0.5486885916233425,0.12480094407949853,0.1875711600074139
9394,0.5487470062503651,0.12485178373604895,0.18761914848549036
9395,0.5488054208773877,0.12490261385360073,0.18766713442240993
9396,0.5488638355044103,0.12495349625608698,0.18771511781837438
9397,0.5489222501314329,0.12500439076559092,0.18776309867358557
9398,0.5489806647584555,0.12505532383125212,0.18781107698824526
9399,0.5490390793854781,0.12510633263383786,0.18785905276255527
9400,0.5490974940125007,0.12515732637844326,0.18790702599671733
9401,0.5491559086395233,0.12520830507173508,0.18795499669093316
9402,0.549214323266546,0.12525928672502945,0.1880029648454045
9403,0.5492727378935686,0.12531026041311538,0.188050930460333
9404,0.5493311525205912,0.12536122613785944,0.18809889353592038
9405,0.5493895671476138,0.12541218390112754,0.18814685407236825
9406,0.5494479817746364,0.1254631337047851,0.18819481206987823
9407,0.549506396401659,0.12551407555069688,0.18824276752865196
9408,0.5495648110286816,0.12556500944072713,0.188290720448891
9409,0.5496232256557042,0.12561593537673946,0.18833867083079692
9410,0.5496816402827268,0.1256668533605969,0.18838661867457124
9411,0.5497400549097494,0.12571776339416194,0.1884345639804155
9412,0.549798469536772,0.12576866547929644,0.1884825067485312
9413,0.5498568841637946,0.1258195596178617,0.1885304469791198
9414,0.5499152987908172,0.12587044581171847,0.18857838467238278
9415,0.5499737134178398,0.12592132406272685,0.18862631982852152
9416,0.5500321280448625,0.12597219437274645,0.1886742524477375
9417,0.5500905426718851,0.1260230567436362,0.18872218253023207
9418,0.5501489572989077,0.12607391117725453,0.18877011007620662
9419,0.5502073719259303,0.12612475767545925,0.18881803508586245
9420,0.5502657865529529,0.12617559624010757,0.18886595755940097
9421,0.5503242011799755,0.12622647790022154,0.1889138774970234
9422,0.5503826158069981,0.12627735283964833,0.1889617948989311
9423,0.5504410304340207,0.12632824329706677,0.1890097097653253
9424,0.5504994450610433,0.12637922141668329,0.18905762209640722
9425,0.5505578596880659,0.12643027237712162,0.1891055318923781
9426,0.5506162743150885,0.12648131729688492,0.18915343915343916
9427,0.5506746889421111,0.1265323582794971,0.18920134387979154
9428,0.5507331035691337,0.12658348598028452,0.18924924607163643
9429,0.5507915181961563,0.12663466191496894,0.18929714572917494
9430,0.550849932823179,0.12668583883741544,0.1893450428526082
9431,0.5509083474502016,0.12673705984772837,0.18939293744213728
9432,0.5509667620772242,0.1267882726620648,0.1894408294979633
9433,0.5510251767042468,0.12683947400402454,0.18948871902028724
9434,0.5510835913312694,0.12689072618903383,0.1895366060093102
9435,0.551142005958292,0.12694197218752817,0.18958449046523315
9436,0.5512004205853146,0.12699321064708088,0.1896323723882571
9437,0.5512588352123372,0.12704444156935546,0.18968025177858294
9438,0.5513172498393598,0.1270956649560149,0.18972812863641172
9439,0.5513756644663824,0.12714688080872172,0.1897760029619443
9440,0.551434079093405,0.12719808912913794,0.1898238747553816
9441,0.5514924937204276,0.12724928991892512,0.1898717440169245
9442,0.5515509083474502,0.12730048317974424,0.18991961074677385
9443,0.5516093229744728,0.12735166891325592,0.1899674749451305
9444,0.5516677376014955,0.12740284712112018,0.19001533661219525
9445,0.5517261522285181,0.12745401780499666,0.1900631957481689
9446,0.5517845668555407,0.12750518052741486,0.19011105235325224
9447,0.5518429814825633,0.12755633057739799,0.19015890642764602
9448,0.5519013961095859,0.12760747311001253,0.19020675797155095
9449,0.5519598107366085,0.1276586081269155,0.19025460698516775
9450,0.5520182253636311,0.12770973562976357,0.19030245346869712
9451,0.5520766399906537,0.1277608556202128,0.19035029742233972
9452,0.5521350546176763,0.12781196809991885,0.1903981388462962
9453,0.5521934692446989,0.12786307307053685,0.19044597774076719
9454,0.5522518838717215,0.12791417053372142,0.19049381410595326
9455,0.5523102984987441,0.12796535278063662,0.19054164794205503
9456,0.5523687131257667,0.12801660257366843,0.19058947924927305
9457,0.5524271277527893,0.1280680165255453,0.19063730802780787
9458,0.552485542379812,0.12811941626695386,0.19068513427786002
9459,0.5525439570068346,0.12817080180378482,0.19073295799962994
9460,0.5526023716338572,0.12822217314192563,0.19078077919331818
9461,0.5526607862608798,0.12827353028726046,0.19082859785912515
9462,0.5527192008879024,0.12832487324567027,0.1908764139972513
9463,0.552777615514925,0.12837637191860782,0.19092422760789704
9464,0.5528360301419476,0.12842787854838694,0.19097203869126275
9465,0.5528944447689701,0.12847942468922155,0.19101984724754884
9466,0.5529528593959927,0.1285309637126696,0.1910676532769556
9467,0.5530112740230153,0.12858249562020507,0.19111545677968342
9468,0.5530696886500379,0.1286340204133016,0.19116325775593257
9469,0.5531281032770605,0.12868557443566556,0.19121105620590334
9470,0.5531865179040831,0.12873717149030767,0.19125885212979601
9471,0.5532449325311057,0.12878877808604744,0.19130664552781082
9472,0.5533033471581283,0.12884037055627953,0.19135443640014796
9473,0.553361761785151,0.1288920126374132,0.1914022247470077
9474,0.5534201764121736,0.1289436518680889,0.19145001056859015
9475,0.5534785910391962,0.12899528824854264,0.19149779386509552
9476,0.5535370056662188,0.12904695256587054,0.19154557463672392
9477,0.5535954202932414,0.1290986069554049,0.19159335288367546
9478,0.553653834920264,0.12915027749991623,0.19164112860615026
9479,0.5537122495472866,0.1292019651649235,0.1916889018043484
9480,0.5537706641743092,0.12925365478623815,0.1917366724784699
9481,0.5538290788013318,0.12930533059895524,0.19178444062871483
9482,0.5538874934283544,0.1293570142949201,0.1918322062552832
9483,0.553945908055377,0.12940875995893522,0.19187996935837492
9484,0.5540043226823996,0.12946050146174096,0.19192772993819007
9485,0.5540627373094222,0.12951229869337844,0.19197548799492856
9486,0.5541211519364448,0.1295641788719717,0.19202324352879027
9487,0.5541795665634675,0.1296161028032914,0.19207099653997517
9488,0.5542379811904901,0.12966802002641514,0.19211874702868312
9489,0.5542963958175127,0.12971993054264286,0.19216649499511396
9490,0.5543548104445353,0.1297718343532741,0.19221424043946758
9491,0.5544132250715579,0.12982373145960807,0.19226198336194375
9492,0.5544716396985805,0.12987562004290149,0.1923097237627423
9493,0.5545300543256031,0.129927486551546,0.19235746164206302
9494,0.5545884689526257,0.12997951696102428,0.19240519700010564
9495,0.5546468835796483,0.13003154115164312,0.1924529298370699
9496,0.5547052982066709,0.13008357621678612,0.19250066015315553
9497,0.5547637128336935,0.13013561901529613,0.19254838794856222
9498,0.5548221274607161,0.13018764838241123,0.19259611322348966
9499,0.5548805420877387,0.13023966432333034,0.19264383597813747
9500,0.5549389567147613,0.13029166684324978,0.19269155621270528
9501,0.554997371341784,0.1303436559473631,0.19273927392739273
9502,0.5550557859688066,0.13039563164086126,0.19278698912239942
9503,0.5551142005958292,0.13044759392893251,0.19283470179792486
9504,0.5551726152228518,0.13049957753616198,0.19288241195416864
9505,0.5552310298498744,0.13055154311074374,0.1929301195913303
9506,0.555289444476897,0.1306035654640506,0.19297782470960928
9507,0.5553478591039196,0.13065560354256409,0.19302552730920514
9508,0.5554062737309422,0.13070763858135434,0.1930732273903173
9509,0.5554646883579648,0.13075968854437697,0.1931209249531452
9510,0.5555231029849874,0.13081174192583686,0.19316861999788829
9511,0.55558151761201,0.13086394642756113,0.19321631252474594
9512,0.5556399322390326,0.13091615528621556,0.19326400253391754
9513,0.5556983468660552,0.13096835787289177,0.19331169002560245
9514,0.5557567614930778,0.1310205541887199,0.193359375
9515,0.5558151761201005,0.1310727428748691,0.19340705745730952
9516,0.5558735907471231,0.13112492158341793,0.19345473739773028
9517,0.5559320053741457,0.13117709538526245,0.19350241482146155
9518,0.5559904200011683,0.13122926292166737,0.19355008972870263
9519,0.5560488346281909,0.13128142419376126,0.1935977621196527
9520,0.5561072492552135,0.13133357920267238,0.193645431994511
9521,0.5561656638822361,0.1313857279495287,0.1936930993534767
9522,0.5562240785092587,0.131437870435458,0.193740764196749
9523,0.5562824931362813,0.13149000666158764,0.19378842652452702
9524,0.5563409077633039,0.1315421366290449,0.19383608633700986
9525,0.5563993223903265,0.13159426033895663,0.1938837436343967
9526,0.5564577370173491,0.1316463777924495,0.19393139841688653
9527,0.5565161516443717,0.13169848899064987,0.1939790506846785
9528,0.5565745662713943,0.13175059393468386,0.1940267004379716
9529,0.556632980898417,0.13180269262567726,0.19407434767696488
9530,0.5566913955254396,0.13185478506475568,0.19412199240185732
9531,0.5567498101524622,0.13190687125304437,0.19416963461284792
9532,0.5568082247794848,0.13195895119166837,0.1942172743101356
9533,0.5568666394065074,0.1320110229928269,0.19426491149391933
9534,0.55692505403353,0.1320631461558782,0.19431254616439803
9535,0.5569834686605526,0.13211528220221946,0.19436017832177055
9536,0.5570418832875752,0.13216745859425028,0.19440780796623583
9537,0.5571002979145978,0.13221966988722644,0.19445543509799268
9538,0.5571587125416204,0.13227191699428498,0.1945030597172399
9539,0.557217127168643,0.13232415161557992,0.1945506818241764
9540,0.5572755417956656,0.13237638433927615,0.1945983014190009
9541,0.5573339564226882,0.13242886635781087,0.19464591850191218
9542,0.5573923710497108,0.13248136088655563,0.19469353307310897
9543,0.5574507856767335,0.13253389911696703,0.19474114513279003
9544,0.5575092003037561,0.1325864449831316,0.19478875468115406
9545,0.5575676149307787,0.13263898500231167,0.19483636171839974
9546,0.5576260295578013,0.13269151917548314,0.19488396624472573
9547,0.5576844441848239,0.13274404750362165,0.1949315682603307
9548,0.5577428588118465,0.13279656998770265,0.1949791677654132
9549,0.5578012734388691,0.1328491177067296,0.19502676476017192
9550,0.5578596880658917,0.1329016528369258,0.1950743592448054
9551,0.5579181026929143,0.13295417538281454,0.1951219512195122
9552,0.5579765173199369,0.13300691327374053,0.19516954068449086
9553,0.5580349319469595,0.1330596438834556,0.1952171276399399
9554,0.5580933465739821,0.1331123593423798,0.1952647120860578
9555,0.5581517612010047,0.13316505965704206,0.19531229402304306
9556,0.5582101758280273,0.13321774483396745,0.19535987345109412
9557,0.55826859045505,0.13327042052611393,0.19540745037040944
9558,0.5583270050820726,0.13332312677239613,0.1954550247811874
9559,0.5583854197090952,0.1333758273883616,0.1955025966836264
9560,0.5584438343361178,0.13342856048116838,0.1955501660779248
9561,0.5585022489631404,0.13348136341210248,0.195597732964281
9562,0.558560663590163,0.13353424431343738,0.1956452973428933
9563,0.5586190782171856,0.1335871168244056,0.19569285921395999
9564,0.5586774928442082,0.13364003161509172,0.19574041857767938
9565,0.5587359074712308,0.13369292742529118,0.19578797543424972
9566,0.5587943220982534,0.13374580426521454,0.19583552978386926
9567,0.558852736725276,0.13379866214506508,0.19588308162673626
9568,0.5589111513522986,0.13385151413521895,0.19593063096304886
9569,0.5589695659793212,0.1339043736643071,0.1959781777930053
9570,0.5590279806063438,0.13395722899991125,0.19602572211680372
9571,0.5590863952333665,0.1340100735103881,0.19607326393464225
9572,0.5591448098603891,0.1340629212061745,0.19612080324671902
9573,0.5592032244874117,0.1341157851443915,0.19616834005323214
9574,0.5592616391144343,0.1341686436701685,0.19621587435437968
9575,0.5593200537414569,0.13422155446214187,0.1962634061503597
9576,0.5593784683684795,0.1342745495490781,0.1963109354413702
9577,0.5594368829955021,0.1343275413706582,0.19635846222760928
9578,0.5594952976225247,0.13438052121991545,0.19640598650927488
9579,0.5595537122495473,0.13443359599315155,0.19645350828656497
9580,0.5596121268765699,0.1344866683296663,0.1965010275596775
9581,0.5596705415035925,0.1345397891043637,0.19654854432881044
9582,0.5597289561306151,0.13459290734399176,0.19659605859416165
9583,0.5597873707576377,0.1346460486005454,0.19664357035592908
9584,0.5598457853846603,0.13469921150992376,0.19669107961431057
9585,0.559904200011683,0.13475238612135618,0.19673858636950395
9586,0.5599626146387056,0.1348056104071256,0.19678609062170707
9587,0.5600210292657282,0.1348588257601995,0.19683359237111772
9588,0.5600794438927508,0.13491202932932017,0.1968810916179337
9589,0.5601378585197734,0.13496522111840134,0.19692858836235283
9590,0.560196273146796,0.1350184011313549,0.19697608260457275
9591,0.5602546877738186,0.1350715693720912,0.19702357434479126
9592,0.5603131024008412,0.1351247258445187,0.19707106358320603
9593,0.5603715170278638,0.13517794528966873,0.19711855032001474
9594,0.5604299316548864,0.13523120079116185,0.1971660345554151
9595,0.560488346281909,0.13528445130647002,0.19721351628960468
9596,0.5605467609089316,0.13533769683629346,0.19726099552278115
9597,0.5606051755359542,0.1353909373813323,0.1973084722551421
9598,0.5606635901629768,0.1354441729422865,0.19735594648688506
9599,0.5607220047899995,0.1354974035198559,0.19740341821820767
9600,0.5607804194170221,0.13555070165218622,0.19745088744930742
9601,0.5608388340440447,0.13560410967925648,0.19749835418038184
9602,0.5608972486710673,0.13565751566560433,0.1975458184116284
9603,0.5609556632980899,0.135710930275262,0.1975932801432446
9604,0.5610140779251125,0.13576440429862824,0.1976407393754279
9605,0.5610724925521351,0.13581794558404675,0.19768819610837568
9606,0.5611309071791577,0.1358714741671895,0.1977356503422854
9607,0.5611893218061803,0.1359250465443402,0.19778310207735447
9608,0.5612477364332029,0.1359785990871155,0.19783055131378022
9609,0.5613061510602255,0.13603215037636643,0.19787799805175998
9610,0.5613645656872481,0.1360857329412226,0.19792544229149114
9611,0.5614229803142707,0.1361393276800123,0.19797288403317098
9612,0.5614813949412933,0.13619292135163122,0.19802032327699678
9613,0.561539809568316,0.13624654575872341,0.1980677600231658
9614,0.5615982241953386,0.13630018004403763,0.19811519427187532
9615,0.5616566388223612,0.1363538003930605,0.19816262602332255
9616,0.5617150534493838,0.13640744923531017,0.19821005527770466
9617,0.5617734680764064,0.13646109352236702,0.19825748203521887
9618,0.561831882703429,0.1365147332548111,0.19830490629606232
9619,0.5618902973304516,0.13656836843322245,0.19835232806043218
9620,0.5619487119574742,0.13662199905818104,0.19839974732852556
9621,0.5620071265844968,0.13667562513026665,0.19844716410053956
9622,0.5620655412115194,0.1367292466500591,0.19849457837667123
9623,0.562123955838542,0.13678286361813796,0.19854199015711765
9624,0.5621823704655646,0.13683647603508278,0.1985893994420759
9625,0.5622407850925872,0.13689013514460524,0.19863680623174293
9626,0.5622991997196098,0.13694378441775523,0.1986842105263158
9627,0.5623576143466325,0.13699742385723712,0.19873161232599143
9628,0.5624160289736551,0.1370510534657544,0.19877901163096678
9629,0.5624744436006777,0.13710467324600956,0.19882640844143884
9630,0.5625328582277002,0.13715834214662606,0.19887380275760447
9631,0.5625912728547228,0.13721201598626592,0.19892119457966057
9632,0.5626496874817454,0.13726573147505008,0.19896858390780403
9633,0.562708102108768,0.13731953398686014,0.1990159707422317
9634,0.5627665167357906,0.13737340830174705,0.19906335508314038
9635,0.5628249313628132,0.137427271651631,0.19911073693072692
9636,0.5628833459898358,0.13748112403985918,0.19915811628518812
9637,0.5629417606168584,0.13753496546977745,0.19920549314672067
9638,0.563000175243881,0.13758879594473034,0.1992528675155214
9639,0.5630585898709036,0.1376426154680609,0.199300239391787
9640,0.5631170044979262,0.13769642404311094,0.1993476087757142
9641,0.5631754191249488,0.13775022167322085,0.19939497566749967
9642,0.5632338337519714,0.13780400836172968,0.19944234006734007
9643,0.563292248378994,0.1378577841119751,0.19948970197543203
9644,0.5633506630060167,0.1379115489272935,0.19953706139197222
9645,0.5634090776330393,0.13796530281101976,0.1995844183171572
9646,0.5634674922600619,0.13801904576648757,0.19963186957665002
9647,0.5635259068870845,0.13807277779702917,0.19967929339396967
9648,0.5635843215141071,0.13812649890597548,0.19972668979291497
9649,0.5636427361411297,0.13818020909665604,0.19977405879725718
9650,0.5637011507681523,0.13823390837239904,0.19982140043074015
9651,0.5637595653951749,0.13828759673653135,0.1998687147170802
9652,0.5638179800221975,0.13834127419237843,0.1999160016799664
9653,0.5638763946492201,0.13839494074326447,0.19996326134306033
9654,0.5639348092762427,0.13844859639251225,0.20001048822696524
9655,0.5639932239032653,0.13850224114344323,0.20005765350245028
9656,0.564051638530288,0.13855587499937744,0.2001047668936616
9657,0.5641100531573106,0.1386094979636337,0.20015182848616528
9658,0.5641684677843332,0.13866311003952939,0.20019889040092118
9659,0.5642268824113558,0.13871671123038054,0.2002459252282657
9660,0.5642852970383784,0.13877030153950187,0.2002929329915782
9661,0.564343711665401,0.13882388097020673,0.200339913714211
9662,0.5644021262924236,0.13887744952580716,0.20038686741948974
9663,0.5644605409194462,0.13893100354652235,0.20043379413071316
9664,0.5645189555464688,0.1389845457056445,0.20048069387115314
9665,0.5645773701734914,0.13903807700147966,0.20052756666405494
9666,0.564635784800514,0.1390915634720768,0.20057441253263708
9667,0.5646941994275366,0.13914501868686244,0.20062123150009137
9668,0.5647526140545592,0.1391984630703163,0.200668023589583
9669,0.5648110286815818,0.1392518966257301,0.20071478882425065
9670,0.5648694433086044,0.13930531935639415,0.20076152722720633
9671,0.564927857935627,0.13935873126559756,0.20080823882153565
9672,0.5649862725626497,0.139412132356628,0.20085993485342019
9673,0.5650446871896723,0.13946552263277184,0.20091157702825888
9674,0.5651031018166949,0.13951890209731416,0.2009634162218461
9675,0.5651615164437175,0.13957227075353862,0.20101522842639594
9676,0.5652199310707401,0.13962562860472763,0.20106701366297983
9677,0.5652783456977627,0.13967897565416224,0.20111877195264732
9678,0.5653367603247853,0.1397323119051222,0.20117050331642605
9679,0.5653951749518079,0.13978563736088587,0.2012222077753218
9680,0.5654535895788305,0.13983895202473035,0.20127388535031848
9681,0.5655120042058531,0.13989225589993137,0.20132553606237816
9682,0.5655704188328757,0.13994554898976333,0.2013771599324412
9683,0.5656288334598983,0.13999883129749938,0.20142875698142615
9684,0.565687248086921,0.14005210282641126,0.20148032723022985
9685,0.5657456627139436,0.1401053635797694,0.2015318706997274
9686,0.5658040773409662,0.14015861356084294,0.20158338741077222
9687,0.5658624919679888,0.1402118527728997,0.2016348773841962
9688,0.5659209065950114,0.1402650812192061,0.20168634064080945
9689,0.565979321222034,0.14031829890302738,0.2017377772014006
9690,0.5660377358490566,0.1403715058276273,0.20178918708673668
9691,0.5660961504760792,0.14042470199626847,0.2018405703175632
9692,0.5661545651031018,0.140477887412212,0.20189192691460411
9693,0.5662129797301244,0.14053106207871782,0.201943256898562
9694,0.566271394357147,0.1405842259990445,0.20199456029011786
9695,0.5663298089841696,0.14063737917644925,0.20204583710993138
9696,0.5663882236111922,0.14069052161418802,0.20209708737864077
9697,0.5664466382382148,0.14074365331551544,0.20214831111686296
9698,0.5665050528652374,0.14079677428368478,0.20219950834519343
9699,0.56656346749226,0.14084988452194808,0.20225067908420644
9700,0.5666218821192827,0.14090298403355594,0.2023064591198221
9701,0.5666802967463053,0.1409560728217578,0.2023627950262389
9702,0.5667387113733279,0.14100915088980165,0.20241910472449084
9703,0.5667971260003505,0.14106221824093423,0.2024753882328622
9704,0.5668555406273731,0.14111527487840098,0.20253164556962025
9705,0.5669139552543957,0.14116832080544603,0.20258787675301532
9706,0.5669723698814183,0.14122135602531216,0.20264408180128074
9707,0.5670307845084409,0.14127438054124086,0.2027002607326329
9708,0.5670891991354635,0.14132739435647235,0.20275641356527124
9709,0.5671476137624861,0.14138039747424547,0.20281254031737841
9710,0.5672060283895087,0.14143338669428906,0.20286864100712002
9711,0.5672644430165313,0.14148635961036465,0.2029247156526449
9712,0.567322857643554,0.1415394129773118,0.202980764272085
9713,0.5673812722705766,0.14159246955507873,0.20303678688355548
9714,0.5674396868975992,0.1416456816454542,0.20309278350515464
9715,0.5674981015246218,0.1416988832918526,0.20314875415496406
9716,0.5675565161516444,0.14175220986774906,0.20320469885104847
9717,0.567614930778667,0.1418055264637926,0.20326061761145595
9718,0.5676733454056896,0.14185891311956889,0.20331651045421772
9719,0.5677317600327122,0.14191233169053047,0.20337237739734843
9720,0.5677901746597348,0.1419657799889757,0.20342821845884593
9721,0.5678485892867574,0.14201929427000667,0.20348403365669146
9722,0.56790700391378,0.14207280187624635,0.20353982300884957
9723,0.5679654185408026,0.14212630280894345,0.20359558653326817
9724,0.5680238331678252,0.14217979706934641,0.20365132424787863
9725,0.5680822477948478,0.14223339486920472,0.20370703617059566
9726,0.5681406624218704,0.14228706220598525,0.20376272231931736
9727,0.568199077048893,0.14234074705935246,0.20381838271192537
9728,0.5682574916759157,0.14239451749586718,0.20387401736628474
9729,0.5683159063029383,0.14244828944962995,0.203929626300244
9730,0.5683743209299609,0.1425021454357615,0.20398520953163518
9731,0.5684327355569835,0.1425560895827479,0.20404076707827382
9732,0.5684911501840061,0.1426100318674566,0.20409629895795903
9733,0.5685495648110287,0.1426639712688639,0.20415180518847348
9734,0.5686079794380513,0.1427179007185823,0.20420728578758338
9735,0.5686663940650739,0.14277182021936563,0.20426274077303855
9736,0.5687248086920965,0.14282572977396674,0.20431817016257245
9737,0.5687832233191191,0.1428796161960891,0.20437619961612283
9738,0.5688416379461417,0.14293345636029284,0.2044355767017113
9739,0.5689000525731643,0.14298727661505609,0.20449489913323618
9740,0.568958467200187,0.14304107433858315,0.2045547385620915
9741,0.5690168818272096,0.14309486347476777,0.2046150704512967
9742,0.5690752964542322,0.14314863640272757,0.2046753777051858
9743,0.5691337110812548,0.14320239312978747,0.20473566033884466
9744,0.5691921257082774,0.14325613366326795,0.20479591836734695
9745,0.5692505403353,0.14330985801048512,0.20485615180575392
9746,0.5693089549623226,0.14336358397198815,0.20491636066911464
9747,0.5693673695893452,0.14341730596415958,0.20497654497246584
9748,0.5694257842163678,0.14347132312342112,0.20503670473083196
9749,0.5694841988433904,0.1435253959080159,0.20509683995922529
9750,0.569542613470413,0.1435794602821465,0.20515695067264575
9751,0.5696010280974356,0.14363351624777498,0.20521703688608112
9752,0.5696594427244582,0.14368756380686284,0.20527709861450694
9753,0.5697178573514808,0.14374160296137092,0.20533713587288654
9754,0.5697762719785034,0.1437956409677352,0.2053971486761711
9755,0.569834686605526,0.1438497137471364,0.20545713703929952
9756,0.5698931012325487,0.14390385385866195,0.2055171009771987
9757,0.5699515158595713,0.1439579906666107,0.20557704050478323
9758,0.5700099304865939,0.14401216246298487,0.20563695563695564
9759,0.5700683451136165,0.14406637388021779,0.2056968463886063
9760,0.5701267597406391,0.14412064968256322,0.20575671277461352
9761,0.5701851743676617,0.14417492231046689,0.2058165548098434
9762,0.5702435889946843,0.14422919176420734,0.20587637250915006
9763,0.5703020036217069,0.144283458044063,0.20593616588737548
9764,0.5703604182487295,0.144337720516291,0.2059959349593496
9765,0.5704188328757521,0.14439197605251844,0.20605567973989028
9766,0.5704772475027747,0.14444627474001506,0.20611540024380334
9767,0.5705356621297973,0.14450061981299392,0.2061750964858826
9768,0.57059407675682,0.1445549594057329,0.20623476848090982
9769,0.5706524913838426,0.1446092946418886,0.20629441624365483
9770,0.5707109060108652,0.14466364072823334,0.20635403978887534
9771,0.5707693206378878,0.1447180046776626,0.20641363913131724
9772,0.5708277352649104,0.1447724671143444,0.20647321428571427
9773,0.570886149891933,0.14482692615580867,0.2065327652667884
9774,0.5709445645189556,0.14488138570569717,0.20659229208924948
9775,0.5710029791459782,0.14493582343943384,0.20665179476779558
9776,0.5710613937730008,0.1449902393701252,0.20671127331711273
9777,0.5711198084000234,0.14504463351086724,0.20677072775187513
9778,0.571178223027046,0.14509900587474545,0.20683015808674504
9779,0.5712366376540686,0.14515335647483485,0.20688956433637284
9780,0.5712950522810912,0.14520790483445853,0.20694894651539708
9781,0.5713534669081138,0.14526249770290572,0.2070083046384444
9782,0.5714118815351364,0.14531708146882144,0.20706763872012962
9783,0.571470296162159,0.1453716561344821,0.2071269487750557
9784,0.5715287107891817,0.1454262217021633,0.20718623481781376
9785,0.5715871254162043,0.1454807781741399,0.20724549686298321
9786,0.5716455400432269,0.145535325552686,0.20730473492513152
9787,0.5717039546702495,0.1455898638400749,0.2073639490188145
9788,0.5717623692972721,0.14564439303857926,0.20742313915857605
9789,0.5718207839242947,0.14569891315047084,0.20748230535894843
9790,0.5718791985513173,0.14575342417802073,0.2075414476344521
9791,0.5719376131783399,0.14580792612349924,0.20760389036251106
9792,0.5719960278053625,0.14586241433819022,0.2076662794808343
9793,0.5720544424323851,0.1459168894151343,0.20772861505843157
9794,0.5721128570594077,0.14597135541971512,0.20779089716419416
9795,0.5721712716864302,0.14602581235419887,0.20785510682844385
9796,0.5722296863134528,0.14608026022085102,0.20791929382093316
9797,0.5722881009404754,0.14613469902193624,0.2079834581536677
9798,0.572346515567498,0.14618912875971848,0.20804759983864463
9799,0.5724049301945207,0.1462435494364609,0.2081117188878526
9800,0.5724633448215433,0.14629796105442597,0.20817581531327184
9801,0.5725217594485659,0.1463523636158753,0.20823988912687413
9802,0.5725801740755885,0.14640675712306989,0.2083039403406228
9803,0.5726385887026111,0.14646114157826984,0.2083679689664727
9804,0.5726970033296337,0.1465155169837346,0.2084319750163703
9805,0.5727554179566563,0.14656988334172286,0.20849595850225366
9806,0.5728138325836789,0.1466242406544925,0.20855991943605237
9807,0.5728722472107015,0.1466785889243007,0.20862385782968762
9808,0.5729306618377241,0.14673292815340386,0.20868777369507224
9809,0.5729890764647467,0.14678725834405765,0.2087516670441106
9810,0.5730474910917693,0.14684157949851698,0.2088155378886988
9811,0.5731059057187919,0.14689589161903602,0.20887938624072444
9812,0.5731643203458145,0.14695019470786816,0.2089432121120668
9813,0.5732227349728372,0.14700448876726607,0.2090070155145968
9814,0.5732811495998598,0.1470587737994817,0.20907079646017698
9815,0.5733395642268824,0.14711304980676618,0.20913455496066158
9816,0.573397978853905,0.1471673167913699,0.20919829102789644
9817,0.5734563934809276,0.1472215747555426,0.20926200467371914
9818,0.5735148081079502,0.14727582370153314,0.2093256959099588
9819,0.5735732227349728,0.14733006363158974,0.20938936474843636
9820,0.5736316373619954,0.14738429454795976,0.20945301120096438
9821,0.573690051989018,0.14743851645288994,0.20951663527934714
9822,0.5737484666160406,0.14749272934862617,0.2095802369953806
9823,0.5738068812430632,0.14754693323741366,0.20964381636085244
9824,0.5738652958700858,0.14760112812149687,0.20970737338754203
9825,0.5739237104971084,0.1476553204708713,0.20977090808722054
9826,0.573982125124131,0.14770952098269835,0.20983442047165077
9827,0.5740405397511537,0.14776379799465197,0.20989791055258736
9828,0.5740989543781763,0.14781806730088773,0.20996137834177658
9829,0.5741573690051989,0.14787241383340263,0.21002482385095658
9830,0.5742157836322215,0.1479268218398481,0.2100882470918572
9831,0.5742741982592441,0.1479812637543772,0.21015164807620001
9832,0.5743326128862667,0.1480356907591729,0.21021502681569845
9833,0.5743910275132893,0.14809010286035915,0.21027838332205767
9834,0.5744494421403119,0.14814450006405666,0.21034171760697465
9835,0.5745078567673345,0.14819888237638282,0.21040502968213812
9836,0.5745662713943571,0.14825324980345156,0.21046831955922865
9837,0.5746246860213797,0.14830767635151776,0.21053158724991863
9838,0.5746831006484023,0.14836211900619753,0.2105948327658722
9839,0.5747415152754249,0.14841658613654518,0.21065805611874547
9840,0.5747999299024475,0.14847108314171928,0.2107212573201862
9841,0.5748583445294702,0.14852560179331925,0.2107844363818341
9842,0.5749167591564928,0.14858012820840635,0.2108475933153207
9843,0.5749751737835154,0.14863469384005285,0.21091072813226944
9844,0.575033588410538,0.14868925041751616,0.2109738408442955
9845,0.5750920030375606,0.14874382172780273,0.21103693146300603
9846,0.5751504176645832,0.14879839517713547,0.2111
9847,0.5752088322916058,0.14885301458635694,0.2111630464668683
9848,0.5752672469186284,0.14890764587105615,0.21122607087519368
9849,0.575325661545651,0.14896233657604604,0.2112890732365508
9850,0.5753840761726736,0.14901703993723336,0.21135205356250625
9851,0.5754424907996962,0.1490717409304666,0.21141501186461845
9852,0.5755009054267188,0.14912645424418738,0.21147794815443785
9853,0.5755593200537414,0.1491812042917909,0.2115408624435067
9854,0.575617734680764,0.1492360662974372,0.2116037547433593
9855,0.5756761493077867,0.14929093790898632,0.2116666250655218
9856,0.5757345639348093,0.14934582208499514,0.21172947342151235
9857,0.5757929785618319,0.1494007096361539,0.21179229982284103
9858,0.5758513931888545,0.1494555983006775,0.21185510428100987
9859,0.5759098078158771,0.1495105261597475,0.21191788680751292
9860,0.5759682224428997,0.14956555632847016,0.2119806474138361
9861,0.5760266370699223,0.14962058189489255,0.21204338611145743
9862,0.5760850516969449,0.14967559927115648,0.21210610291184684
9863,0.5761434663239675,0.14973060845909036,0.21216879782646628
9864,0.5762018809509901,0.14978560946052213,0.2122314708667697
9865,0.5762602955780127,0.14984060227727908,0.21229412204420303
9866,0.5763187102050353,0.149895586911188,0.2123567513702043
9867,0.5763771248320579,0.14995056336407522,0.21241935885620344
9868,0.5764355394590805,0.1500055461795796,0.21248194451362254
9869,0.5764939540861032,0.15006053459790084,0.21254450835387564
9870,0.5765523687131258,0.15011551658931582,0.21260705038836886
9871,0.5766107833401484,0.1501705163276656,0.2126695706285003
9872,0.576669197967171,0.1502256623935504,0.21273206908566025
9873,0.5767276125941936,0.1502808062650523,0.21279454577123094
9874,0.5767860272212162,0.15033599870929149,0.21285700069658672
9875,0.5768444418482388,0.15039123490481154,0.21291943387309406
9876,0.5769028564752614,0.15044646069720044,0.21298184531211142
9877,0.576961271102284,0.15050171475988153,0.21304423502498943
9878,0.5770196857293066,0.15055694874714717,0.2131066030230708
9879,0.5770781003563292,0.15061216266993638,0.21316894931769034
9880,0.5771365149833518,0.15066735653918015,0.21323127392017496
9881,0.5771949296103744,0.15072257458140303,0.21329357684184372
9882,0.577253344237397,0.1507778407603465,0.21335585809400776
9883,0.5773117588644197,0.15083312315694486,0.2134181176879704
9884,0.5773701734914423,0.15088840940707496,0.21348035563502707
9885,0.5774285881184649,0.1509436919315355,0.21354257194646536
9886,0.5774870027454875,0.15099898583822988,0.21360476663356504
9887,0.5775454173725101,0.151054358899415,0.21366693970759798
9888,0.5776038319995327,0.1511097243671253,0.21372909117982827
9889,0.5776622466265553,0.1511650984642462,0.21379122106151213
9890,0.5777206612535779,0.15122049349980363,0.21385332936389798
9891,0.5777790758806005,0.15127598427092698,0.21391541609822648
9892,0.5778374905076231,0.15133146132108072,0.21397748127573038
9893,0.5778959051346457,0.1513869246553533,0.2140395249076347
9894,0.5779543197616683,0.151442438661299,0.21410154700515668
9895,0.5780127343886909,0.1514981264091393,0.21416354757950573
9896,0.5780711490157135,0.15155385376079908,0.21422552664188352
9897,0.5781295636427362,0.15160957119592589,0.2142874829763526
9898,0.5781879782697588,0.15166530958552235,0.214349376114082
9899,0.5782463928967814,0.15172116125991153,0.21441124780316345
9900,0.578304807523804,0.15177705129175334,0.21447309805474435
9901,0.5783632221508266,0.1518329339592953,0.21453492687996437
9902,0.5784216367778492,0.15188880926399287,0.21459673428995546
9903,0.5784800514048718,0.15194467720730104,0.2146585202958419
9904,0.5785384660318944,0.15200053779067446,0.21472028490874018
9905,0.578596880658917,0.15205639101556748,0.21478202813975916
9906,0.5786552952859396,0.15211223688343398,0.21484539140321823
9907,0.5787137099129622,0.1521680753957274,0.21490870456847774
9908,0.5787721245399848,0.15222390655390097,0.2149719676949295
9909,0.5788305391670074,0.1522797303594074,0.21503518084187137
9910,0.57888895379403,0.15233554351380693,0.21510207104243292
9911,0.5789473684210527,0.15239134666618678,0.2151689414319915
9912,0.5790057830480753,0.15244714247182273,0.21523579201934703
9913,0.5790641976750979,0.15250293093216558,0.21530262281329418
9914,0.5791226123021205,0.15255871204866564,0.2153694338226224
9915,0.5791810269291431,0.15261448582277296,0.21543622505611604
9916,0.5792394415561657,0.1526702522559371,0.21550299652255409
9917,0.5792978561831883,0.15272601134960734,0.21556974823071043
9918,0.5793562708102109,0.15278176310523248,0.21563648018935377
9919,0.5794146854372335,0.15283750752426098,0.21570319240724764
9920,0.5794731000642561,0.15289324460814097,0.21576988489315027
9921,0.5795315146912787,0.15294897217863654,0.21583655765581486
9922,0.5795899293183013,0.15300467902207113,0.21590321070398935
9923,0.5796483439453239,0.15306037853879642,0.2159698440464165
9924,0.5797067585723465,0.15311607073025774,0.21603645769183397
9925,0.5797651731993692,0.15317175559790003,0.21610305164897417
9926,0.5798235878263918,0.1532274331431679,0.21616962592656438
9927,0.5798820024534144,0.15328310336750556,0.21623618053332677
9928,0.579940417080437,0.15333876627235682,0.21630271547797827
9929,0.5799988317074596,0.15339442185916516,0.21636923076923076
9930,0.5800572463344822,0.15345007012937362,0.2164357264157909
9931,0.5801156609615048,0.15350571108442487,0.2165022024263602
9932,0.5801740755885274,0.15356134472576127,0.2165686588096351
9933,0.58023249021555,0.1536169710548247,0.21663509557430688
9934,0.5802909048425726,0.15367259007305675,0.21670151272906163
9935,0.5803493194695952,0.15372820178189858,0.21676791028258036
9936,0.5804077340966178,0.15378380618279097,0.21683428824353898
9937,0.5804661487236404,0.15383940327717435,0.21690064662060826
9938,0.580524563350663,0.15389498524686177,0.21696698542245385
9939,0.5805829779776857,0.15395054769211866,0.21703330465773626
9940,0.5806413926047083,0.15400609951652913,0.21709960433511097
9941,0.5806998072317309,0.15406164386680576,0.21716588446322824
9942,0.5807582218587535,0.1541171851896121,0.21723214505073335
9943,0.5808166364857761,0.15417271921960332,0.21729838610626642
9944,0.5808750511127987,0.1542282459582157,0.2173646076384625
9945,0.5809334657398213,0.15428376540688515,0.21743080965595146
9946,0.5809918803668439,0.15433927756704716,0.21749699216735827
9947,0.5810502949938665,0.1543947824401369,0.21756315518130262
9948,0.5811087096208891,0.15445028002758912,0.21762929870639927
9949,0.5811671242479117,0.15450577033083823,0.21769542275125783
9950,0.5812255388749343,0.1545612533513182,0.21776152732448284
9951,0.5812839535019569,0.1546167290904627,0.2178276124346738
9952,0.5813423681289795,0.154672197549705,0.21789367809042515
9953,0.5814007827560022,0.15472765873047795,0.21795972430032623
9954,0.5814591973830248,0.15478311263421404,0.21802575107296138
9955,0.5815176120100474,0.15483855926234547,0.21809175841690984
9956,0.58157602663707,0.15489399861630393,0.21815774634074583
9957,0.5816344412640926,0.15494943069752085,0.21822371485303851
9958,0.5816928558911152,0.15500485550742718,0.21828966396235203
9959,0.5817512705181377,0.1550602730474536,0.21835559367724544
9960,0.5818096851451603,0.15511568331903033,0.21842150400627283
9961,0.5818680997721829,0.15517108632358728,0.2184873949579832
9962,0.5819265143992055,0.1552264820625539,0.21855326654092055
9963,0.5819849290262281,0.15528187948594374,0.2186191187636239
9964,0.5820433436532507,0.15533732986702356,0.21868495163462714
9965,0.5821017582802733,0.15539283627786266,0.21875076516245928
9966,0.5821601729072959,0.15544833668606653,0.21881655935564423
9967,0.5822185875343185,0.15550383109260885,0.2188823342227009
9968,0.5822770021613412,0.1555594695919941,0.21894808977214322
9969,0.5823354167883638,0.15561514170546364,0.21901382601248012
9970,0.5823938314153864,0.15567078915969693,0.21907954295221552
9971,0.582452246042409,0.15572644235288055,0.21914524059984833
9972,0.5825106606694316,0.15578210109330395,0.21921091896387251
9973,0.5825690752964542,0.15583780905188827,0.21927657805277703
9974,0.5826274899234768,0.15589350483526812,0.21934221787504585
9975,0.5826859045504994,0.1559493464738837,0.21940783843915795
9976,0.582744319177522,0.15600523274513858,0.2194734397535874
9977,0.5828027338045446,0.15606128348668932,0.2195390218268032
9978,0.5828611484315672,0.15611737211211207,0.21960458466726948
9979,0.5829195630585898,0.15617345856662085,0.21967012828344532
9980,0.5829779776856124,0.15622972666619658,0.2197356526837849
9981,0.583036392312635,0.15628598983370376,0.21980115787673743
9982,0.5830948069396577,0.15634229459918808,0.21986664387074714
9983,0.5831532215666803,0.15639864252057947,0.21993211067425333
9984,0.5832116361937029,0.1564549842780661,0.2199975582956904
9985,0.5832700508207255,0.15651134923808885,0.2200629867434877
9986,0.5833284654477481,0.15656774232123372,0.22012839602606976
9987,0.5833868800747707,0.15662412655265842,0.2201937861518561
9988,0.5834452947017933,0.1566805019344469,0.22025915712926133
9989,0.5835037093288159,0.15673686846868248,0.22032450896669514
9990,0.5835621239558385,0.1567932887859082,0.22038984167256226
9991,0.5836205385828611,0.1568497026473898,0.22045515525526257
9992,0.5836789532098837,0.15690611005423524,0.220520449723191
9993,0.5837373678369063,0.15696251100755224,0.2205857250847375
9994,0.5837957824639289,0.15701902730534348,0.2206509813482872
9995,0.5838541970909515,0.1570755325207599,0.22071621852222031
9996,0.5839126117179742,0.1571320266570609,0.22078143661491212
9997,0.5839710263449968,0.15718850971750464,0.22084663563473303
9998,0.5840294409720194,0.15724498170534798,0.2209118155900485
9999,0.584087855599042,0.15730144262384652,0.22097697648921916
10000,0.5841462702260646,0.1573580886739991,0.22104211834060072
10001,0.5842046848530872,0.15741473221042776,0.22110724115254402
10002,0.5842630994801098,0.15747143189486248,0.22117234493339502
10003,0.5843215141071324,0.15752811713720205,0.2212374296914948
10004,0.584379928734155,0.1575848455623767,0.22130249543517955
10005,0.5844383433611776,0.1576415887626361,0.2213675421727806
10006,0.5844967579882002,0.1576984042255703,0.22143256991262444
10007,0.5845551726152228,0.15775522631665564,0.22149757866303263
10008,0.5846135872422454,0.15781209975561145,0.22156256843232194
10009,0.584672001869268,0.15786899986652259,0.2216275392288043
10010,0.5847304164962907,0.1579258939428013,0.22169249106078665
10011,0.5847888311233133,0.15798278198540758,0.22175742393657125
10012,0.5848472457503359,0.1580396639953012,0.2218223378644554
10013,0.5849056603773585,0.15809661134487166,0.22188723285273165
10014,0.5849640750043811,0.15815354448310806,0.2219521089096876
10015,0.5850224896314037,0.15821046341532946,0.22201696604360613
10016,0.5850809042584263,0.15826738454336775,0.22208180426276522
10017,0.5851393188854489,0.15832429495645506,0.222146623575438
10018,0.5851977335124715,0.1583812725987983,0.22221142398989285
10019,0.5852561481394941,0.15843825286309224,0.22227617013012235
10020,0.5853145627665167,0.1584952154815952,0.22234083850931677
10021,0.5853729773935393,0.15855216046250284,0.22240543161978663
10022,0.5854313920205619,0.15860908781400565,0.22247000363592292
10023,0.5854898066475845,0.15866599754428912,0.2225345287133511
10024,0.5855482212746072,0.15872294055545566,0.22259900690323361
10025,0.5856066359016298,0.15877987118297385,0.2226634382566586
10026,0.5856650505286524,0.1588367877597957,0.22272793298794363
10027,0.585723465155675,0.158893735040363,0.2227924089852827
10028,0.5857818797826976,0.1589506722058623,0.2228568662568372
10029,0.5858402944097202,0.15900761618333603,0.22292130481076372
10030,0.5858987090367428,0.15906458865872314,0.22298572465521413
10031,0.5859571236637654,0.1591215936930042,0.22305012579833558
10032,0.586015538290788,0.15917867058884963,0.22311450824827053
10033,0.5860739529178106,0.159235821601362,0.22317887201315662
10034,0.5861323675448332,0.1592930437660209,0.22324321710112685
10035,0.5861907821718558,0.15935026060940177,0.2233075435203095
10036,0.5862491967988784,0.15940755365214948,0.22337185127882803
10037,0.586307611425901,0.15946484110310863,0.2234361403848013
10038,0.5863660260529237,0.15952212296309778,0.22350041084634348
10039,0.5864244406799463,0.15957939923293543,0.22356466267156389
10040,0.5864828553069689,0.1596366699134398,0.2236288958685673
10041,0.5865412699339915,0.15969393306572197,0.22369311044545367
10042,0.5865996845610141,0.15975118887661865,0.22375730641031835
10043,0.5866580991880367,0.1598084391013567,0.22382148377125194
10044,0.5867165138150593,0.1598656837407535,0.22388564253634036
10045,0.5867749284420819,0.15992292279562645,0.2239497827136649
10046,0.5868333430691045,0.15998015626679268,0.22401390431130208
10047,0.5868917576961271,0.16003738263568487,0.2240780073373238
10048,0.5869501723231497,0.16009459877188023,0.2241420917997973
10049,0.5870085869501723,0.16015180467812315,0.22420615770678506
10050,0.5870670015771949,0.16020900035715693,0.22427020506634499
10051,0.5871254162042175,0.16026618581172394,0.2243342338865303
10052,0.5871838308312401,0.1603233643286784,0.2243982441753895
10053,0.5872422454582628,0.1603805453809353,0.22446223594096654
10054,0.5873006600852854,0.16043772085862174,0.22452620919130056
10055,0.587359074712308,0.16049489076255286,0.22459016393442624
10056,0.5874174893393306,0.1605520550935437,0.22465410017837342
10057,0.5874759039663532,0.16060921385240906,0.22471801793116744
10058,0.5875343185933758,0.16066636703996365,0.22478191720082896
10059,0.5875927332203984,0.16072351465702198,0.22484579799537394
10060,0.587651147847421,0.1607806567043984,0.2249096603228138
10061,0.5877095624744436,0.1608377931829071,0.22497350419115522
10062,0.5877679771014662,0.1608949240933622,0.22503732960840037
10063,0.5878263917284888,0.1609520494365775,0.2251011365825467
10064,0.5878848063555114,0.16100916921336678,0.22516492512158715
10065,0.587943220982534,0.16106628342454357,0.22522869523350986
10066,0.5880016356095566,0.1611233920709213,0.22529244692629857
10067,0.5880600502365793,0.16118049515331323,0.22535617326958654
10068,0.5881184648636019,0.16123759267253243,0.2254197794806505
10069,0.5881768794906245,0.16129468462939187,0.225483367359193
10070,0.5882352941176471,0.1613517710247043,0.22554693691313848
10071,0.5882937087446697,0.16140885156498777,0.225610488150407
10072,0.5883521233716923,0.16146592369613413,0.22567402107891388
10073,0.5884105379987149,0.1615229902687832,0.22573753570657001
10074,0.5884689526257375,0.16158005128374694,0.22580103204128166
10075,0.5885273672527601,0.16163710674183726,0.22586451009095054
10076,0.5885857818797827,0.1616941566438658,0.22592796986347385
10077,0.5886441965068053,0.16175120099064416,0.22599141136674425
10078,0.5887026111338279,0.16180823978298367,0.22605483460864975
10079,0.5887610257608505,0.16186527974906595,0.226118239597074
10080,0.5888194403878731,0.16192235050071607,0.2261816263398959
10081,0.5888778550148958,0.1619794535339462,0.22624499484499005
10082,0.5889362696419184,0.16203654878619264,0.2263083451202263
10083,0.588994684268941,0.16209363625904574,0.22637167717347012
10084,0.5890530988959636,0.16215071595409528,0.22643499101258238
10085,0.5891115135229862,0.1622077878729307,0.22649828664541946
10086,0.5891699281500088,0.16226489964747426,0.22656156407983324
10087,0.5892283427770314,0.16232203507663961,0.22662645411460577
10088,0.589286757404054,0.16237916358256274,0.22669410413476263
10089,0.5893451720310766,0.16243628208567643,0.22676170884562025
10090,0.5894035866580992,0.16249339058860757,0.22682926829268293
10091,0.5894620012851218,0.16255048909398218,0.22689678252139409
10092,0.5895204159121444,0.16260757760442532,0.2269642515771363
10093,0.589578830539167,0.16266465612256112,0.22703167550523148
10094,0.5896372451661896,0.16272172465101284,0.22709905435094088
10095,0.5896956597932123,0.16277878319240274,0.227167450633939
10096,0.5897540744202349,0.16283583533558862,0.2272358305877859
10097,0.5898124890472575,0.16289290718788413,0.2273041942183285
10098,0.5898709036742801,0.16294996794658792,0.22737254153141112
10099,0.5899293183013027,0.1630070176149342,0.22744087253287512
10100,0.5899877329283253,0.163064056196156,0.22750918722855915
10101,0.5900461475553479,0.16312108369348496,0.2275774856242991
10102,0.5901045621823705,0.16317810011015163,0.22764576772592804
10103,0.5901629768093931,0.16323510544938516,0.22771403353927624
10104,0.5902213914364157,0.16329209971441355,0.22778228307017126
10105,0.5902798060634383,0.16334908290846345,0.22785051632443776
10106,0.5903382206904609,0.16340605503476036,0.22791873330789775
10107,0.5903966353174835,0.16346301609652844,0.22798693402637038
10108,0.5904550499445061,0.16351996609699063,0.22805511848567206
10109,0.5905134645715288,0.16357690503936864,0.2281232866916164
10110,0.5905718791985514,0.1636338329268829,0.2281914386500143
10111,0.590630293825574,0.16369074976275264,0.22825957436667382
10112,0.5906887084525966,0.16374765555019571,0.2283276938474003
10113,0.5907471230796192,0.16380466740632277,0.22839579709799623
10114,0.5908055377066418,0.16386168950543156,0.2284638841242615
10115,0.5908639523336644,0.1639186950070205,0.22853195493199305
10116,0.590922366960687,0.1639756839183351,0.2286000095269852
10117,0.5909807815877096,0.16403265624661675,0.2286680479150294
10118,0.5910391962147322,0.16408961199910252,0.22873607010191446
10119,0.5910976108417548,0.16414655118302532,0.22880407609342635
10120,0.5911560254687774,0.16420347380561387,0.22887206589534828
10121,0.5912144400958,0.16426037987409267,0.22894003951346076
10122,0.5912728547228226,0.16431726939568198,0.22900799695354151
10123,0.5913312693498453,0.1643741423775979,0.22907593822136552
10124,0.5913896839768678,0.16443110713654183,0.229143863322705
10125,0.5914480986038904,0.16448806514574046,0.22921177226332945
10126,0.591506513230913,0.16454509492419336,0.22927966504900563
10127,0.5915649278579356,0.16460209708953827,0.22934754168549748
10128,0.5916233424849582,0.16465907166182522,0.22941540217856632
10129,0.5916817571119808,0.1647160528200246,0.22948324653397065
10130,0.5917401717390034,0.16477305014227736,0.22955107475746622
10131,0.591798586366026,0.16483004949528135,0.2296188868548061
10132,0.5918570009930486,0.1648870675736942,0.2296866828317406
10133,0.5919154156200712,0.16494407592223714,0.22975446269401725
10134,0.5919738302470938,0.1650011147249551,0.22982222644738093
10135,0.5920322448741164,0.16505814754329304,0.22988997409757372
10136,0.592090659501139,0.1651151858971652,0.22995770565033502
10137,0.5921490741281616,0.16517222001353155,0.23002542111140148
10138,0.5922074887551843,0.1652292558525384,0.23009312048650704
10139,0.5922659033822069,0.16528628814572385,0.23016080378138287
10140,0.5923243180092295,0.16534331689341855,0.23022847100175747
10141,0.5923827326362521,0.1654004391159321,0.2302961221533566
10142,0.5924411472632747,0.16545759809622876,0.2303637572419033
10143,0.5924995618902973,0.1655148204299727,0.2304313762731179
10144,0.5925579765173199,0.16557209812376655,0.23049897925271803
10145,0.5926163911443425,0.1656296355003975,0.23056656618641855
10146,0.5926748057713651,0.16568718476934813,0.23063413707993166
10147,0.5927332203983877,0.1657447247667731,0.2307016919389668
10148,0.5927916350254103,0.16580225549491284,0.23076923076923078
10149,0.5928500496524329,0.16585981931233626,0.23083667037888303
10150,0.5929084642794555,0.1659174020348006,0.2309040940106141
10151,0.5929668789064781,0.16597499495207466,0.23097150167010164
10152,0.5930252935335008,0.16603257697390375,0.23103889336302053
10153,0.5930837081605234,0.16609015582620498,0.23110626909504298
10154,0.593142122787546,0.1661477384673372,0.2311736288718386
10155,0.5932005374145686,0.16620531749252676,0.23124097269907418
10156,0.5932589520415912,0.16626299234351452,0.23130830058241394
10157,0.5933173666686138,0.16632069345272354,0.23137561252751934
10158,0.5933757812956364,0.16637839465674648,0.23144290854004923
10159,0.593434195922659,0.16643609678397775,0.23151018862565972
10160,0.5934926105496816,0.1664937939851093,0.23157745279000427
10161,0.5935510251767042,0.16655148319783114,0.23164470103873364
10162,0.5936094398037268,0.1666091621978421,0.231711933377496
10163,0.5936678544307494,0.16666683096405877,0.2317791498119367
10164,0.593726269057772,0.1667244756177181,0.23184635034769857
10165,0.5937846836847946,0.1667821045169677,0.2319135349904217
10166,0.5938430983118173,0.1668397176603416,0.23198070374574348
10167,0.5939015129388399,0.16689757006369094,0.2320478566192987
10168,0.5939599275658625,0.16695543357035217,0.23211499361671947
10169,0.5940183421928851,0.16701328814645852,0.2321821147436352
10170,0.5940767568199077,0.16707113379407734,0.2322492200056727
10171,0.5941351714469303,0.16712897943296937,0.23231630940845602
10172,0.5941935860739529,0.16718681729876284,0.2323833829576067
10173,0.5942520007009755,0.16724463454174465,0.23245044065874348
10174,0.5943104153279981,0.16730244509596684,0.23251748251748253
10175,0.5943688299550207,0.16736024896259008,0.23258450853943732
10176,0.5944272445820433,0.16741805700737092,0.23265151873021872
10177,0.5944856592090659,0.16747586535534517,0.2327185130954349
10178,0.5945440738360885,0.1675337235786607,0.23278549164069143
10179,0.5946024884631111,0.16759169722454595,0.23285245437159116
10180,0.5946609030901338,0.16764967727281185,0.23291940129373437
10181,0.5947193177171564,0.16770766264352557,0.23298633241271866
10182,0.594777732344179,0.1677657273512864,0.23305324773413896
10183,0.5948361469712016,0.16782383240904936,0.23312014726358765
10184,0.5948945615982242,0.16788192767271545,0.2331870310066544
10185,0.5949529762252468,0.16794001314476079,0.23325389896892623
10186,0.5950113908522694,0.16799808882766062,0.23332075115598755
10187,0.595069805479292,0.16805615472388943,0.23338758757342015
10188,0.5951282201063146,0.1681142108359208,0.23345440822680316
10189,0.5951866347333372,0.16817225716622747,0.2335212131217131
10190,0.5952450493603598,0.1682302937172814,0.23358800226372384
10191,0.5953034639873824,0.16828832049155373,0.23365477565840662
10192,0.595361878614405,0.16834633749151467,0.23372153331133008
10193,0.5954202932414276,0.16840434471963373,0.23378827522806025
10194,0.5954787078684503,0.16846234217837944,0.23385500141416046
10195,0.5955371224954729,0.16852032987021964,0.23392171187519148
10196,0.5955955371224955,0.16857830779762126,0.23398840661671144
10197,0.5956539517495181,0.16863627596305042,0.23405508564427585
10198,0.5957123663765407,0.16869423436897238,0.23412174896343763
10199,0.5957707810035633,0.1687521830178516,0.23418839657974702
10200,0.5958291956305859,0.16881012191215175,0.2342550284987517
10201,0.5958876102576085,0.16886805105433556,0.23432164472599676
10202,0.5959460248846311,0.16892597044686505,0.2343882452670246
10203,0.5960044395116537,0.16898388009220133,0.23445483012737503
10204,0.5960628541386763,0.16904177999280473,0.23452139931258534
10205,0.5961212687656989,0.1690996701511347,0.2345879528281901
10206,0.5961796833927215,0.1691575679373008,0.23465449067972133
10207,0.5962380980197441,0.16921551168215307,0.23472101287270844
10208,0.5962965126467668,0.16927352861598186,0.23478751941267825
10209,0.5963549272737894,0.16933154013222645,0.23485401030515493
10210,0.596413341900812,0.1693895586231425,0.2349204855556601
10211,0.5964717565278346,0.16944772215105813,0.2349869451697128
10212,0.5965301711548572,0.1695059278760403,0.2350533891528294
10213,0.5965885857818798,0.169564139267521,0.23511981751052372
10214,0.5966470004089024,0.1696223301565501,0.235186230248307
10215,0.596705415035925,0.16968060524758802,0.23525262737168787
10216,0.5967638296629476,0.16973890983296527,0.23531900888617235
10217,0.5968222442899702,0.16979719948821012,0.23538537479726396
10218,0.5968806589169928,0.16985547421905658,0.23545172511046347
10219,0.5969390735440154,0.16991373403123577,0.23551805983126925
10220,0.596997488171038,0.16997197893047583,0.23558437896517692
10221,0.5970559027980606,0.170030208922502,0.23565068251767968
10222,0.5971143174250833,0.17008842401303656,0.23571697049426799
10223,0.5971727320521059,0.17014662420779894,0.23578324290042985
10224,0.5972311466791285,0.1702049364438547,0.23584949974165062
10225,0.5972895613061511,0.17026331870293826,0.2359157410234131
10226,0.5973479759331737,0.17032169274734682,0.2359819667511975
10227,0.5974063905601963,0.17038005857881405,0.23604817693048152
10228,0.5974648051872189,0.17043841619907307,0.23611437156674023
10229,0.5975232198142415,0.1704967656098566,0.2361805506654461
10230,0.5975816344412641,0.1705551173340139,0.23624671423206908
10231,0.5976400490682867,0.1706134720874416,0.2363128622720766
10232,0.5976984636953093,0.1706718611884712,0.2363789947909334
10233,0.5977568783223319,0.17073028290984368,0.23644511179410177
10234,0.5978152929493545,0.17078873702949104,0.2365112132870414
10235,0.5978737075763771,0.1708471874134674,0.23657729927520935
10236,0.5979321222033998,0.17090563406213086,0.23664336976406022
10237,0.5979905368304224,0.17096407697583946,0.23670942475904602
10238,0.598048951457445,0.1710225161549512,0.23677546426561621
10239,0.5981073660844676,0.17108095159982406,0.23684148828921764
10240,0.5981657807114902,0.1711393833108159,0.23690749683529466
10241,0.5982241953385128,0.17119781128828468,0.23697348990928907
10242,0.5982826099655354,0.17125623347969077,0.2370394675166401
10243,0.598341024592558,0.1713146515931751,0.23710542966278442
10244,0.5983994392195806,0.1713730659745161,0.2371713763531562
10245,0.5984578538466032,0.1714314762993119,0.23723730759318698
10246,0.5985162684736258,0.17148986983652792,0.23730322338830584
10247,0.5985746831006484,0.17154825359930875,0.2373691237439393
10248,0.598633097727671,0.17160663689579275,0.23743500866551126
10249,0.5986915123546936,0.17166501646398535,0.2375008781584432
10250,0.5987499269817163,0.17172339230424363,0.23756673222815397
10251,0.5988083416087389,0.17178176441692472,0.23763257088005993
10252,0.5988667562357615,0.17184013280238558,0.23769839411957489
10253,0.5989251708627841,0.17189849506070087,0.2377642019521101
10254,0.5989835854898067,0.17195685003144848,0.23782999438307434
10255,0.5990420001168293,0.1720151999046872,0.23789577141787377
10256,0.5991004147438519,0.17207354215857484,0.23796153306191212
10257,0.5991588293708745,0.17213188068846003,0.2380272793205905
10258,0.5992172439978971,0.17219021549469926,0.23809301019930756
10259,0.5992756586249197,0.1722487603504913,0.23815872570345942
10260,0.5993340732519423,0.17230738117890848,0.23822442583843959
10261,0.5993924878789649,0.17236611862997608,0.23829011060963917
10262,0.5994509025059875,0.17242484935762037,0.2383557800224467
10263,0.5995093171330101,0.1724835636051675,0.23842143408224814
10264,0.5995677317600328,0.17254232143368353,0.23848707279442705
10265,0.5996261463870554,0.17260111131530184,0.23855269616436436
10266,0.599684561014078,0.17265989085737418,0.23861830419743854
10267,0.5997429756411006,0.17271865072761466,0.23868389689902555
10268,0.5998013902681232,0.17277742848466227,0.2387494742744988
10269,0.5998598048951458,0.17283624119632002,0.23881503632922926
10270,0.5999182195221684,0.1728950440037221,0.2388805830685853
10271,0.599976634149191,0.1729538929142857,0.23894611449793288
10272,0.6000350487762136,0.17301275595296048,0.23901163062263533
10273,0.6000934634032362,0.1730717177037148,0.23907713144805362
10274,0.6001518780302588,0.17313066537143323,0.23914261697954609
10275,0.6002102926572814,0.17318959896116076,0.23920808722246867
10276,0.600268707284304,0.17324851847794,0.2392735421821747
10277,0.6003271219113266,0.17330742392681114,0.23933898186401512
10278,0.6003855365383493,0.17336631531281196,0.2394044062733383
10279,0.6004439511653719,0.17342519264097783,0.23946981541549017
10280,0.6005023657923945,0.17348405591634172,0.2395352092958141
10281,0.6005607804194171,0.17354301611698192,0.23960058791965097
10282,0.6006191950464397,0.17360197097052596,0.23966595129233928
10283,0.6006776096734623,0.17366092047770118,0.2397312994192149
10284,0.6007360243004849,0.17371986817346027,0.23979663230561127
10285,0.6007944389275075,0.1737789037871431,0.23986194995685936
10286,0.6008528535545301,0.17383797273661458,0.23992725237828763
10287,0.6009112681815527,0.17389710460924251,0.23999253957522207
10288,0.6009696828085752,0.17395622327932722,0.24005781155298617
10289,0.6010280974355978,0.17401533174000838,0.24012306831690092
10290,0.6010865120626204,0.17407443174215445,0.2401883098722849
10291,0.601144926689643,0.17413352328758094,0.24025353622445414
10292,0.6012033413166656,0.17419260637810285,0.24031874737872222
10293,0.6012617559436882,0.17425168101553465,0.24038394334040025
10294,0.6013201705707109,0.17431074720169035,0.24044912411479688
10295,0.6013785851977335,0.17436979491267812,0.24051428970721822
10296,0.6014369998247561,0.17442883397463105,0.240579440122968
10297,0.6014954144517787,0.1744878645936719,0.2406445753673474
10298,0.6015538290788013,0.17454688677161168,0.2407096954456552
10299,0.6016122437058239,0.17460590051026073,0.24077480036318766
10300,0.6016706583328465,0.17466490581142904,0.2408398901252386
10301,0.6017290729598691,0.17472390267692597,0.24090496473709935
10302,0.6017874875868917,0.1747828911085604,0.24097002420405883
10303,0.6018459022139143,0.17484187110814067,0.24103506853140344
10304,0.6019043168409369,0.17490084267747463,0.24110009772441715
10305,0.6019627314679595,0.17495980581836962,0.24116511178838146
10306,0.6020211460949821,0.1750187605326324,0.24123011072857542
10307,0.6020795607220047,0.17507770682206933,0.24129509455027562
10308,0.6021379753490274,0.17513664468848614,0.24136006325875622
10309,0.60219638997605,0.1751955741336881,0.24142501685928888
10310,0.6022548046030726,0.17525454190671005,0.24148995535714285
10311,0.6023132192300952,0.1753135128123044,0.2415548787575849
10312,0.6023716338571178,0.17537256483240632,0.2416197870658794
10313,0.6024300484841404,0.17543159249109744,0.2416846802872882
10314,0.602488463111163,0.1754906573300453,0.24174955842707074
10315,0.6025468777381856,0.1755497608949515,0.24181442149048404
10316,0.6026052923652082,0.17560885640730559,0.24187926948278266
10317,0.6026637069922308,0.17566795188322373,0.24194410240921868
10318,0.6027221216192534,0.17572704229789463,0.2420089202750418
10319,0.602780536246276,0.17578612765196844,0.24207372308549926
10320,0.6028389508732986,0.1758452064285714,0.24213851084583585
10321,0.6028973655003212,0.17590427162233394,0.24220328356129392
10322,0.6029557801273439,0.17596332323793978,0.2422680412371134
10323,0.6030141947543665,0.17602237557578176,0.2423327838785318
10324,0.6030726093813891,0.17608142285846431,0.24239751149078415
10325,0.6031310240084117,0.1761404650866365,0.24246222407910312
10326,0.6031894386354343,0.17619950226094735,0.2425269216487189
10327,0.6032478532624569,0.17625862421824653,0.24259160420485926
10328,0.6033062678894795,0.17631773759032457,0.24265627175274954
10329,0.6033646825165021,0.17637684631160522,0.2427209242976127
10330,0.6034230971435247,0.17643594791448242,0.2427855618446692
10331,0.6034815117705473,0.17649504240024194,0.24285018439913716
10332,0.6035399263975699,0.17655412977016935,0.2429147919662322
10333,0.6035983410245925,0.17661321002554983,0.2429793845511676
10334,0.6036567556516151,0.17667228316766825,0.24304396215915414
10335,0.6037151702786377,0.17673135460779238,0.24310852479540027
10336,0.6037735849056604,0.17679042888185356,0.24317307246511197
10337,0.603831999532683,0.17684953269712994,0.2432376051734928
10338,0.6038904141597056,0.17690870330627337,0.24330212292574396
10339,0.6039488287867282,0.17696789327155382,0.24336662572706416
10340,0.6040072434137508,0.17702707199251347,0.2434311135826498
10341,0.6040656580407734,0.17708623947235613,0.2434955864976948
10342,0.604124072667796,0.17714539571428442,0.24356004447739066
10343,0.6041824872948186,0.17720454072149971,0.24362448752692656
10344,0.6042409019218412,0.1772636744972022,0.24368891565148917
10345,0.6042993165488638,0.17732279704459084,0.24375332885626289
10346,0.6043577311758864,0.17738193992531145,0.24381772714642957
10347,0.604416145802909,0.1774410765159845,0.24388211052716877
10348,0.6044745604299316,0.17750032768743418,0.24394647900365757
10349,0.6045329750569542,0.1775595708930676,0.24401083258107076
10350,0.6045913896839769,0.17761881179130573,0.24407517126458064
10351,0.6046498043109995,0.17767818102307692,0.24413949505935714
10352,0.6047082189380221,0.17773757458656833,0.24420380397056782
10353,0.6047666335650447,0.17779695500374793,0.24426809800337784
10354,0.6048250481920673,0.17785632227897996,0.24433342584882967
10355,0.6048834628190899,0.17791567641662678,0.2443987144211427
10356,0.6049418774461125,0.1779750174210488,0.24446396375572096
10357,0.6050002920731351,0.17803434529660447,0.24452917388792605
10358,0.6050587067001577,0.17809370160186475,0.24459434485307707
10359,0.6051171213271803,0.17815307176936557,0.24465947668645066
10360,0.6051755359542029,0.17821249293478442,0.24472554360371174
10361,0.6052339505812255,0.1782719383242816,0.24479154650116514
10362,0.6052923652082481,0.1783313740437857,0.24485748547181993
10363,0.6053507798352707,0.17839089613578588,0.24492336060850525
10364,0.6054091944622934,0.17845048325963353,0.2449929705685773
10365,0.605467609089316,0.17851005548848203,0.2450625676952504
10366,0.6055260237163386,0.1785697899394433,0.2451321519920732
10367,0.6055844383433612,0.17862953179215077,0.24520172346259303
10368,0.6056428529703838,0.1786893148425675,0.24527128211035595
10369,0.6057012675974064,0.17874910024994475,0.24534082793890669
10370,0.605759682224429,0.17880891017161044,0.24541036095178864
10371,0.6058180968514516,0.17886870311185765,0.24547988115254393
10372,0.6058765114784742,0.17892851061507994,0.2455493885447134
10373,0.6059349261054968,0.17898831170404708,0.2456188831318365
10374,0.6059933407325194,0.17904810935788046,0.24568836491745147
10375,0.606051755359542,0.17910789743440336,0.2457578339050952
10376,0.6061101699865646,0.179167706559198,0.24582729009830329
10377,0.6061685846135872,0.17922752744065376,0.24589673350061003
10378,0.6062269992406099,0.17928737852825954,0.2459661641155484
10379,0.6062854138676325,0.17934729705068422,0.2460355819466501
10380,0.6063438284946551,0.1794072372100143,0.2461049869974455
10381,0.6064022431216777,0.17946719434580796,0.24617437927146374
10382,0.6064606577487003,0.17952713789054842,0.24624375877223256
10383,0.6065190723757229,0.17958714878686327,0.2463131255032785
10384,0.6065774870027455,0.17964722446379996,0.24638247946812672
10385,0.6066359016297681,0.17970728159751645,0.2464518206703011
10386,0.6066943162567907,0.17976736465945745,0.2465211491133243
10387,0.6067527308838133,0.17982749755834845,0.24659046480071756
10388,0.6068111455108359,0.1798876408011091,0.24665976773600093
10389,0.6068695601378585,0.17994778688404872,0.2467290579226931
10390,0.6069279747648811,0.18000793804642684,0.2467983353643115
10391,0.6069863893919037,0.18006808315387246,0.24686760006437225
10392,0.6070448040189264,0.18012822220729982,0.2469368520263902
10393,0.607103218645949,0.18018836930511728,0.24700609125387887
10394,0.6071616332729716,0.18024850930898403,0.2470753177503505
10395,0.6072200478999942,0.1803086422201551,0.24714453151931606
10396,0.6072784625270168,0.18036876803988514,0.24721373256428522
10397,0.6073368771540394,0.18042888676942848,0.24728292088876636
10398,0.607395291781062,0.1804889944510154,0.24735209649626652
10399,0.6074537064080846,0.1805490927211699,0.24742125939029153
10400,0.6075121210351072,0.1806091839063804,0.2474904095743459
10401,0.6075705356621298,0.1806692680078997,0.24755954705193284
10402,0.6076289502891524,0.18072934427222584,0.2476286718265543
10403,0.607687364916175,0.1807894109509588,0.24769778390171088
10404,0.6077457795431976,0.18084947055052533,0.24776688328090196
10405,0.6078041941702202,0.1809095230721769,0.24783596996762566
10406,0.6078626087972429,0.1809695685171646,0.2479050439653787
10407,0.6079210234242655,0.1810296068867392,0.24797410527765662
10408,0.6079794380512881,0.18108963818215126,0.24804315390795365
10409,0.6080378526783107,0.18114966240465097,0.2481121898597627
10410,0.6080962673053333,0.18120967955548828,0.2481812131365754
10411,0.6081546819323559,0.18126968963591283,0.2482502237418822
10412,0.6082130965593785,0.18132969264717394,0.24831922167917211
10413,0.6082715111864011,0.18138968859052063,0.248388206951933
10414,0.6083299258134237,0.1814496774672017,0.24845717956365138
10415,0.6083883404404463,0.181509661943186,0.2485261395178125
10416,0.6084467550674689,0.18156963899655432,0.24859508681790032
10417,0.6085051696944915,0.18162961036660769,0.24866402146739755
10418,0.6085635843215141,0.1816895715679563,0.24873294346978558
10419,0.6086219989485367,0.18174952378880507,0.24880185282854456
10420,0.6086804135755594,0.18180946377595153,0.24887074954715338
10421,0.608738828202582,0.18186937385689209,0.24893963362908958
10422,0.6087972428296046,0.18192923038337214,0.24900850507782948
10423,0.6088556574566272,0.18198907026060313,0.24907736389684815
10424,0.6089140720836498,0.18204889241168679,0.2491462100896193
10425,0.6089724867106724,0.18210869206029426,0.24921504365961542
10426,0.609030901337695,0.1821684692191198,0.24928386461030777
10427,0.6090893159647176,0.18222822390084822,0.24935267294516625
10428,0.6091477305917402,0.18228795611815465,0.24942146866765952
10429,0.6092061452187628,0.18234766588370477,0.249490251781255
10430,0.6092645598457854,0.18240735321015475,0.2495590222894188
10431,0.609322974472808,0.18246701811015123,0.24962778019561582
10432,0.6093813890998306,0.18252666059633135,0.2496965255033096
10433,0.6094398037268532,0.18258632318459836,0.24976525821596243
10434,0.6094982183538759,0.1826459954132336,0.24983397833703544
10435,0.6095566329808985,0.18270565550363843,0.24990268586998832
10436,0.6096150476079211,0.18276530345951622,0.24997138081827963
10437,0.6096734622349437,0.18282493928456867,0.25004004851591644
10438,0.6097318768619663,0.18288456298249606,0.25010867327095104
10439,0.6097902914889889,0.18294435041218784,0.2501772603554356
10440,0.6098487061160115,0.1830042225650361,0.2502458098003796
10441,0.6099071207430341,0.18306416049223476,0.2503143216367585
10442,0.6099655353700567,0.18312419732834698,0.2503827958955139
10443,0.6100239499970793,0.18318438044753252,0.2504512326075533
10444,0.6100823646241019,0.1832445819075096,0.2505196318037505
10445,0.6101407792511245,0.18330476643138183,0.2505881009478132
10446,0.6101991938781471,0.18336493402629497,0.25065655758295463
10447,0.6102576085051697,0.18342515374766521,0.2507250017126025
10448,0.6103160231321924,0.18348536170823584,0.2507934333401831
10449,0.610374437759215,0.18354559410686905,0.2508618524691217
10450,0.6104328523862376,0.18360581761351938,0.25093025910284217
10451,0.6104912670132602,0.18366606926832277,0.25099865324476706
10452,0.6105496816402828,0.1837263532920488,0.25106703489831783
10453,0.6106080962673053,0.18378681787728393,0.25113540406691465
10454,0.6106665108943279,0.18384731933536994,0.2512037607539764
10455,0.6107249255213505,0.18390780877226307,0.2512721049629207
10456,0.6107833401483731,0.18396827641341842,0.251340436697164
10457,0.6108417547753957,0.18402877651436397,0.25140875596012136
10458,0.6109001694024183,0.18408927117764765,0.2514770627552068
10459,0.6109585840294409,0.18414980105912626,0.2515453570858329
10460,0.6110169986564635,0.18421035537695027,0.2516136389554111
10461,0.6110754132834861,0.18427091157308095,0.2516819083673516
10462,0.6111338279105087,0.1843314460442781,0.2517501653250633
10463,0.6111922425375313,0.184391991632919,0.25181840983195386
10464,0.611250657164554,0.1844525549203541,0.25188664189142973
10465,0.6113090717915766,0.18451311722022537,0.25195486150689617
10466,0.6113674864185992,0.1845736742314226,0.25202306868175706
10467,0.6114259010456218,0.18463422595463855,0.2520912634194151
10468,0.6114843156726444,0.18469477239056578,0.25215944572327187
10469,0.611542730299667,0.18475541467852621,0.2522276155967275
10470,0.6116011449266896,0.18481607535575592,0.252295773043181
10471,0.6116595595537122,0.18487672468701305,0.2523639180660302
10472,0.6117179741807348,0.18493736267548055,0.2524320506686715
10473,0.6117763888077574,0.18499798932434014,0.2525001708545003
10474,0.61183480343478,0.1850586046367724,0.25256827862691056
10475,0.6118932180618026,0.18511920861595665,0.25263637398929506
10476,0.6119516326888252,0.1851798012650711,0.25270445694504545
10477,0.6120100473158478,0.18524038258729272,0.25277252749755197
10478,0.6120684619428705,0.18530095258579726,0.2528405856502038
10479,0.6121268765698931,0.1853615112637594,0.25290863140638875
10480,0.6121852911969157,0.18542205862435251,0.25297666476949343
10481,0.6122437058239383,0.18548259467074882,0.25304468574290334
10482,0.6123021204509609,0.18554311940611942,0.2531126943300025
10483,0.6123605350779835,0.18560363283363412,0.2531806905341739
10484,0.6124189497050061,0.18566413495646167,0.2532486743587993
10485,0.6124773643320287,0.1857246257777695,0.2533166458072591
10486,0.6125357789590513,0.18578510530072395,0.25338460488293246
10487,0.6125941935860739,0.18584557352849013,0.25345255158919755
10488,0.6126526082130965,0.18590602602864664,0.25352048592943105
10489,0.6127110228401191,0.1859664580173534,0.2535884079070085
10490,0.6127694374671417,0.18602687872545962,0.2536563175253042
10491,0.6128278520941643,0.18608728815612363,0.2537242147876913
10492,0.612886266721187,0.18614768631250247,0.2537920996975417
10493,0.6129446813482096,0.18620807319775204,0.2538599722582259
10494,0.6130030959752322,0.1862684488150271,0.2539278324731134
10495,0.6130615106022548,0.1863288131674812,0.25399568034557235
10496,0.6131199252292774,0.1863891662582667,0.25406351587896975
10497,0.6131783398563,0.1864495080905348,0.2541313390766713
10498,0.6132367544833226,0.1865098386674355,0.2541991499420415
10499,0.6132951691103452,0.1865701579921177,0.25426694847844367
10500,0.6133535837373678,0.18663046606772904,0.25433473468923984
10501,0.6134119983643904,0.186690762897416,0.2544025085777909
10502,0.613470412991413,0.18675104848432394,0.25447027014745643
10503,0.6135288276184356,0.186811322831597,0.2545380194015948
10504,0.6135872422454582,0.18687158594237815,0.2546057563435633
10505,0.6136456568724808,0.1869318378198092,0.25467348097671777
10506,0.6137040714995035,0.18699207846703084,0.254741193304413
10507,0.6137624861265261,0.18705230788718247,0.2548088933300025
10508,0.6138209007535487,0.1871125260834024,0.2548765810568386
10509,0.6138793153805713,0.18717273305882778,0.2549442564882723
10510,0.6139377300075939,0.18723292881659453,0.2550119196276535
10511,0.6139961446346165,0.1872931133598375,0.25507957047833096
10512,0.6140545592616391,0.18735328669169027,0.25514720904365196
10513,0.6141129738886617,0.1874134488152853,0.2552148353269628
10514,0.6141713885156843,0.18747359973375388,0.25528244933160843
10515,0.6142298031427069,0.1875337394502261,0.2553500510609327
10516,0.6142882177697295,0.187593867967831,0.25541764051827814
10517,0.6143466323967521,0.1876539852896963,0.2554852177069861
10518,0.6144050470237747,0.18771409141894863,0.2555527826303968
10519,0.6144634616507973,0.18777418635871349,0.2556203352918491
10520,0.61452187627782,0.18783427011211512,0.2556878756946807
10521,0.6145802909048426,0.1878943426822767,0.2557554038422282
10522,0.6146387055318652,0.1879544040723202,0.2558229197378269
10523,0.6146971201588878,0.18801445428536642,0.2558904233848108
10524,0.6147555347859104,0.18807449332453502,0.25595791478651275
10525,0.614813949412933,0.18813452119294446,0.2560253939462646
10526,0.6148723640399556,0.1881945378937121,0.2560928608673967
10527,0.6149307786669782,0.18825454342995407,0.25616031555323826
10528,0.6149891932940008,0.18831453780478544,0.25622775800711745
10529,0.6150476079210234,0.18837452102132,0.256295188232361
10530,0.615106022548046,0.18843455952766658,0.2563626062322946
10531,0.6151644371750686,0.18849467968030062,0.2564299945662018
10532,0.6152228518020912,0.18855483490427294,0.256497328624468
10533,0.6152812664291138,0.18861503741910732,0.25656465048895327
10534,0.6153396810561365,0.18867522502650538,0.2566319601629697
10535,0.6153980956831591,0.1887354088650085,0.256699257649828
10536,0.6154565103101817,0.1887956131434788,0.25676654295283785
10537,0.6155149249372043,0.18885585715013087,0.25683381607530775
10538,0.6155733395642269,0.18891610717006377,0.2569010770205448
10539,0.6156317541912495,0.18897635887684378,0.2569683257918552
10540,0.6156901688182721,0.1890366126171788,0.25703556239254366
10541,0.6157485834452947,0.18909690223346554,0.25710278682591386
10542,0.6158069980723173,0.18915719525120653,0.2571699990952683
10543,0.6158654126993399,0.18921760078434674,0.2572371992039081
10544,0.6159238273263625,0.18927799830603548,0.25730438715513343
10545,0.6159822419533851,0.18933843030968286,0.2573715629522431
10546,0.6160406565804077,0.18939886850031032,0.25743872659853484
10547,0.6160990712074303,0.18945930662638624,0.25750587809730513
10548,0.616157485834453,0.1895197572717728,0.2575730174518492
10549,0.6162159004614756,0.18958022468552826,0.25764014466546115
10550,0.6162743150884982,0.1896406928912853,0.2577072597414339
10551,0.6163327297155208,0.18970114293976217,0.25777436268305914
10552,0.6163911443425434,0.1897615802807257,0.2578414534936274
10553,0.616449558969566,0.1898220473802776,0.25790853217642806
10554,0.6165079735965886,0.18988252821893933,0.25797559873474923
10555,0.6165663882236112,0.18994299864424397,0.2580426531718778
10556,0.6166248028506338,0.19000347500679124,0.2581096954910997
10557,0.6166832174776564,0.1900639773100282,0.2581767256956993
10558,0.616741632104679,0.190124604394256,0.25824374378896015
10559,0.6168000467317016,0.19018529896461403,0.2583107497741644
10560,0.6168584613587242,0.19024599004898546,0.2583777436545931
10561,0.6169168759857468,0.19030667550929867,0.25844472543352603
10562,0.6169752906127695,0.1903673553463354,0.2585116951142418
10563,0.6170337052397921,0.19042802956087718,0.25857865270001806
10564,0.6170921198668147,0.19048869713976124,0.2586455981941309
10565,0.6171505344938373,0.19054934926384579,0.2587125315998555
10566,0.6172089491208599,0.19060998593903564,0.25877945292046584
10567,0.6172673637478825,0.1906706071712326,0.2588463621592345
10568,0.6173257783749051,0.19073121905128454,0.25891325931943315
10569,0.6173841930019277,0.1907918339370555,0.25898014440433215
10570,0.6174426076289503,0.19085244321054223,0.2590470174172006
10571,0.6175010222559729,0.1909130468725241,0.2591138783613066
10572,0.6175594368829955,0.1909736449237804,0.259180727239917
10573,0.6176178515100181,0.19103423736509031,0.25924756405629734
10574,0.6176762661370407,0.19109482419723275,0.2593143888137122
10575,0.6177346807640633,0.19115540542098658,0.2593812015154249
10576,0.617793095391086,0.19121598103713053,0.2594480021646974
10577,0.6178515100181086,0.19127655104644312,0.2595147907647908
10578,0.6179099246451312,0.19133711544970275,0.25958156731896476
10579,0.6179683392721538,0.19139767424768772,0.2596483318304779
10580,0.6180267538991764,0.19145822744117613,0.25971508430258766
10581,0.618085168526199,0.19151880453223433,0.2597818247385503
10582,0.6181435831532216,0.19157949875374078,0.25984855314162086
10583,0.6182019977802442,0.19164020215946304,0.25991526951505317
10584,0.6182604124072668,0.1917009196835943,0.25998197386210004
10585,0.6183188270342894,0.19176174399498222,0.26004866618601297
10586,0.618377241661312,0.19182255799319806,0.26011534649004237
10587,0.6184356562883346,0.1918833616808646,0.26018201477743735
10588,0.6184940709153572,0.19194415506060367,0.26024867105144606
10589,0.6185524855423798,0.19200499877492996,0.2603153153153153
10590,0.6186109001694025,0.1920659569315471,0.2603819475722908
10591,0.6186693147964251,0.19212700559358611,0.260448567825617
10592,0.6187277294234477,0.19218803921233124,0.26051517607853736
10593,0.6187861440504703,0.19224905779334217,0.26058177233429397
10594,0.6188445586774929,0.19231008496978746,0.2606483565961279
10595,0.6189029733045155,0.19237112133176879,0.26071492886727893
10596,0.6189613879315381,0.19243226212154751,0.26078148915098587
10597,0.6190198025585607,0.19249340547796354,0.2608480374504861
10598,0.6190782171855833,0.19255460296869117,0.2609145737690161
10599,0.6191366318126059,0.19261579218405955,0.26098109810981096
10600,0.6191950464396285,0.19267697312574705,0.26104761047610475
10601,0.6192534610666511,0.19273816455014714,0.2611141108711303
10602,0.6193118756936737,0.1927993442495301,0.2611805992981193
10603,0.6193702903206963,0.19286041945266985,0.2612470757603023
10604,0.619428704947719,0.19292147495538203,0.2613135402609087
10605,0.6194871195747416,0.19298251076719694,0.2613799928031666
10606,0.6195455342017642,0.19304352689763876,0.26144643339030316
10607,0.6196039488287868,0.19310452335622555,0.26151286202554413
10608,0.6196623634558094,0.1931655001524692,0.2615792787121144
10609,0.619720778082832,0.19322645729587545,0.2616456834532374
10610,0.6197791927098546,0.19328739479594395,0.2617120762521356
10611,0.6198376073368772,0.19334831266216826,0.2617784571120302
10612,0.6198960219638998,0.19340927705735225,0.26184482603614134
10613,0.6199544365909224,0.19347021570090514,0.2619111830276879
10614,0.620012851217945,0.19353115023351805,0.26197752808988767
10615,0.6200712658449676,0.19359208065560693,0.26204386122595724
10616,0.6201296804719902,0.19365303263742095,0.26211018243911205
10617,0.6201880950990128,0.19371404969456485,0.2621764917325665
10618,0.6202465097260353,0.19377506516441256,0.26224278910953364
10619,0.620304924353058,0.19383610803497214,0.2623090745732255
10620,0.6203633389800806,0.1938971410824278,0.2623753481268529
10621,0.6204217536071032,0.19395816430915047,0.2624416097736256
10622,0.6204801682341258,0.19401917771751032,0.262507859516752
10623,0.6205385828611484,0.19408018130987675,0.26257409735943954
10624,0.620596997488171,0.19414123404803538,0.26264032330489445
10625,0.6206554121151936,0.1942022789293485,0.2627065373563218
10626,0.6207138267422162,0.19426331595533267,0.2627727395169256
10627,0.6207722413692388,0.19432440845579144,0.2628389297899084
10628,0.6208306559962614,0.1943855297613915,0.262905108178472
10629,0.620889070623284,0.19444666516484804,0.2629712746858169
10630,0.6209474852503066,0.19450796693842926,0.2630374293151423
10631,0.6210058998773292,0.1945693060384141,0.2631035720696464
10632,0.6210643145043518,0.19463060859021777,0.26316970295252623
10633,0.6211227291313745,0.19469189701897074,0.26323582196697776
10634,0.6211811437583971,0.19475337816083735,0.2633019291161956
10635,0.6212395583854197,0.1948149621136762,0.2633680244033734
10636,0.6212979730124423,0.19487653664755414,0.2634341078317036
10637,0.6213563876394649,0.19493810176463192,0.2635001794043775
10638,0.6214148022664875,0.19499965746706957,0.26356623912458516
10639,0.6214732168935101,0.19506120375702646,0.2636322869955157
10640,0.6215316315205327,0.1951227403893028,0.2636983230203569
10641,0.6215900461475553,0.19518424858304723,0.2637643472022956
10642,0.6216484607745779,0.19524574737667813,0.26383035954451717
10643,0.6217068754016005,0.19530723677235023,0.2638963600502062
10644,0.6217652900286231,0.1953687167722176,0.2639623487225459
10645,0.6218237046556457,0.19543018737843362,0.26402832556471856
10646,0.6218821192826683,0.19549164859315107,0.26409429057990497
10647,0.621940533909691,0.19555310041852203,0.26416023274029315
10648,0.6219989485367136,0.19561454285669794,0.26422600688391223
10649,0.6220573631637362,0.19567597590982955,0.2642917802708622
10650,0.6221157777907588,0.195737399580067,0.26435754189944133
10651,0.6221741924177814,0.19579881386955975,0.26442329177280244
10652,0.622232607044804,0.19586021878045656,0.26448902989409717
10653,0.6222910216718266,0.19592161431490565,0.264554756266476
10654,0.6223494362988492,0.1959830004750545,0.2646204708930885
10655,0.6224078509258718,0.19604437726304988,0.26468617377708287
10656,0.6224662655528944,0.19610574468103803,0.2647518649216063
10657,0.622524680179917,0.19616710273116447,0.2648175443298048
10658,0.6225830948069396,0.19622845141557407,0.26488321200482334
10659,0.6226415094339622,0.19628979073641106,0.26494886794980577
10660,0.6226999240609848,0.19635112069581895,0.2650145121678946
10661,0.6227583386880075,0.1964124412959407,0.26508014466223156
10662,0.6228167533150301,0.19647375253891852,0.26514576543595697
10663,0.6228751679420527,0.19653505442689406,0.26521137449221016
10664,0.6229335825690753,0.19659634696200826,0.26527697183412935
10665,0.6229919971960979,0.19665763014640136,0.2653425574648516
10666,0.6230504118231205,0.19671890398221303,0.26540813138751285
10667,0.6231088264501431,0.1967801629956409,0.2654736936052479
10668,0.6231672410771657,0.19684141244249773,0.2655392441211905
10669,0.6232256557041883,0.1969026525489261,0.2656047829384732
10670,0.6232840703312109,0.19696388331706252,0.2656703100602275
10671,0.6233424849582335,0.19702510474904272,0.2657358254895838
10672,0.6234008995852561,0.1970863168470019,0.26580132922967126
10673,0.6234593142122787,0.19714751961307447,0.26586682128361805
10674,0.6235177288393013,0.1972087130493943,0.2659323016545511
10675,0.623576143466324,0.19726989715809456,0.2659977703455964
10676,0.6236345580933466,0.19733107194130778,0.2660632273598787
10677,0.6236929727203692,0.19739223740116585,0.26612867270052165
10678,0.6237513873473918,0.19745339353979996,0.2661941063706478
10679,0.6238098019744144,0.19751454035934074,0.2662595283733785
10680,0.623868216601437,0.19757567786191807,0.2663249387118342
10681,0.6239266312284596,0.1976368060496613,0.26639033738913404
10682,0.6239850458554822,0.19769792492469898,0.2664557244083961
10683,0.6240434604825048,0.19775903448915916,0.2665210997727374
10684,0.6241018751095274,0.19782013474516916,0.2665864634852738
10685,0.62416028973655,0.19788122569485564,0.2666518155491201
10686,0.6242187043635726,0.19794230734034465,0.26671712225091265
10687,0.6242771189905952,0.1980033796837616,0.2667823687782302
10688,0.6243355336176178,0.19806444272723125,0.2668475601619145
10689,0.6243939482446405,0.19812549647287767,0.26691277854378864
10690,0.6244523628716631,0.1981865409228243,0.26697798532354905
10691,0.6245107774986857,0.19824757607919397,0.2670431805042914
10692,0.6245691921257083,0.19830860194410885,0.2671083640891102
10693,0.6246276067527309,0.1983696185196904,0.2671735360810991
10694,0.6246860213797535,0.19843062580805954,0.26723869648335036
10695,0.6247444360067761,0.19849162381133645,0.26730384529895534
10696,0.6248028506337987,0.19855261253164075,0.2673689825310041
10697,0.6248612652608213,0.19861359197109132,0.2674341081825859
10698,0.6249196798878439,0.1986745621318065,0.26749922225678857
10699,0.6249780945148665,0.1987355230159039,0.2675643247566991
10700,0.6250365091418891,0.1987964746255005,0.26762941568540327
10701,0.6250949237689117,0.1988574169627127,0.2676944950459857
10702,0.6251533383959343,0.19891835002965616,0.2677595628415301
10703,0.625211753022957,0.198979273828446,0.26782461907511884
10704,0.6252701676499796,0.19904018836119658,0.2678896637498334
10705,0.6253285822770022,0.1991010936300217,0.26795469686875417
10706,0.6253869969040248,0.19916198963703452,0.26801971843496025
10707,0.6254454115310474,0.19922287638434752,0.2680847284515298
10708,0.62550382615807,0.19928375387407254,0.2681497269215399
10709,0.6255622407850926,0.1993446221083208,0.26821471384806644
10710,0.6256206554121152,0.19940548108920286,0.2682796892341842
10711,0.6256790700391378,0.19946633081882864,0.2683446530829671
10712,0.6257374846661604,0.19952717129930744,0.2684096053974877
10713,0.625795899293183,0.19958800253274792,0.26847454618081756
10714,0.6258543139202056,0.19964882452125804,0.2685394754360272
10715,0.6259127285472282,0.19970963726694516,0.26860439316618595
10716,0.6259711431742508,0.19977044077191602,0.2686692993743622
10717,0.6260295578012735,0.1998312350382767,0.26873419406362303
10718,0.6260879724282961,0.19989202006813267,0.2687990772370347
10719,0.6261463870553187,0.19995279586358866,0.26886394889766224
10720,0.6262048016823413,0.20001356191171005,0.26892880904856953
10721,0.6262632163093639,0.20007431468007378,0.26899365769281947
10722,0.6263216309363865,0.20013505863361236,0.26905849483347377
10723,0.6263800455634091,0.20019579336242474,0.26912332047359316
10724,0.6264384601904317,0.20025651886861207,0.2691881346162373
10725,0.6264968748174543,0.2003172351542749,0.26925293726446464
10726,0.6265552894444769,0.20037794222151317,0.2693177284213326
10727,0.6266137040714995,0.20043864007242607,0.2693825080898976
10728,0.6266721186985221,0.20049932870911225,0.26944727627321485
10729,0.6267305333255447,0.2005600081336697,0.2695120329743385
10730,0.6267889479525673,0.20062067834819577,0.26957677819632175
10731,0.62684736257959,0.20068133935478719,0.2696415119422165
10732,0.6269057772066126,0.20074199115554003,0.2697062342150738
10733,0.6269641918336352,0.2008026337525497,0.26977094501794335
10734,0.6270226064606578,0.20086326714791103,0.2698356443538741
10735,0.6270810210876804,0.2009238913437182,0.26990033222591364
10736,0.627139435714703,0.20098450634206472,0.26996500863710854
10737,0.6271978503417256,0.2010451121450435,0.27002967359050445
10738,0.6272562649687482,0.20110570875474681,0.27009432708914577
10739,0.6273146795957708,0.20116629617326626,0.2701589691360758
10740,0.6273730942227934,0.20122687440269288,0.27022359973433696
10741,0.627431508849816,0.20128744344511698,0.27028821888697036
10742,0.6274899234768386,0.2013480033026283,0.27035282659701626
10743,0.6275483381038612,0.201408553977316,0.27041742286751363
10744,0.6276067527308838,0.20146909547126846,0.27048200770150044
10745,0.6276651673579065,0.20152962778657352,0.27054658110201374
10746,0.6277235819849291,0.20159027962016468,0.2706111430720892
10747,0.6277819966119517,0.20165096018597864,0.27067569361476174
10748,0.6278404112389743,0.2017117639893247,0.2707402327330649
10749,0.6278988258659969,0.201772675609718,0.27080476043003143
10750,0.6279572404930195,0.20183368820968156,0.27086927670869276
10751,0.6280156551200421,0.20189468638783128,0.2709337815720794
10752,0.6280740697470647,0.20195568173819242,0.2709982750232208
10753,0.6281324843740873,0.20201667737814322,0.27106275706514527
10754,0.6281908990011099,0.20207767027720572,0.27112722770088005
10755,0.6282493136281325,0.20213867715499925,0.27119168693345125
10756,0.6283077282551551,0.20219970231486123,0.27125613476588406
10757,0.6283661428821777,0.20226073390805344,0.2713205712012025
10758,0.6284245575092003,0.20232175666531896,0.2713849962424296
10759,0.628482972136223,0.2023828140499245,0.2714494098925872
10760,0.6285413867632456,0.2024438668186541,0.2715138121546961
10761,0.6285998013902682,0.20250490618652894,0.2715782030317762
10762,0.6286582160172908,0.20256596537831667,0.2716425825268461
10763,0.6287166306443134,0.20262707964498017,0.27170695064292344
10764,0.628775045271336,0.20268818878608555,0.2717713073830248
10765,0.6288334598983586,0.20274938843408294,0.2718356527501657
10766,0.6288918745253812,0.20281058391444579,0.2718999867473605
10767,0.6289502891524038,0.2028717752275998,0.27196430937762267
10768,0.6290087037794264,0.2029329607889113,0.2720286206439645
10769,0.629067118406449,0.2029941409508818,0.27209292054939715
10770,0.6291255330334716,0.20305531694730403,0.27215720909693086
10771,0.6291839476604942,0.20311648877860336,0.27222148628957477
10772,0.6292423622875168,0.2031776564452051,0.2722857521303369
10773,0.6293007769145395,0.2032388199475346,0.2723500066222242
10774,0.6293591915415621,0.2032999792860171,0.27241424976824263
10775,0.6294176061685847,0.20336113446107773,0.27247848157139704
10776,0.6294760207956073,0.20342228547314165,0.2725427020346913
10777,0.6295344354226299,0.20348343232263394,0.272606911161128
10778,0.6295928500496525,0.20354457500997955,0.272671108953709
10779,0.6296512646766751,0.2036057135356035,0.27273529541543484
10780,0.6297096793036977,0.20366684789993064,0.2727994705493051
10781,0.6297680939307203,0.2037279781033858,0.2728636343583183
10782,0.6298265085577428,0.20378910414639378,0.2729277868454718
10783,0.6298849231847654,0.20385025174942475,0.2729919280137621
10784,0.629943337811788,0.20391153258549893,0.2730560578661845
10785,0.6300017524388106,0.20397280912179186,0.27312017640573316
10786,0.6300601670658332,0.20403407773714383,0.2731842836354015
10787,0.6301185816928558,0.20409534672840376,0.2732483795581816
10788,0.6301769963198784,0.20415662268548618,0.2733124641770645
10789,0.630235410946901,0.2042179144697913,0.2733765374950403
10790,0.6302938255739237,0.20427923173026763,0.2734405995150981
10791,0.6303522402009463,0.20434056249467697,0.2735046502402257
10792,0.6304106548279689,0.20440187565587847,0.27356868967341
10793,0.6304690694549915,0.20446317122144977,0.27363271781763693
10794,0.6305274840820141,0.20452447987648437,0.27369673467589123
10795,0.6305858987090367,0.20458578322006163,0.27376074025115665
10796,0.6306443133360593,0.20464708739852816,0.2738247345464158
10797,0.6307027279630819,0.20470840129662837,0.27388871756465044
10798,0.6307611425901045,0.20476973926392106,0.27395268930884104
10799,0.6308195572171271,0.2048310690301424,0.27401664978196716
10800,0.6308779718441497,0.20489239213101343,0.27408059898700726
10801,0.6309363864711723,0.20495370856762074,0.27414453692693885
10802,0.630994801098195,0.2050150628467139,0.2742084636047382
10803,0.6310532157252176,0.2050764112561336,0.27427237902338075
10804,0.6311116303522402,0.20513776097328798,0.2743362831858407
10805,0.6311700449792628,0.20519910947890496,0.2744001760950914
10806,0.6312284596062854,0.20526061535848028,0.2744640577541049
10807,0.631286874233308,0.20532211288687713,0.27452792816585236
10808,0.6313452888603306,0.20538360206579626,0.27459178733330397
10809,0.6314037034873532,0.20544508289693794,0.27465563525942877
10810,0.6314621181143758,0.20550655538200205,0.2747194719471947
10811,0.6315205327413984,0.20556801952268794,0.2747832973995688
10812,0.631578947368421,0.20562947532069448,0.2748471116195169
10813,0.6316373619954436,0.20569092277772014,0.27491091461000394
10814,0.6316957766224662,0.2057523618954629,0.27497470637399374
10815,0.6317541912494888,0.20581391102750246,0.2750384869144491
10816,0.6318126058765114,0.2058754612597117,0.2751022562343317
10817,0.631871020503534,0.20593704708240945,0.2751660143366023
10818,0.6319294351305567,0.20599862407071445,0.27522976122422055
10819,0.6319878497575793,0.20606024838878254,0.2752934969001451
10820,0.6320462643846019,0.20612186594818663,0.2753572213673335
10821,0.6321046790116245,0.20618347914725674,0.27542093462874223
10822,0.6321630936386471,0.20624522622339755,0.2754846366873269
10823,0.6322215082656697,0.20630700204771038,0.2755483275460419
10824,0.6322799228926923,0.20636879539336017,0.27561200720784074
10825,0.6323383375197149,0.2064307133062409,0.2756756756756757
10826,0.6323967521467375,0.20649280546843923,0.27573933295249814
10827,0.6324551667737601,0.2065548896821193,0.2758029790412584
10828,0.6325135814007827,0.20661696594880724,0.27586661394490575
10829,0.6325719960278053,0.20667903427002882,0.2759302376663884
10830,0.632630410654828,0.20674109464730944,0.27599385020865363
10831,0.6326888252818506,0.20680314708217407,0.2760574515746475
10832,0.6327472399088732,0.20686519157614727,0.2761210417673152
10833,0.6328056545358958,0.20692722813075332,0.2761846207896008
10834,0.6328640691629184,0.20698925674751595,0.2762481886444474
10835,0.632922483789941,0.20705131360860568,0.2763117453347969
10836,0.6329808984169636,0.20711336884880116,0.2763752908635905
10837,0.6330393130439862,0.20717541437701512,0.27643882523376795
10838,0.6330977276710088,0.20723755166181634,0.2765023484482683
10839,0.6331561422980314,0.20729969375551735,0.2765658605100294
10840,0.633214556925054,0.20736188992014865,0.27662936142198813
10841,0.6332729715520766,0.20742406924491363,0.27669285118708037
10842,0.6333313861790992,0.20748623173665057,0.27675632980824083
10843,0.6333898008061218,0.207548377402194,0.27681979728840334
10844,0.6334482154331444,0.20761050624837485,0.2768832536305006
10845,0.633506630060167,0.20767261828202024,0.27694669883746437
10846,0.6335650446871897,0.20773471350995365,0.2770101329122253
10847,0.6336234593142123,0.2077967919389949,0.27707355585771304
10848,0.6336818739412349,0.20785885357596004,0.2771382841105922
10849,0.6337402885682575,0.20792089842766148,0.277202981148619
10850,0.6337987031952801,0.20798292650090797,0.27726764699436784
10851,0.6338571178223027,0.20804493780250455,0.2773322816703913
10852,0.6339155324493253,0.20810693233925256,0.2773968851992202
10853,0.6339739470763479,0.2081689101179497,0.2774614576033637
10854,0.6340323617033705,0.20823087114538996,0.27752599890530927
10855,0.6340907763303931,0.2082928154283637,0.27759050912752264
10856,0.6341491909574157,0.20835474297365755,0.27765498829244806
10857,0.6342076055844383,0.20841665378805457,0.27771943642250807
10858,0.634266020211461,0.20847854787833406,0.27778385354010365
10859,0.6343244348384836,0.2085404252512717,0.27784823966761424
10860,0.6343828494655062,0.2086022859136395,0.2779125948273977
10861,0.6344412640925288,0.2086641298722058,0.2779769190417905
10862,0.6344996787195514,0.20872595713373535,0.2780412123331075
10863,0.634558093346574,0.2087615610892921,0.2781054747236422
10864,0.6346165079735966,0.2088233640742798,0.2781697062356667
10865,0.6346749226006192,0.20888515037854719,0.27823390689143157
10866,0.6347333372276418,0.20894692000884657,0.2782980767131661
10867,0.6347917518546644,0.20900867297192666,0.2783622157230783
10868,0.634850166481687,0.20907040927453246,0.278427436949123
10869,0.6349085811087096,0.2091321289234054,0.2784948111973489
10870,0.6349669957357322,0.2091938319252832,0.27856379847834145
10871,0.6350254103627548,0.20925560183393627,0.2786327767362776
10872,0.6350838249897774,0.20931737185211072,0.27870174597292763
10873,0.6351422396168,0.2093791799531068,0.278770706190061
10874,0.6352006542438227,0.20944102458034056,0.27883965738944705
10875,0.6352590688708453,0.20950289391297275,0.27890859957285447
10876,0.6353174834978679,0.20956491692924137,0.27897753274205145
10877,0.6353758981248905,0.20962692880423506,0.2790464568988059
10878,0.6354343127519131,0.20968892954095558,0.27911537204488507
10879,0.6354927273789357,0.20975091914240354,0.2791842781820559
10880,0.6355511420059583,0.20981296678428307,0.2792531753120847
10881,0.6356095566329809,0.20987500458570696,0.27932206343673754
10882,0.6356679712600035,0.2099370560175811,0.27939094255777985
10883,0.6357263858870261,0.20999919635076458,0.27945981267697667
10884,0.6357848005140487,0.21006143544016834,0.2795286737960926
10885,0.6358432151410713,0.21012366708059238,0.27959752591689174
10886,0.635901629768094,0.21018589127337392,0.2796663690411377
10887,0.6359600443951166,0.21024810801984983,0.27973520317059364
10888,0.6360184590221392,0.21031031732135666,0.27980402830702233
10889,0.6360768736491618,0.21037251917923067,0.279872844452186
10890,0.6361352882761844,0.21043471359480773,0.27994165160784656
10891,0.636193702903207,0.2104969005694235,0.2800104497757652
10892,0.6362521175302296,0.21055907545043123,0.2800792389577029
10893,0.6363105321572522,0.2106212252362154,0.2801480191554201
10894,0.6363689467842748,0.21068335886119074,0.2802167903706767
10895,0.6364273614112974,0.21074547758350845,0.28028555260523225
10896,0.63648577603832,0.210807600026952,0.2803543058608457
10897,0.6365441906653426,0.21086971504398128,0.28042305013927576
10898,0.6366026052923652,0.21093181329905603,0.2804917854422805
10899,0.6366610199193878,0.21099388796219393,0.28056051177161756
10900,0.6367194345464104,0.21105595520900694,0.2806292291290442
10901,0.636777849173433,0.21111801504082411,0.2806979375163171
10902,0.6368362638004557,0.2111800674589741,0.28076663693519266
10903,0.6368946784274783,0.2112421124647853,0.28083532738742656
10904,0.6369530930545009,0.21130415005958575,0.28090400887477435
10905,0.6370115076815235,0.21136618024470322,0.2809726813989908
10906,0.6370699223085461,0.2114282030214651,0.2810413449618304
10907,0.6371283369355687,0.2114902183911985,0.2811099995650472
10908,0.6371867515625913,0.21155222635523024,0.2811786452103947
10909,0.6372451661896139,0.21161422691488677,0.281247281899626
10910,0.6373035808166365,0.21167622007149425,0.2813159096344937
10911,0.6373619954436591,0.21173820582637853,0.28138452841675
10912,0.6374204100706817,0.21180018418086513,0.2814531382481466
10913,0.6374788246977043,0.21186225003471512,0.28152173913043477
10914,0.637537239324727,0.2119243906476436,0.2815903310653653
10915,0.6375956539517496,0.21198658698301362,0.2816589140546885
10916,0.6376540685787722,0.21204876290727265,0.2817274881001543
10917,0.6377124832057948,0.2121109924351035,0.28179605320351214
10918,0.6377708978328174,0.21217322892191093,0.2818646093665109
10919,0.63782931245984,0.2122354762580255,0.28193315659089924
10920,0.6378877270868626,0.21229771199122177,0.2820016948784251
10921,0.6379461417138852,0.21235993612474363,0.2820702242308361
10922,0.6380045563409078,0.21242214866183376,0.2821387446498794
10923,0.6380629709679304,0.21248434960573362,0.28220725613730174
10924,0.638121385594953,0.21254653895968342,0.28227575869484933
10925,0.6381798002219756,0.21260874426039253,0.28234425232426796
10926,0.6382382148489982,0.2126709161976115,0.28241273702730296
10927,0.6382966294760208,0.21273317740959227,0.28248121280569916
10928,0.6383550441030434,0.21279561158327312,0.282549679661201
10929,0.638413458730066,0.21285802995024555,0.2826181375955525
10930,0.6384718733570887,0.21292048604978928,0.28268658661049706
10931,0.6385302879841113,0.21298298102878072,0.2827550267077778
10932,0.6385887026111339,0.21304550915861878,0.2828234578891374
10933,0.6386471172381565,0.2131080318135635,0.28289188015631783
10934,0.6387055318651791,0.21317056844445986,0.28296029351106095
10935,0.6387639464922017,0.21323314755746509,0.2830286979551079
10936,0.6388223611192243,0.21329576726553318,0.28309709349019946
10937,0.6388807757462469,0.21335843893022974,0.2831654801180761
10938,0.6389391903732695,0.21342114673820795,0.2832338578404775
10939,0.6389976050002921,0.2134839239556497,0.2833022266591432
10940,0.6390560196273147,0.21354668996611706,0.28337058657581216
10941,0.6391144342543373,0.21360944477261082,0.2834389375922229
10942,0.63917284888136,0.2136722429051742,0.28350727971011347
10943,0.6392312635083826,0.21373503171817718,0.2835756129312215
10944,0.6392896781354052,0.2137979384548614,0.2836439372572842
10945,0.6393480927624278,0.213860921922423,0.2837122526900382
10946,0.6394065073894504,0.21392388994061592,0.28378055923121975
10947,0.6394649220164729,0.21398684251512393,0.2838488568825647
10948,0.6395233366434955,0.21404986474511403,0.2839171456458085
10949,0.6395817512705181,0.21411288523199193,0.28398542552268585
10950,0.6396401658975407,0.2141758951488949,0.28405369651493134
10951,0.6396985805245633,0.21423894102899302,0.28412195862427897
10952,0.6397569951515859,0.21430197476453144,0.28419021185246224
10953,0.6398154097786085,0.21436499255301866,0.2842584562012142
10954,0.6398738244056311,0.21442800023349226,0.28432669167226765
10955,0.6399322390326537,0.214490997808384,0.28439491826735463
10956,0.6399906536596763,0.2145539852801249,0.284463135988207
10957,0.6400490682866989,0.2146169626511452,0.28453134483655595
10958,0.6401074829137215,0.2146799299238743,0.2845995448141324
10959,0.6401658975407442,0.2147428871007409,0.2846677359226668
10960,0.6402243121677668,0.21480583418417287,0.28473591816388893
10961,0.6402827267947894,0.21486877117659736,0.28480409153952846
10962,0.640341141421812,0.21493169808044063,0.2848722560513143
10963,0.6403995560488346,0.2149946148981283,0.28494041170097506
10964,0.6404579706758572,0.2150575216320851,0.285008558490239
10965,0.6405163853028798,0.21512041828473505,0.2850766964208337
10966,0.6405747999299024,0.21518333890278818,0.28514482549448644
10967,0.640633214556925,0.21524625028198174,0.28521294571292405
10968,0.6406916291839476,0.21530918241352281,0.2852810570778728
10969,0.6407500438109702,0.2153721423023702,0.2853491595910587
10970,0.6408084584379928,0.2154351241431972,0.2854172532542072
10971,0.6408668730650154,0.2154980989826616,0.2854853380690432
10972,0.640925287692038,0.21556106728432053,0.2855534140372913
10973,0.6409837023190607,0.21562402904919212,0.2856214811606756
10974,0.6410421169460833,0.2156869842782942,0.2856895394409198
10975,0.6411005315731059,0.21574993297264433,0.28575757575757577
10976,0.6411589462001285,0.21581287513325995,0.28582557887903054
10977,0.6412173608271511,0.21587581076115828,0.285893552574643
10978,0.6412757754541737,0.21593873985735626,0.2859614968635085
10979,0.6413341900811963,0.2160016624228707,0.28602941176470587
10980,0.6413926047082189,0.21606457845871813,0.28609729729729727
10981,0.6414510193352415,0.21612748796591494,0.28616515348032856
10982,0.6415094339622641,0.21619039094547723,0.28623298033282907
10983,0.6415678485892867,0.21625328739842098,0.2863007778738116
10984,0.6416262632163093,0.2163161773257619,0.28636854612227264
10985,0.6416846778433319,0.21637906072851545,0.2864362850971922
10986,0.6417430924703545,0.21644193760769698,0.286503994817534
10987,0.6418015070973772,0.21650480796432153,0.28657167530224525
10988,0.6418599217243998,0.21656767179940406,0.28663932657025687
10989,0.6419183363514224,0.21663052911395914,0.2867069486404834
10990,0.641976750978445,0.21669337990900128,0.2867745415318231
10991,0.6420351656054676,0.21675622418554474,0.2868421052631579
10992,0.6420935802324902,0.21681906194460351,0.28690963985335344
10993,0.6421519948595128,0.2168819662222682,0.2869771453212592
10994,0.6422104094865354,0.2169449848115027,0.2870446216857081
10995,0.642268824113558,0.21700803569592692,0.2871120689655172
10996,0.6423272387405806,0.21707113974061593,0.28717948717948716
10997,0.6423856533676032,0.2171342339726129,0.2872468763464024
10998,0.6424440679946258,0.2171973464738892,0.28731423648503124
10999,0.6425024826216484,0.21726045994089785,0.28738156761412575
11000,0.642560897248671,0.21732355845738816,0.28744886975242195
11001,0.6426193118756937,0.21738664202867172,0.2875161429186397
11002,0.6426777265027163,0.21744971066005775,0.2875833871314827
11003,0.6427361411297389,0.21751276435685285,0.2876506024096386
11004,0.6427945557567615,0.2175758712880653,0.2877177887717789
11005,0.6428529703837841,0.21763901313860665,0.28778494623655915
11006,0.6429113850108067,0.217702149813638,0.28785207482261876
11007,0.6429697996378293,0.21776527629920914,0.28791950637456193
11008,0.6430282142648519,0.21782839106634558,0.2879869292286525
11009,0.6430866288918745,0.21789147761169844,0.2880543433865732
11010,0.6431450435188971,0.21795459538478812,0.28812174885000646
11011,0.6432034581459197,0.21801770476054974,0.2881891456206341
11012,0.6432618727729423,0.21808092354819625,0.28825653370013754
11013,0.6433202873999649,0.21814413785041847,0.28832391309019795
11014,0.6433787020269875,0.2182074544830403,0.2883912837924958
11015,0.6434371166540102,0.2182707632549968,0.28845864580871133
11016,0.6434955312810328,0.21833409864452097,0.2885259991405243
11017,0.6435539459080554,0.2183974578207977,0.28859334378961393
11018,0.643612360535078,0.21846078517696454,0.2886606797576591
11019,0.6436707751621006,0.2185241045352533,0.2887280070463383
11020,0.6437291897891232,0.21858741754861413,0.28879532565732946
11021,0.6437876044161458,0.2186507215732435,0.2888626355923102
11022,0.6438460190431684,0.21871403598827022,0.2889299368529576
11023,0.643904433670191,0.21877734432890683,0.2889972294409484
11024,0.6439628482972136,0.21884064659602756,0.28906451335795896
11025,0.6440212629242362,0.2189039427905063,0.28913178860566496
11026,0.6440796775512588,0.21896723291321682,0.2891990551857419
11027,0.6441380921782814,0.21903051318070882,0.2892663130998647
11028,0.644196506805304,0.21909378659426157,0.28933356234970803
11029,0.6442549214323267,0.21915705393954274,0.2894008029369458
11030,0.6443133360593493,0.21922031521742527,0.2894680348632519
11031,0.6443717506863719,0.21928363025152908,0.28953525813029946
11032,0.6444301653133945,0.21934696395534106,0.2896024727397613
11033,0.6444885799404171,0.21941034450632577,0.28966967869330984
11034,0.6445469945674397,0.2194737292139749,0.28973687599261705
11035,0.6446054091944623,0.2195371345520151,0.2898040646393545
11036,0.6446638238214849,0.21960057156065022,0.28987124463519315
11037,0.6447222384485075,0.21966408740098892,0.28993841598180375
11038,0.6447806530755301,0.21972780629584684,0.2900055786808565
11039,0.6448390677025527,0.21979150595634658,0.29007273273402134
11040,0.6448974823295753,0.21985526251445325,0.2901398781429675
11041,0.6449558969565979,0.219919088815631,0.29020701490936396
11042,0.6450143115836205,0.2199830450997435,0.29027414303487925
11043,0.6450727262106432,0.220047053421467,0.2903412625211814
11044,0.6451311408376658,0.22011105268971257,0.29040837336993824
11045,0.6451895554646884,0.22017504290640094,0.29047547558281683
11046,0.645247970091711,0.2202390240734522,0.290542569161484
11047,0.6453063847187336,0.22030299619278598,0.2906096541076062
11048,0.6453647993457562,0.22036697156334592,0.2906767304228493
11049,0.6454232139727788,0.22043091296500517,0.29074379810887885
11050,0.6454816285998014,0.22049484313216886,0.2908108571673599
11051,0.645540043226824,0.22055877128878124,0.29087790759995713
11052,0.6455984578538466,0.22062268896060325,0.29094494940833476
11053,0.6456568724808692,0.2206865961502141,0.2910119825941566
11054,0.6457152871078918,0.22075049286019216,0.291079007159086
11055,0.6457737017349144,0.22081437909311488,0.291146023104786
11056,0.645832116361937,0.2208782929880475,0.29121303043291896
11057,0.6458905309889597,0.22094219277857186,0.2912800291451471
11058,0.6459489456159823,0.22100607846935624,0.29134701924313205
11059,0.6460073602430049,0.22106995006506686,0.291414000728535
11060,0.6460657748700275,0.22113380757036788,0.2914809736030168
11061,0.6461241894970501,0.22119765098992145,0.2915479378682378
11062,0.6461826041240727,0.2212614803283876,0.291614893525858
11063,0.6462410187510953,0.22132529559042433,0.2916818405775369
11064,0.6462994333781179,0.2213890967806876,0.29174877902493357
11065,0.6463578480051405,0.22145288390383133,0.29181570886970676
11066,0.6464162626321631,0.22151665696450729,0.2918826301135147
11067,0.6464746772591857,0.22158041596736533,0.2919495427580151
11068,0.6465330918862083,0.2216441609170532,0.2920164468048655
11069,0.6465915065132309,0.22170789181821654,0.2920833422557228
11070,0.6466499211402535,0.22177160867549903,0.2921502291122436
11071,0.6467083357672762,0.22183531149354224,0.2922171073760839
11072,0.6467667503942988,0.22189900027698578,0.2922839770488995
11073,0.6468251650213214,0.22196269218198006,0.2923508381323457
11074,0.646883579648344,0.2220263616433731,0.2924176906280772
11075,0.6469419942753666,0.22209002613855106,0.2924845345377486
11076,0.6470004089023892,0.22215365139852417,0.2925513698630137
11077,0.6470588235294118,0.2222174228936713,0.2926181966055262
11078,0.6471172381564344,0.22228132009163404,0.2926850147669392
11079,0.647175652783457,0.2223452084154357,0.2927518243489054
11080,0.6472340674104796,0.22240909039718057,0.2928186253530771
11081,0.6472924820375022,0.22247303359245502,0.2928854177811062
11082,0.6473508966645248,0.22253698885560144,0.2929522016346442
11083,0.6474093112915474,0.22260095486450107,0.293018976915342
11084,0.64746772591857,0.22266494221467908,0.29308574362485024
11085,0.6475261405455927,0.2227289333337973,0.2931525017648191
11086,0.6475845551726153,0.2227929270233775,0.2932192513368984
11087,0.6476429697996379,0.22285703602372606,0.2932859923427374
11088,0.6477013844266605,0.2229212634965731,0.2933526937285132
11089,0.6477597990536831,0.22298550064862938,0.2934193107571422
11090,0.6478182136807057,0.2230497754261495,0.2934859192518735
11091,0.6478766283077283,0.223114082397301,0.2935525192143467
11092,0.6479350429347509,0.22317844240867007,0.29361911064620116
11093,0.6479934575617735,0.22324283457671784,0.2936856935490757
11094,0.6480518721887961,0.22330723255970333,0.29375226792460885
11095,0.6481102868158187,0.22337169745419116,0.2938188337744387
11096,0.6481687014428413,0.22343624773893733,0.29388539110020273
11097,0.6482271160698639,0.2235008562816869,0.29395193990353835
11098,0.6482855306968865,0.22356545772913952,0.29401848018608223
11099,0.6483439453239092,0.22363005208246398,0.2940850119494708
11100,0.6484023599509318,0.22369470666874325,0.29415153519534
11101,0.6484607745779544,0.22375934127008842,0.29421804992532535
11102,0.648519189204977,0.22382395934724117,0.294284556141062
11103,0.6485776038319996,0.22388855526145088,0.29435105384418464
11104,0.6486360184590222,0.223953171675637,0.29441754303632756
11105,0.6486944330860448,0.2240177578534517,0.29448402371912463
11106,0.6487528477130674,0.22408233505262667,0.29455049589420923
11107,0.64881126234009,0.2241469430430123,0.2946169595632145
11108,0.6488696769671126,0.22421159473074753,0.29468341472777293
11109,0.6489280915941352,0.22427630755819716,0.2947498613895168
11110,0.6489865062211578,0.22434104703515853,0.2948162995500778
11111,0.6490449208481803,0.2244057829153698,0.29488272921108744
11112,0.6491033354752029,0.22447050555192266,0.2949491503741765
11113,0.6491617501022255,0.2245352584016392,0.2950155630409756
11114,0.6492201647292482,0.22460000043917772,0.29508196721311475
11115,0.6492785793562708,0.22466475460658522,0.29514836289222374
11116,0.6493369939832934,0.22472955904047195,0.2952147500799318
11117,0.649395408610316,0.2247943837853009,0.2952811287778678
11118,0.6494538232373386,0.2248592037960972,0.2953474989876601
11119,0.6495122378643612,0.22492401907337944,0.29541386071093684
11120,0.6495706524913838,0.22498882961766606,0.29548021394932555
11121,0.6496290671184064,0.2250536354294755,0.29554655870445345
11122,0.649687481745429,0.22511843650932611,0.2956128949779473
11123,0.6497458963724516,0.22518323285773612,0.29567922277143344
11124,0.6498043109994742,0.22524802447522368,0.29574554208653786
11125,0.6498627256264968,0.22531281136230694,0.29581185292488604
11126,0.6499211402535194,0.2253775923188368,0.2958781552881031
11127,0.649979554880542,0.22544236669448364,0.29594444917781376
11128,0.6500379695075647,0.22550713634172562,0.29601073459564226
11129,0.6500963841345873,0.22557190126108045,0.29607701154321253
11130,0.6501547987616099,0.22563666145306582,0.2961432800221479
11131,0.6502132133886325,0.2257014169181993,0.2962095400340716
11132,0.6502716280156551,0.22576616765699842,0.296275791580606
11133,0.6503300426426777,0.22583091366998054,0.2963419821352616
11134,0.6503884572697003,0.22589565495766303,0.2964081406971057
11135,0.6504468718967229,0.2259603915205632,0.29647429081784543
11136,0.6505052865237455,0.22602512335919822,0.2965404324990963
11137,0.6505637011507681,0.2260898504740852,0.2966065657424732
11138,0.6506221157777907,0.22615457286574123,0.2966726905495907
11139,0.6506805304048133,0.22621929053468326,0.296738806922063
11140,0.6507389450318359,0.2262840034814282,0.2968049148615038
11141,0.6507973596588585,0.22634871170649282,0.2968710143695264
11142,0.6508557742858812,0.2264134152103939,0.29693710544774377
11143,0.6509141889129038,0.2264780896347467,0.2970031880977683
11144,0.6509726035399264,0.22654275869356216,0.2970692623212122
11145,0.651031018166949,0.22660742303641146,0.2971353281196872
11146,0.6510894327939716,0.22667208266381042,0.2972013854948044
11147,0.6511478474209942,0.2267367375762748,0.29726743444817477
11148,0.6512062620480168,0.2268013877743203,0.29733347498140866
11149,0.6512646766750394,0.226866059352026,0.29739950709611623
11150,0.651323091302062,0.22693074439729838,0.2974655307939071
11151,0.6513815059290846,0.22699544023467802,0.2975315460763904
11152,0.6514399205561072,0.22706013164400865,0.2975975529451749
11153,0.6514983351831298,0.22712481648302046,0.2976635514018692
11154,0.6515567498101524,0.22718959342364858,0.29772954144808106
11155,0.651615164437175,0.2272543594393286,0.2977955230854182
11156,0.6516735790641977,0.2273191371341122,0.2978614963154877
11157,0.6517319936912203,0.22738390690059762,0.2979274611398964
11158,0.6517904083182429,0.2274487606685287,0.29799341756025055
11159,0.6518488229452655,0.2275136152463566,0.2980593655781562
11160,0.6519072375722881,0.22757845282422257,0.2981253051952188
11161,0.6519656521993107,0.22764327340880988,0.29819123641304346
11162,0.6520240668263333,0.22770817080442993,0.298257159233235
11163,0.6520824814533559,0.22777314333858314,0.2983230736573976
11164,0.6521408960803785,0.22783810310462232,0.2983889796871352
11165,0.6521993107074011,0.22790306713063743,0.2984548773240513
11166,0.6522577253344237,0.2279680946878213,0.2985207665697489
11167,0.6523161399614463,0.22803317937722398,0.2985866474258308
11168,0.6523745545884689,0.22809828241840066,0.2986525198938992
11169,0.6524329692154915,0.22816337693377742,0.29871838397555595
11170,0.6524913838425141,0.22822846292502888,0.2987842396724025
11171,0.6525497984695368,0.22829354039382935,0.2988500869860398
11172,0.6526082130965594,0.2283586093418526,0.2989159259180686
11173,0.652666627723582,0.22842371036703424,0.2989817564700891
11174,0.6527250423506046,0.22848880372164443,0.2990475786437011
11175,0.6527834569776272,0.22855388940703875,0.29911339244050394
11176,0.6528418716046498,0.2286189674245725,0.29917919786209674
11177,0.6529002862316724,0.2286841012123204,0.29924499491007805
11178,0.652958700858695,0.22874923638798877,0.299310783586046
11179,0.6530171154857176,0.2288143680160488,0.29937656389159845
11180,0.6530755301127402,0.2288794903633079,0.29944233582833274
11181,0.6531339447397628,0.22894465341144887,0.29950809939784584
11182,0.6531923593667854,0.2290097956217538,0.29957385460173425
11183,0.653250773993808,0.22907491700421637,0.29963960144159424
11184,0.6533091886208306,0.22914001756882382,0.2997053399190215
11185,0.6533676032478533,0.22920516621337692,0.2997710700356113
11186,0.6534260178748759,0.2292704607621275,0.29983679179295875
11187,0.6534844325018985,0.22933573871272833,0.2999025051926582
11188,0.6535428471289211,0.2294010264290669,0.29996821023630393
11189,0.6536012617559437,0.22946630272347843,0.30003389256058294
11190,0.6536596763829663,0.22953160179689575,0.3000995109144418
11191,0.6537180910099889,0.2295969423478015,0.30016513528390565
11192,0.6537765056370115,0.22966229445079453,0.3002307513178229
11193,0.6538349202640341,0.22972768855988127,0.30029635901778157
11194,0.6538933348910567,0.22979307526408302,0.3003619583853693
11195,0.6539517495180793,0.22985848893858285,0.3004275494221733
11196,0.6540101641451019,0.22992393934790772,0.3004931321297805
11197,0.6540685787721245,0.22998947783041115,0.30055870650977734
11198,0.6541269933991471,0.23005497923339488,0.30062427256374985
11199,0.6541854080261698,0.23012073370387393,0.30068983029328367
11200,0.6542438226531924,0.23018653876479134,0.300755379699964
11201,0.654302237280215,0.23025248395257614,0.30082092078537576
11202,0.6543606519072376,0.2303184004557628,0.30088645355110333
11203,0.6544190665342602,0.23038428829306296,0.3009519779987307
11204,0.6544774811612828,0.2304502365612607,0.3010174941298416
11205,0.6545358957883054,0.2305162785970972,0.3010830019460191
11206,0.654594310415328,0.2305823523336067,0.3011485014488462
11207,0.6546527250423506,0.23064841842596845,0.3012139926399052
11208,0.6547111396693732,0.23071446816947289,0.3012794755207783
11209,0.6547695542963958,0.2307805666164135,0.30134495009304685
11210,0.6548279689234184,0.23084667753426694,0.3014104163582923
11211,0.654886383550441,0.2309129532032248,0.3014758743180953
11212,0.6549447981774636,0.23097922848404157,0.30154132397403643
11213,0.6550032128044863,0.23104551290659364,0.30160676532769554
11214,0.6550616274315089,0.23111180411288368,0.3016721983806524
11215,0.6551200420585315,0.23117814926606173,0.3017376231344861
11216,0.6551784566855541,0.23124456772867177,0.30180303959077553
11217,0.6552368713125767,0.23131098879766399,0.3018684477510991
11218,0.6552952859395993,0.2313774340040563,0.3019338476170348
11219,0.6553537005666219,0.23144386334737338,0.3019992391901602
11220,0.6554121151936445,0.2315102958809219,0.30206462247205257
11221,0.6554705298206671,0.23157671838520896,0.30212999746428876
11222,0.6555289444476897,0.23164319645602977,0.30219536416844506
11223,0.6555873590747123,0.23170968861002283,0.3022607225860976
11224,0.6556457737017349,0.23177620835317608,0.30232607271882195
11225,0.6557041883287575,0.23184272274847123,0.30239141456819335
11226,0.6557626029557801,0.2319092475020126,0.30245674813578655
11227,0.6558210175828028,0.231975763297854,0.30252207342317605
11228,0.6558794322098254,0.23204227056151666,0.3025873904319358
11229,0.655937846836848,0.23210888862597284,0.30265269916363946
11230,0.6559962614638706,0.23217549513359093,0.3027179996198602
11231,0.6560546760908932,0.232242090087378,0.3027832918021709
11232,0.6561130907179158,0.23230867349034004,0.3028485757121439
11233,0.6561715053449384,0.23237524534548198,0.30291385135135135
11234,0.656229919971961,0.23244180565580777,0.3029791187213648
11235,0.6562883345989836,0.23250835442432027,0.30304437782375543
11236,0.6563467492260062,0.23257489165402132,0.30310962866009417
11237,0.6564051638530288,0.2326414173479117,0.30317487123195136
11238,0.6564635784800514,0.23270793150899116,0.3032401055408971
11239,0.656521993107074,0.2327744341402584,0.303305331588501
11240,0.6565804077340966,0.23284092524471112,0.3033705493763323
11241,0.6566388223611193,0.23290740482534594,0.3034357589059598
11242,0.6566972369881419,0.23297387288515845,0.303500960178952
11243,0.6567556516151645,0.2330403294271432,0.30356615319687696
11244,0.6568140662421871,0.2331067744542937,0.3036313379613023
11245,0.6568724808692097,0.23317320796960248,0.30369651447379525
11246,0.6569308954962323,0.23323962997606093,0.3037616827359227
11247,0.6569893101232549,0.23330604047665945,0.3038268427492511
11248,0.6570477247502775,0.23337243947438746,0.3038919945153465
11249,0.6571061393773001,0.23343882697223325,0.30395713803577457
11250,0.6571645540043227,0.23350520297318417,0.3040222733121006
11251,0.6572229686313453,0.23357156748022645,0.3040874003458894
11252,0.6572813832583679,0.23363792049634532,0.3041525191387055
11253,0.6573397978853905,0.233704262024525,0.304217629692113
11254,0.6573982125124131,0.2337705920677486,0.3042827320076756
11255,0.6574566271394358,0.23383691062899833,0.30434782608695654
11256,0.6575150417664584,0.23390321771125525,0.3044129119315187
11257,0.657573456393481,0.2339695133174994,0.3044779895429246
11258,0.6576318710205036,0.23403579745070988,0.30454305892273636
11259,0.6576902856475262,0.23410207011386466,0.3046081200725157
11260,0.6577487002745488,0.23416833130994072,0.3046731729938239
11261,0.6578071149015714,0.23423458104191397,0.3047382176882219
11262,0.657865529528594,0.2343008193127594,0.3048032541572702
11263,0.6579239441556166,0.2343670461254508,0.304868282402529
11264,0.6579823587826392,0.23443326148296115,0.30493330242555794
11265,0.6580407734096618,0.23449946538826216,0.3049983142279164
11266,0.6580991880366844,0.23456565784432468,0.3050633178111633
11267,0.658157602663707,0.2346318388541185,0.3051283131768573
11268,0.6582160172907296,0.23469800842061234,0.3051933003265564
11269,0.6582744319177523,0.23476416654677393,0.3052582792618185
11270,0.6583328465447749,0.23483031323556997,0.3053232499842009
11271,0.6583912611717975,0.2348964484899661,0.30538821249526055
11272,0.6584496757988201,0.234962572312927,0.3054531667965541
11273,0.6585080904258427,0.23502868470741625,0.30551811288963776
11274,0.6585665050528653,0.2350947856763965,0.30558305077606723
11275,0.6586249196798879,0.23516087522282927,0.305647980457398
11276,0.6586833343069104,0.2352269533496751,0.30571290193518497
11277,0.658741748933933,0.23529302005989355,0.3057778152109829
11278,0.6588001635609556,0.2353590674084437,0.3058427202863459
11279,0.6588585781879782,0.23542510321476592,0.3059076171628279
11280,0.6589169928150008,0.23549112761612415,0.30597250584198227
11281,0.6589754074420234,0.23555714061547275,0.3060373863253621
11282,0.659033822069046,0.23562314221576502,0.30610225861451995
11283,0.6590922366960686,0.23568913241995335,0.3061671227110082
11284,0.6591506513230913,0.23575511123098894,0.3062319786163787
11285,0.6592090659501139,0.2358210786518221,0.30629682633218286
11286,0.6592674805771365,0.23588703468540212,0.3063616658599718
11287,0.6593258952041591,0.23595297933467718,0.3064264972012962
11288,0.6593843098311817,0.23601891260259453,0.3064913203577065
11289,0.6594427244582043,0.23608483449210035,0.3065561353307524
11290,0.6595011390852269,0.23615074500613983,0.30662094212198354
11291,0.6595595537122495,0.23621664414765717,0.306685740732949
11292,0.6596179683392721,0.23628253191959547,0.3067505311651976
11293,0.6596763829662947,0.2363484083248969,0.3068153134202777
11294,0.6597347975933173,0.2364142733665026,0.30688008749973705
11295,0.6597932122203399,0.2364801270473526,0.30694485340512345
11296,0.6598516268473625,0.23654596937038608,0.307009611137984
11297,0.6599100414743851,0.23661180033854107,0.30707436069986543
11298,0.6599684561014078,0.23667761995475464,0.30713910209231415
11299,0.6600268707284304,0.23674342822196284,0.30720383531687623
11300,0.660085285355453,0.23680922514310074,0.30726856037509725
11301,0.6601436999824756,0.23687501072110234,0.3073332772685224
11302,0.6602021146094982,0.23694078495890067,0.30739798599869655
11303,0.6602605292365208,0.23700654785942774,0.3074626865671642
11304,0.6603189438635434,0.23707229942561453,0.3075273789754693
11305,0.660377358490566,0.23713803966039101,0.30759206322515553
11306,0.6604357731175886,0.2372037685666862,0.3076567393177662
11307,0.6604941877446112,0.23726948614742804,0.3077213993066499
11308,0.6605526023716338,0.2373351924055435,0.3077860158366764
11309,0.6606110169986564,0.23740088734395848,0.3078505889516451
11310,0.660669431625679,0.23746657096559798,0.307915179508713
11311,0.6607278462527016,0.2375322432733859,0.30797976192975457
11312,0.6607862608797243,0.23759790427024519,0.308044336216307
11313,0.6608446755067469,0.23766355395909775,0.308108902369907
11314,0.6609030901337695,0.23772919234286446,0.30817346039209104
11315,0.6609615047607921,0.23779481942446531,0.308238010284395
11316,0.6610199193878147,0.23786043520681913,0.3083025520483546
11317,0.6610783340148373,0.23792603969284384,0.308367085685505
11318,0.6611367486418599,0.23799163288545633,0.3084316111973811
11319,0.6611951632688825,0.2380572147875725,0.30849612858551734
11320,0.6612535778959051,0.2381227854021072,0.30856063785144777
11321,0.6613119925229277,0.23818834473197434,0.308625138996706
11322,0.6613704071499503,0.2382538927800868,0.3086896320228255
11323,0.6614288217769729,0.23831942954935642,0.30875411693133903
11324,0.6614872364039955,0.2383849550426941,0.3088185937237792
11325,0.6615456510310181,0.2384504692630097,0.308883062401678
11326,0.6616040656580408,0.2385159722132121,0.3089475229665674
11327,0.6616624802850634,0.23858146389620918,0.3090119754199786
11328,0.661720894912086,0.2386469443149078,0.3090764197634427
11329,0.6617793095391086,0.23871241347221378,0.30914085599849017
11330,0.6618377241661312,0.23877787137103207,0.30920528412665127
11331,0.6618961387931538,0.2388433180142665,0.30926970414945587
11332,0.6619545534201764,0.23890875340481996,0.3093341160684334
11333,0.662012968047199,0.23897417754559427,0.3093985198851129
11334,0.6620713826742216,0.23903959043949038,0.309462915601023
11335,0.6621297973012442,0.23910499208940814,0.30952730321769206
11336,0.6621882119282668,0.2391703824982464,0.30959168273664794
11337,0.6622466265552894,0.2392357616689031,0.30965605415941816
11338,0.662305041182312,0.23930112960427508,0.3097204174875299
11339,0.6623634558093346,0.23936648630725826,0.3097847727225098
11340,0.6624218704363573,0.23943183178074756,0.3098491198658843
11341,0.6624802850633799,0.23949716602763685,0.30991345891917943
11342,0.6625386996904025,0.23956248905081903,0.3099777898839207
11343,0.6625971143174251,0.23962780085318608,0.3100421127616334
11344,0.6626555289444477,0.23969310143762884,0.31010642755384227
11345,0.6627139435714703,0.2397583908070373,0.31017073426207187
11346,0.6627723581984929,0.23982366896430038,0.31023503288784615
11347,0.6628307728255155,0.23988893591230603,0.3102993234326889
11348,0.6628891874525381,0.2399541916539412,0.31036360589812334
11349,0.6629476020795607,0.2400194327167568,0.3104278802856724
11350,0.6630060167065833,0.24008464682431363,0.31049214659685864
11351,0.6630644313336059,0.2401498514773609,0.3105564048332042
11352,0.6631228459606285,0.24021504494157775,0.3106206549962308
11353,0.6631812605876511,0.24028022721984393,0.31068489708745994
11354,0.6632396752146738,0.2403453983150381,0.31074913110841257
11355,0.6632980898416964,0.24041055823003796,0.31081335706060925
11356,0.663356504468719,0.24047570696772022,0.3108775749455703
11357,0.6634149190957416,0.24054084453096067,0.3109417847648155
11358,0.6634733337227642,0.240605970922634,0.3110059865198644
11359,0.6635317483497868,0.24067108614561403,0.31107018021223604
11360,0.6635901629768094,0.24073619020277345,0.31113436584344917
11361,0.663648577603832,0.24080128309698415,0.31119854341502207
11362,0.6637069922308546,0.24086636483111687,0.3112627129284728
11363,0.6637654068578772,0.24093143540804143,0.3113268743853188
11364,0.6638238214848998,0.2409964948306267,0.31139102778707733
11365,0.6638822361119224,0.24106154310174052,0.3114551731352652
11366,0.663940650738945,0.2411265802242498,0.3115193104313988
11367,0.6639990653659676,0.24119160620102034,0.3115834396769942
11368,0.6640574799929903,0.2412566210349171,0.31164756087356704
11369,0.6641158946200129,0.24132162472880403,0.31171167402263267
11370,0.6641743092470355,0.24138661728554403,0.3117757791257059
11371,0.6642327238740581,0.24145159870799907,0.31183987618430137
11372,0.6642911385010807,0.24151656899903015,0.3119039651999331
11373,0.6643495531281033,0.24158152816149725,0.3119680461741149
11374,0.6644079677551259,0.2416464761982594,0.31203211910836015
11375,0.6644663823821485,0.24171141311217467,0.31209618400418193
11376,0.6645247970091711,0.24177633773113535,0.31216024086309274
11377,0.6645832116361937,0.24184124819377645,0.31222428968660493
11378,0.6646416262632163,0.2419061475435818,0.3122883304762303
11379,0.6647000408902389,0.24197103578340506,0.31235236323348037
11380,0.6647584555172615,0.2420359129160988,0.3124163879598662
11381,0.6648168701442841,0.24210077894451462,0.3124804046568986
11382,0.6648752847713068,0.2421656338715032,0.31254438364175613
11383,0.6649336993983294,0.24223047769991415,0.31260834151333516
11384,0.664992114025352,0.24229531043259622,0.3126722913708128
11385,0.6650505286523746,0.24236013207239712,0.31273623321569527
11386,0.6651089432793972,0.24242494258686903,0.31280016704948843
11387,0.6651673579064198,0.24248973878341235,0.3128640928736976
11388,0.6652257725334424,0.2425545238967291,0.31292801068982795
11389,0.665284187160465,0.24261929792966264,0.3129919204993841
11390,0.6653426017874876,0.24268406088505542,0.3130558223038704
11391,0.6654010164145102,0.24274881276574886,0.3131197161047907
11392,0.6654594310415328,0.24281355357458345,0.31318360190364863
11393,0.6655178456685554,0.2428782833143987,0.3132474797019474
11394,0.665576260295578,0.24294300198803312,0.3133113495011896
11395,0.6656346749226006,0.24300770959832432,0.3133752113028779
11396,0.6656930895496233,0.24307240614810888,0.3134390651085142
11397,0.6657515041766459,0.24313709164022237,0.3135029109196002
11398,0.6658099188036685,0.24320176607749955,0.3135667487376372
11399,0.6658683334306911,0.24326642946277402,0.31363057856412613
11400,0.6659267480577137,0.24333108179887852,0.31369440040056745
11401,0.6659851626847363,0.24339572308864482,0.31375821424846145
11402,0.6660435773117589,0.24346035333490368,0.3138220201093079
11403,0.6661019919387815,0.24352497254048494,0.3138858179846061
11404,0.6661604065658041,0.24358958070821743,0.3139496078758552
11405,0.6662188211928267,0.24365417784092905,0.3140133897845538
11406,0.6662772358198493,0.2437187639414467,0.31407716371220024
11407,0.6663356504468719,0.24378333901259636,0.3141409296602924
11408,0.6663940650738945,0.24384790305720297,0.31420468763032783
11409,0.6664524797009171,0.2439124560780906,0.3142684376238037
11410,0.6665108943279398,0.24397699807808226,0.31433217964221677
11411,0.6665693089549624,0.24404152906000007,0.3143959136870635
11412,0.666627723581985,0.24410604902666516,0.31445963975983987
11413,0.6666861382090076,0.2441705579808977,0.31452335786204166
11414,0.6667445528360302,0.2442350559255169,0.31458706799516406
11415,0.6668029674630528,0.2442995382563931,0.314650770160702
11416,0.6668613820900754,0.24436400218224333,0.31471446436015005
11417,0.666919796717098,0.24442845511102926,0.3147781505950024
11418,0.6669782113441206,0.24449289704556468,0.3148418288667528
11419,0.6670366259711432,0.24455732798866245,0.3149054991768947
11420,0.6670950405981658,0.24462174794313438,0.31496916152692117
11421,0.6671534552251884,0.24468615691179144,0.3150328159183248
11422,0.667211869852211,0.24475055489744352,0.31509646235259803
11423,0.6672702844792336,0.24481494190289965,0.3151601008312327
11424,0.6673286991062563,0.24487931793096787,0.31522373135572035
11425,0.6673871137332789,0.2449436829844552,0.31528735392755225
11426,0.6674455283603015,0.24500803706616783,0.31535096854821915
11427,0.6675039429873241,0.24507237949738603,0.31541457521921146
11428,0.6675623576143467,0.24513671086537386,0.3154781739420193
11429,0.6676207722413693,0.24520103127026496,0.3155417647181324
11430,0.6676791868683919,0.24526534071486147,0.31560534754904
11431,0.6677376014954145,0.2453296392019647,0.3156689224362311
11432,0.6677960161224371,0.24539392673437488,0.3157324893811943
11433,0.6678544307494597,0.24545820331489135,0.31579604578563997
11434,0.6679128453764823,0.2455224370496793,0.31585954401730737
11435,0.6679712600035049,0.24558653978766418,0.3159230369214769
11436,0.6680296746305275,0.24565063163384224,0.3159865219019094
11437,0.6680880892575501,0.24571471259098926,0.3160499989600882
11438,0.6681465038845728,0.24577878266188,0.3161134680974961
11439,0.6682049185115954,0.24584284184928834,0.3161769293156155
11440,0.668263333138618,0.24590689015598718,0.31624038261592846
11441,0.6683217477656405,0.24597092758474845,0.31630382799991685
11442,0.6683801623926631,0.2460349541383432,0.31636726546906185
11443,0.6684385770196857,0.24609896981954152,0.3164306950248446
11444,0.6684969916467083,0.2461629746311125,0.3164941166687456
11445,0.6685554062737309,0.24622696857582438,0.3165575304022451
11446,0.6686138209007535,0.24629095165644443,0.31662093622682297
11447,0.6686722355277761,0.24635492387573893,0.31668433414395875
11448,0.6687306501547987,0.2464188852364733,0.3167477241551316
11449,0.6687890647818213,0.24648283574141194,0.31681110626182013
11450,0.6688474794088439,0.24654677539331837,0.31687448046550293
11451,0.6689058940358665,0.24661070419495518,0.31693784676765785
11452,0.6689643086628891,0.24667462214908398,0.3170012051697627
11453,0.6690227232899117,0.24673852925846546,0.31706455567329467
11454,0.6690811379169344,0.24680242552585938,0.31712789827973076
11455,0.669139552543957,0.24686631095402453,0.3171912329905474
11456,0.6691979671709796,0.24693018554571883,0.3172545598072209
11457,0.6692563817980022,0.2469940493036992,0.317317878731227
11458,0.6693147964250248,0.2470579022307217,0.3173811897640412
11459,0.6693732110520474,0.24712174432954134,0.31744449290713855
11460,0.66943162567907,0.2471855756029123,0.31750778816199376
11461,0.6694900403060926,0.24724941018591942,0.3175723359209598
11462,0.6695484549331152,0.24731325735211254,0.31763753709506715
11463,0.6696068695601378,0.24737712484169158,0.31770271391816746
11464,0.6696652841871604,0.2474409778985353,0.31776786640390003
11465,0.669723698814183,0.2475048400188266,0.3178329945658937
11466,0.6697821134412056,0.2475688695924174,0.31789809841776745
11467,0.6698405280682282,0.24763291841062482,0.3179631779731299
11468,0.6698989426952509,0.24769702618057532,0.3180282332455795
11469,0.6699573573222735,0.24776152560929118,0.31809326424870465
11470,0.6700157719492961,0.24782608040092718,0.3181582709960836
11471,0.6700741865763187,0.24789068949404397,0.3182232535012845
11472,0.6701326012033413,0.2479553263199302,0.31828821177786526
11473,0.6701910158303639,0.24801995985889005,0.31835314583937374
11474,0.6702494304573865,0.24808458738045597,0.3184180556993478
11475,0.6703078450844091,0.2481492088854682,0.318482941371315
11476,0.6703662597114317,0.24821382437476688,0.3185478028687931
11477,0.6704246743384543,0.24827843384919202,0.3186126402052895
11478,0.6704830889654769,0.248343084046084,0.3186774533943018
11479,0.6705415035924995,0.2484077245789804,0.3187422424493173
11480,0.6705999182195221,0.24847242991108356,0.3188070073838135
11481,0.6706583328465447,0.2485371360673009,0.3188717482112577
11482,0.6707167474735674,0.24860192165397157,0.3189364649451072
11483,0.67077516210059,0.24866672819419422,0.3190011575988093
11484,0.6708335767276126,0.2487315280217471,0.31906582618580137
11485,0.6708919913546352,0.2487963260685247,0.3191304707195107
11486,0.6709504059816578,0.24886116747573422,0.31919509121335454
11487,0.6710088206086804,0.24892601261460148,0.3192596876807403
11488,0.671067235235703,0.24899087201206405,0.3193242601350654
11489,0.6711256498627256,0.24905571432111082,0.31938880858971713
11490,0.6711840644897482,0.24912061137089136,0.31945333305807305
11491,0.6712424791167708,0.2491855204878616,0.31951783355350066
11492,0.6713008937437934,0.2492504438846005,0.31958231008935756
11493,0.671359308370816,0.24931535500547924,0.31964676267899145
11494,0.6714177229978386,0.24938034842986648,0.31971119133574005
11495,0.6714761376248612,0.24944546438296325,0.31977559607293127
11496,0.6715345522518839,0.24951060729668947,0.31983997690388305
11497,0.6715929668789065,0.24957575573600196,0.3199043338419034
11498,0.6716513815059291,0.2496408940873701,0.31996866690029063
11499,0.6717097961329517,0.24970602235313683,0.32003297609233305
11500,0.6717682107599743,0.24977114053564434,0.3200972614313091
11501,0.6718266253869969,0.2498362486372341,0.32016152293048744
11502,0.6718850400140195,0.2499013466602469,0.32022576060312685
11503,0.6719434546410421,0.24996643460702272,0.3202899744624763
11504,0.6720018692680647,0.25003150538724184,0.32035416452177495
11505,0.6720602838950873,0.25009654768075773,0.3204183307942521
11506,0.6721186985221099,0.2501615652797184,0.32048247329312723
11507,0.6721771131491325,0.2502265709397669,0.3205465920316101
11508,0.6722355277761551,0.2502915674343405,0.32061068702290074
11509,0.6722939424031777,0.2503565502240985,0.3206763205529044
11510,0.6723523570302004,0.250421519313375,0.32074191359420945
11511,0.672410771657223,0.25048674765922646,0.32080746618427003
11512,0.6724691862842456,0.25055197258034567,0.32087297836049405
11513,0.6725276009112682,0.2506172348143606,0.32093845016024325
11514,0.6725860155382908,0.2506825243721419,0.32100388162083343
11515,0.6726444301653134,0.2507478739490947,0.32106927277953434
11516,0.672702844792336,0.2508132582757057,0.32113462367356993
11517,0.6727612594193586,0.2508787703104569,0.3212014279266341
11518,0.6728196740463812,0.25094435153424777,0.32126817464060864
11519,0.6728780886734038,0.25100994588667835,0.3213363394138143
11520,0.6729365033004264,0.25107554576086794,0.32140514838498113
11521,0.672994917927449,0.2511411378163639,0.32147395171537485
11522,0.6730533325544716,0.2512067459306842,0.321542749405689
11523,0.6731117471814942,0.25127240475098384,0.3216115414566171
11524,0.6731701618085169,0.2513380502120965,0.3216803278688525
11525,0.6732285764355395,0.25140368231809895,0.3217491086430884
11526,0.6732869910625621,0.25146934230024093,0.321817883780018
11527,0.6733454056895847,0.25153499261072665,0.3218866532803344
11528,0.6734038203166073,0.25160063325169285,0.32195541714473036
11529,0.6734622349436299,0.2516662642252757,0.32202417537389877
11530,0.6735206495706525,0.2517318855336107,0.32209292796853234
11531,0.6735790641976751,0.25179749717883276,0.32216167492932357
11532,0.6736374788246977,0.25186309916307614,0.3222304162569649
11533,0.6736958934517203,0.2519286914884745,0.3222991519521488
11534,0.6737543080787429,0.25199427415716086,0.3223678820155674
11535,0.6738127227057655,0.25205984717126756,0.32243660644791283
11536,0.6738711373327881,0.25212541053292636,0.32250532524987713
11537,0.6739295519598107,0.2521909642442684,0.32257403842215215
11538,0.6739879665868334,0.2522565083074242,0.3226427459654297
11539,0.674046381213856,0.2523220427245236,0.3227114478804014
11540,0.6741047958408786,0.25238763727791,0.32278014416775885
11541,0.6741632104679012,0.2524532435297256,0.3228488348281935
11542,0.6742216250949238,0.2525188660746285,0.3229175198623966
11543,0.6742800397219464,0.25258460832478874,0.3229861992710594
11544,0.674338454348969,0.2526504115581204,0.32305487305487307
11545,0.6743968689759916,0.2527161816702108,0.32312354121452846
11546,0.6744552836030142,0.25278195760252414,0.32319220375071656
11547,0.6745136982300368,0.25284778486771725,0.32326086066412807
11548,0.6745721128570594,0.25291368355702537,0.3233295119554537
11549,0.674630527484082,0.25297959181389,0.3233981576253838
11550,0.6746889421111046,0.25304557452223353,0.323466797674609
11551,0.6747473567381272,0.2531115592522251,0.3235354321038195
11552,0.6748057713651499,0.25317754289033717,0.3236040609137056
11553,0.6748641859921725,0.25324352154395685,0.3236726841049572
11554,0.6749226006191951,0.253309495213649,0.3237413016782644
11555,0.6749810152462177,0.2533754638999782,0.32380991363431705
11556,0.6750394298732403,0.2534414276035092,0.32387851997380485
11557,0.6750978445002629,0.25350738632480635,0.32394712069741743
11558,0.6751562591272855,0.2535733400644342,0.3240157158058443
11559,0.6752146737543081,0.25363931193864786,0.3240843052997749
11560,0.6752730883813307,0.2537052698007072,0.3241528891798985
11561,0.6753315030083533,0.2537712110645106,0.3242214674469043
11562,0.6753899176353759,0.2538371357363229,0.3242900401014813
11563,0.6754483322623985,0.2539030438224054,0.3243586071443185
11564,0.6755067468894211,0.25396893532901654,0.32442716857610476
11565,0.6755651615164437,0.25403481026241137,0.3244957243975287
11566,0.6756235761434664,0.254100668628842,0.3245642746092791
11567,0.675681990770489,0.2541665104345573,0.32463281921204434
11568,0.6757404053975116,0.2542324337026919,0.32470135820651286
11569,0.6757988200245342,0.2542983675181355,0.3247698915933729
11570,0.6758572346515568,0.25436441035301216,0.3248384193733126
11571,0.6759156492785794,0.25443044396436354,0.3249069415470201
11572,0.675974063905602,0.25449646835412176,0.32497545811518325
11573,0.6760324785326246,0.2545624835242183,0.3250439690784899
11574,0.6760908931596472,0.25462848947658423,0.3251124744376278
11575,0.6761493077866698,0.25469448621315,0.3251809741932845
11576,0.6762077224136924,0.2547604737358456,0.32524946834614754
11577,0.676266137040715,0.2548264520466004,0.3253179568969043
11578,0.6763245516677376,0.25489242114734323,0.32538643984624194
11579,0.6763829662947602,0.2549583810400025,0.3254549171948477
11580,0.6764413809217829,0.2550243317265059,0.3255233889434086
11581,0.6764997955488055,0.25509027320878075,0.3255918550926115
11582,0.6765582101758281,0.25515620548875373,0.32566031564314335
11583,0.6766166248028507,0.255222128568351,0.3257287705956908
11584,0.6766750394298733,0.2552880424494982,0.3257972199509403
11585,0.6767334540568959,0.2553539425708678,0.32586566370957853
11586,0.6767918686839185,0.2554198294206225,0.3259341018722917
11587,0.6768502833109411,0.25548570708011137,0.3260025344397662
11588,0.6769086979379637,0.25555157555125707,0.32607096141268804
11589,0.6769671125649863,0.2556174348359818,0.3261393827917433
11590,0.6770255271920089,0.25568326445643164,0.3262077985776179
11591,0.6770839418190315,0.25574907486183934,0.32627620877099767
11592,0.6771423564460541,0.25581487609509646,0.32634461337256826
11593,0.6772007710730767,0.2558807044574018,0.32641301238301523
11594,0.6772591857000994,0.255946565234942,0.3264814058030241
11595,0.677317600327122,0.25601247425355295,0.3265497936332802
11596,0.6773760149541446,0.25607845029339354,0.3266181758744688
11597,0.6774344295811672,0.2561445972093731,0.32668655252727496
11598,0.6774928442081898,0.25621073521898086,0.32675492359238373
11599,0.6775512588352124,0.2562768486998263,0.3268232890704801
11600,0.677609673462235,0.256343049958755,0.32689164896224876
11601,0.6776680880892576,0.25640924337804527,0.3269600032683744
11602,0.6777265027162802,0.2564754199897434,0.3270283519895416
11603,0.6777849173433028,0.2565415832822244,0.3270966951264349
11604,0.6778433319703254,0.256607764740433,0.32716503267973857
11605,0.6779017465973479,0.2566739300816695,0.32723336465013686
11606,0.6779601612243705,0.25674013165213627,0.3273016585405659
11607,0.6780185758513931,0.2568063476141309,0.32736990269476346
11608,0.6780769904784157,0.2568726023844232,0.3274381412806234
11609,0.6781354051054383,0.2569388422008986,0.3275063742988271
11610,0.678193819732461,0.2570051240045437,0.3275746017500561
11611,0.6782522343594836,0.2570714370347015,0.32764282363499153
11612,0.6783106489865062,0.25713783434975646,0.3277110399543146
11613,0.6783690636135288,0.25720437632704457,0.3277792507087064
11614,0.6784274782405514,0.25727093956164704,0.3278474558988478
11615,0.678485892867574,0.2573375162973461,0.32791565552541957
11616,0.6785443074945966,0.25740409320348595,0.32798384958910254
11617,0.6786027221216192,0.2574707107639451,0.32805203809057726
11618,0.6786611367486418,0.25753732323116413,0.32812022103052424
11619,0.6787195513756644,0.25760393060572706,0.3281883984096238
11620,0.678777966002687,0.25767053288821795,0.3282565702285563
11621,0.6788363806297096,0.2577371477112145,0.3283247364880018
11622,0.6788947952567322,0.2578037643098222,0.3283928971886404
11623,0.6789532098837548,0.25787036147074427,0.328461052331152
11624,0.6790116245107775,0.2579369529367869,0.3285292019162165
11625,0.6790700391378001,0.2580035106481452,0.3285973459445135
11626,0.6791284537648227,0.25807003403674794,0.3286654844167227
11627,0.6791868683918453,0.2581366148042181,0.3287336173335236
11628,0.6792452830188679,0.25820322617432573,0.3288017446955955
11629,0.6793036976458905,0.25826989007489165,0.32886986650361766
11630,0.6793621122729131,0.25833661698852395,0.3289379827582693
11631,0.6794205268999357,0.25840333751395755,0.32900609346022947
11632,0.6794789415269583,0.2584700812149567,0.3290741986101771
11633,0.6795373561539809,0.2585368251662697,0.329142298208791
11634,0.6795957707810035,0.2586036130226801,0.32921039225674986
11635,0.6796541854080261,0.2586704548040233,0.32927848075473237
11636,0.6797126000350487,0.2587372845339968,0.3293465637034169
11637,0.6797710146620713,0.25880410221585964,0.329414641103482
11638,0.679829429289094,0.25887100626069115,0.3294827129556058
11639,0.6798878439161166,0.2589378972474728,0.32955077926046655
11640,0.6799462585431392,0.25900491212300003,0.32961884001874225
11641,0.6800046731701618,0.2590719186390103,0.32968689523111083
11642,0.6800630877971844,0.2591389167970677,0.3297549448982502
11643,0.680121502424207,0.2592059065987358,0.329822989020838
11644,0.6801799170512296,0.2592728880455781,0.3298910275995519
11645,0.6802383316782522,0.25933986113915725,0.32995906063506936
11646,0.6802967463052748,0.2594068258810359,0.3300270881280678
11647,0.6803551609322974,0.2594737822727762,0.33009511007922443
11648,0.68041357555932,0.25954073031593977,0.33016312648921653
11649,0.6804719901863426,0.259607670012088,0.3302311373587211
11650,0.6805304048133652,0.2596746013627818,0.3302991426884151
11651,0.6805888194403878,0.2597415243695818,0.33036714247897536
11652,0.6806472340674105,0.25980843903404816,0.3304351367310786
11653,0.6807056486944331,0.2598753453577406,0.33050312544540145
11654,0.6807640633214557,0.25994224334221855,0.3305711086226204
11655,0.6808224779484783,0.26000913298904105,0.3306390862634119
11656,0.6808808925755009,0.2600760142997666,0.3307070583684521
11657,0.6809393072025235,0.2601428568636338,0.3307750249384174
11658,0.6809977218295461,0.2602096910878464,0.33084298597398365
11659,0.6810561364565687,0.2602765169882144,0.33091094147582695
11660,0.6811145510835913,0.2603433345662928,0.3309788914446231
11661,0.6811729657106139,0.26041014382363603,0.33104683588104783
11662,0.6812313803376365,0.2604769447617984,0.3311147747857768
11663,0.6812897949646591,0.26054373738233355,0.3311827081594855
11664,0.6813482095916817,0.260610521686795,0.3312506360028493
11665,0.6814066242187043,0.26067729767673564,0.33131855831654355
11666,0.681465038845727,0.2607440653537082,0.3313864751012434
11667,0.6815234534727496,0.2608108247192648,0.331454386357624
11668,0.6815818680997722,0.26087757513796345,0.3315222920863602
11669,0.6816402827267948,0.2609443125783771,0.331590192288127
11670,0.6816986973538174,0.26101104171335016,0.331658086963599
11671,0.68175711198084,0.2610777625444329,0.33172597611345095
11672,0.6818155266078626,0.2611444750731752,0.3317938597383573
11673,0.6818739412348852,0.2612111793011267,0.33186173783899253
11674,0.6819323558619078,0.26127787522983653,0.3319296104160309
11675,0.6819907704889304,0.26134456286085345,0.3319974774701467
11676,0.682049185115953,0.26141124219572587,0.33206533900201385
11677,0.6821075997429756,0.2614779132360018,0.3321331950123065
11678,0.6821660143699982,0.2615445759832288,0.33220104550169843
11679,0.6822244289970208,0.2616112304389541,0.33226889047086344
11680,0.6822828436240435,0.26167787660472464,0.33233672992047514
11681,0.6823412582510661,0.2617445144820868,0.33240456385120704
11682,0.6823996728780887,0.26181114407258665,0.3324723922637327
11683,0.6824580875051113,0.26187776537776997,0.33254021515872534
11684,0.6825165021321339,0.26194437839918194,0.33260803253685817
11685,0.6825749167591565,0.2620109831383676,0.3326758443988043
11686,0.6826333313861791,0.2620775795968715,0.33274365074523676
11687,0.6826917460132017,0.26214416777623767,0.33281145157682845
11688,0.6827501606402243,0.26221074767801,0.3328792468942521
11689,0.6828085752672469,0.2622773193037318,0.3329470366981803
11690,0.6828669898942695,0.2623438826549462,0.3330148209892858
11691,0.6829254045212921,0.2624104377331956,0.3330825997682409
11692,0.6829838191483147,0.2624769845400225,0.33315037303571793
11693,0.6830422337753373,0.26254352307696854,0.33321814079238915
11694,0.68310064840236,0.2626100533455753,0.33328590303892675
11695,0.6831590630293826,0.26267657534738387,0.3333536374895941
11696,0.6832174776564052,0.26274308908393496,0.333421260881034
11697,0.6832758922834278,0.2628095945567688,0.33348885327707567
11698,0.6833343069104504,0.26287609176742543,0.33355640729249053
11699,0.683392721537473,0.26294258071744436,0.33362392295995946
11700,0.6834511361644956,0.2630090614083648,0.3336914003121263
11701,0.6835095507915182,0.2630755338417255,0.3337588393815979
11702,0.6835679654185408,0.2631419980190649,0.33382630011547576
11703,0.6836263800455634,0.263208453941921,0.3338937389860034
11704,0.683684794672586,0.2632749016118315,0.33396115600380744
11705,0.6837432092996086,0.2633413410303336,0.33402855117950797
11706,0.6838016239266312,0.2634077721989642,0.33409592452371795
11707,0.6838600385536538,0.26347419511925985,0.3341632760470436
11708,0.6839184531806765,0.2635406097927566,0.3342306057600842
11709,0.6839768678076991,0.2636070162209903,0.3342979136734322
11710,0.6840352824347217,0.2636734144054962,0.33436519979767326
11711,0.6840936970617443,0.26373983029898096,0.334432464143386
11712,0.6841521116887669,0.26380625000248026,0.3344997067211424
11713,0.6842105263157895,0.2638726758747445,0.3345669275415074
11714,0.6842689409428121,0.26393916570047954,0.33463412661503933
11715,0.6843273555698347,0.26400564895844464,0.3347013039522895
11716,0.6843857701968573,0.264072139600433,0.33476845956380247
11717,0.6844441848238799,0.26413868208674796,0.334835593460116
11718,0.6845025994509025,0.26420522565488547,0.334902705651761
11719,0.6845610140779251,0.2642717733422482,0.3349697961492616
11720,0.6846194287049477,0.26433829902570155,0.33503686496313506
11721,0.6846778433319703,0.26440483861382286,0.3351039121038919
11722,0.684736257958993,0.264471538747499,0.3351709375820359
11723,0.6847946725860156,0.2645382274601567,0.33523794140806396
11724,0.6848530872130382,0.2646049030815046,0.3353049235924662
11725,0.6849115018400608,0.2646715796384485,0.3353718841457261
11726,0.6849699164670834,0.26473828167798513,0.3354388230783202
11727,0.685028331094106,0.2648049626031472,0.3355057404007183
11728,0.6850867457211286,0.2648716334590011,0.33557263612338356
11729,0.6851451603481512,0.2649383780927838,0.3356395102567723
11730,0.6852035749751738,0.26500516264480983,0.3357063628113341
11731,0.6852619896021964,0.2650720274778934,0.33577319379751175
11732,0.685320404229219,0.265138887145938,0.3358400032257414
11733,0.6853788188562416,0.2652057395772806,0.33590679110645244
11734,0.6854372334832642,0.2652726703859365,0.3359735574500675
11735,0.6854956481102868,0.2653396467361587,0.33604030226700254
11736,0.6855540627373095,0.2654066452479792,0.3361070255676667
11737,0.6856124773643321,0.26547364071919044,0.3361737273624625
11738,0.6856708919913547,0.2655406463256538,0.33624040766178576
11739,0.6857293066183773,0.26560764925269004,0.33630706647602554
11740,0.6857877212453999,0.2656746664658951,0.3363737038155643
11741,0.6858461358724225,0.2657416689404413,0.3364403196907777
11742,0.6859045504994451,0.26580865668119014,0.33650691411203476
11743,0.6859629651264677,0.26587562969300105,0.3365734870896979
11744,0.6860213797534903,0.2659426313458449,0.3366400386341228
11745,0.6860797943805129,0.26600962377940474,0.3367065687556584
11746,0.6861382090075355,0.2660766631454477,0.3367730774646471
11747,0.6861966236345581,0.26614370875009885,0.33683956477142457
11748,0.6862550382615807,0.2662107725505566,0.33690603068631986
11749,0.6863134528886033,0.26627788267589564,0.3369724752196554
11750,0.686371867515626,0.2663451417615889,0.3370388983817469
11751,0.6864302821426486,0.26641239729286115,0.3371053001829035
11752,0.6864886967696712,0.26647969840374647,0.3371716806334278
11753,0.6865471113966938,0.2665469908911283,0.3372380397436155
11754,0.6866055260237164,0.26661427114019626,0.33730437752375597
11755,0.686663940650739,0.26668153246362963,0.3373706939841318
11756,0.6867223552777616,0.26674887041204776,0.33743698913501896
11757,0.6867807699047842,0.26681626297861283,0.33750326298668704
11758,0.6868391845318068,0.2668836564450282,0.3375695155493987
11759,0.6868975991588294,0.2669511664929441,0.3376357468334103
11760,0.686956013785852,0.26701879103276516,0.3377019568489714
11761,0.6870144284128746,0.2670864374188118,0.3377681456063251
11762,0.6870728430398972,0.2671540763825514,0.33783431311570794
11763,0.6871312576669198,0.2672217079252056,0.3379004593873498
11764,0.6871896722939425,0.26728933204799565,0.33796714208340856
11765,0.6872480869209651,0.26735694875214255,0.33803381942912164
11766,0.6873065015479877,0.2674245580388669,0.3381004914251329
11767,0.6873649161750103,0.26749215990938924,0.3381671580720862
11768,0.6874233308020329,0.26755975436492974,0.3382338193706252
11769,0.6874817454290555,0.2676273414067083,0.33830047532139346
11770,0.687540160056078,0.26769492103594456,0.3383671259250346
11771,0.6875985746831006,0.2677624932538579,0.3384337711821919
11772,0.6876569893101232,0.2678300580616675,0.33850041109350876
11773,0.6877154039371458,0.26789761546059204,0.33856704565962825
11774,0.6877738185641684,0.2679651654518503,0.3386336748811935
11775,0.687832233191191,0.2680327080366604,0.3387002987588475
11776,0.6878906478182136,0.26810030833612397,0.3387669172932331
11777,0.6879490624452362,0.26816794765173657,0.3388335304849931
11778,0.6880074770722588,0.2682356356117727,0.3389001383347701
11779,0.6880658916992815,0.26830341252863715,0.3389667408432068
11780,0.6881243063263041,0.2683711989019973,0.3390333380109456
11781,0.6881827209533267,0.2684391054376895,0.33909992983862886
11782,0.6882411355803493,0.26850700127594723,0.3391665163268988
11783,0.6882995502073719,0.26857488641929794,0.3392330974763976
11784,0.6883579648343945,0.2686429670338894,0.33929967328776733
11785,0.6884163794614171,0.2687110196842863,0.3393662437616499
11786,0.6884747940884397,0.2687790443877146,0.33943280889868727
11787,0.6885332087154623,0.26884715307009693,0.339499368699521
11788,0.6885916233424849,0.26891524078145407,0.3395659231647929
11789,0.6886500379695075,0.2689833243451775,0.33963247229514437
11790,0.6887084525965301,0.2690514310913369,0.33969901609121694
11791,0.6887668672235527,0.2691195857131133,0.3397655545536519
11792,0.6888252818505753,0.26918772635114,0.33983208768309053
11793,0.688883696477598,0.2692558530097202,0.3398986154801739
11794,0.6889421111046206,0.2693239656931555,0.33996513794554306
11795,0.6890005257316432,0.2693920644057455,0.3400316550798389
11796,0.6890589403586658,0.26946014915178823,0.3400981668837023
11797,0.6891173549856884,0.26952821993557996,0.3401646733577739
11798,0.689175769612711,0.2695962767614151,0.34023117450269436
11799,0.6892341842397336,0.26966436559809204,0.3402976703191042
11800,0.6892925988667562,0.2697324522028291,0.34036416080764376
11801,0.6893510134937788,0.2698005276424289,0.34043064596895345
11802,0.6894094281208014,0.26986859191963763,0.34049712580367336
11803,0.689467842747824,0.26993664503720055,0.34056360031244365
11804,0.6895262573748466,0.27000468699786195,0.34063006949590435
11805,0.6895846720018692,0.2700728224993217,0.3406965333546953
11806,0.6896430866288918,0.27014095101999186,0.3407629918894563
11807,0.6897015012559145,0.2702090725609451,0.340829445100827
11808,0.6897599158829371,0.2702771871232541,0.3408958929894471
11809,0.6898183305099597,0.2703452947079911,0.340962335555956
11810,0.6898767451369823,0.2704133953162282,0.34102877280099314
11811,0.6899351597640049,0.27048148894903734,0.3410952047251977
11812,0.6899935743910275,0.27054957560749016,0.34116163132920896
11813,0.6900519890180501,0.270617655292658,0.34122805261366596
11814,0.6901104036450727,0.2706857280056123,0.34129446857920764
11815,0.6901688182720953,0.2707537937474239,0.3413608792264729
11816,0.6902272328991179,0.2708218408465069,0.3414272845561005
11817,0.6902856475261405,0.27088993725196864,0.3414936845687291
11818,0.6903440621531631,0.27095803362322174,0.3415600792649973
11819,0.6904024767801857,0.27102613645382534,0.3416264686455435
11820,0.6904608914072083,0.27109425528477515,0.34169285271100613
11821,0.690519306034231,0.2711624107474911,0.3417592314620234
11822,0.6905777206612536,0.2712307200871687,0.34182560489923347
11823,0.6906361352882762,0.27129901434710835,0.34189197302327445
11824,0.6906945499152988,0.27136736683264384,0.3419583358347842
11825,0.6907529645423214,0.27143573712761354,0.34202469333440055
11826,0.690811379169344,0.2715040869192212,0.34209104552276137
11827,0.6908697937963666,0.2715724162166885,0.34215739240050425
11828,0.6909282084233892,0.2716407250292316,0.34222373396826666
11829,0.6909866230504118,0.271709013366061,0.3422900702266861
11830,0.6910450376774344,0.2717772812363819,0.3423564011764
11831,0.691103452304457,0.271845660742344,0.3424227268180454
11832,0.6911618669314796,0.2719140431032793,0.3424890471522596
11833,0.6912202815585022,0.27198241875952917,0.3425553621796795
11834,0.6912786961855248,0.2720508832252793,0.34262167190094217
11835,0.6913371108125475,0.2721194118009048,0.34268797631668435
11836,0.6913955254395701,0.272187987573347,0.3427542754275428
11837,0.6914539400665927,0.27225670037341987,0.34282056923415405
11838,0.6915123546936153,0.2723254152222614,0.3428868577371547
11839,0.6915707693206379,0.2723941383984788,0.34295314093718127
11840,0.6916291839476605,0.27246288018335785,0.3430194188348699
11841,0.6916875985746831,0.27253161819106775,0.34308569143085693
11842,0.6917460132017057,0.27260042388199673,0.3431519587257784
11843,0.6918044278287283,0.27266922375637337,0.34321822072027036
11844,0.6918628424557509,0.2727380134235606,0.3432844774149687
11845,0.6919212570827735,0.27280679888673265,0.34335072881050926
11846,0.6919796717097961,0.27287563039525736,0.34341697490752776
11847,0.6920380863368187,0.2729444966388326,0.34348321570665974
11848,0.6920965009638413,0.2730133581255555,0.34354945120854075
11849,0.692154915590864,0.2730822227755987,0.3436156814138062
11850,0.6922133302178866,0.273151077598493,0.34368190632309137
11851,0.6922717448449092,0.2732199375445672,0.34374812593703147
11852,0.6923301594719318,0.27328881341622036,0.3438143402562616
11853,0.6923885740989544,0.2733576746896371,0.34388054928141676
11854,0.692446988725977,0.27342655271874794,0.3439467530131319
11855,0.6925054033529996,0.27349544053454583,0.34401295145204164
11856,0.6925638179800222,0.27356445464088264,0.34407914459878086
11857,0.6926222326070448,0.2736335040928252,0.34414533245398404
11858,0.6926806472340674,0.27370254813973205,0.34421151501828573
11859,0.69273906186109,0.2737715790620596,0.3442776922923203
11860,0.6927974764881126,0.27384059686354983,0.34434386427672203
11861,0.6928558911151352,0.27390960154794325,0.3444100309721251
11862,0.6929143057421578,0.2739785931189788,0.3444761923791636
11863,0.6929727203691805,0.27404761100559677,0.3445423484984715
11864,0.6930311349962031,0.2741166275266434,0.3446084993306827
11865,0.6930895496232257,0.2741856622695749,0.34467464487643096
11866,0.6931479642502483,0.2742547611057864,0.34474078513635004
11867,0.6932063788772709,0.27432384510101787,0.3448069201110734
11868,0.6932647935042935,0.27439297291080567,0.34487304980123457
11869,0.6933232081313161,0.2744620849675937,0.3449391742074669
11870,0.6933816227583387,0.2745312306575386,0.3450052933304037
11871,0.6934400373853613,0.27460035690929124,0.34507140717067813
11872,0.6934984520123839,0.274669538834933,0.34513751572892326
11873,0.6935568666394065,0.2747388527107399,0.345203619005772
11874,0.6936152812664291,0.2748081937353029,0.3452697170018574
11875,0.6936736958934517,0.2748775150232903,0.34533580971781197
11876,0.6937321105204743,0.2749468165831272,0.3454018971542686
11877,0.693790525147497,0.2750160984232342,0.34546797931185974
11878,0.6938489397745196,0.275085360552027,0.34553405619121785
11879,0.6939073544015422,0.2751546475270919,0.3456001277929754
11880,0.6939657690285648,0.2752239987714609,0.3456661941177645
11881,0.6940241836555874,0.2752934054353549,0.3457322551662174
11882,0.69408259828261,0.2753628100447662,0.3457983109389662
11883,0.6941410129096326,0.2754322071041881,0.3458643614366428
11884,0.6941994275366552,0.27550163363212327,0.345930406659879
11885,0.6942578421636778,0.27557105072887533,0.3459964466093067
11886,0.6943162567907004,0.2756405593697479,0.34606248128555744
11887,0.694374671417723,0.27571007017648863,0.3461285106892628
11888,0.6944330860447456,0.27577961721319905,0.34619453482105433
11889,0.6944915006717682,0.27584915281203054,0.3462605536815632
11890,0.6945499152987908,0.2759188531609174,0.34632656727142086
11891,0.6946083299258135,0.27598854310235515,0.34639257559125836
11892,0.6946667445528361,0.27605823675697844,0.34645857864170676
11893,0.6947251591798587,0.2761279143462025,0.346524576423397
11894,0.6947835738068813,0.27619759722330284,0.34659056893695994
11895,0.6948419884339039,0.2762673589542294,0.3466565561830264
11896,0.6949004030609265,0.27633711729214844,0.34672253816222687
11897,0.6949588176879491,0.27640696660095526,0.3467885148751921
11898,0.6950172323149717,0.2764768377040957,0.34685448632255234
11899,0.6950756469419943,0.27654671357112615,0.346920452504938
11900,0.6951340615690169,0.2766165837725073,0.3469864134229795
11901,0.6951924761960395,0.2766864483089283,0.34705236907730674
11902,0.6952508908230621,0.27675630718107797,0.3471183194685499
11903,0.6953093054500847,0.27682616038964525,0.34718426459733887
11904,0.6953677200771073,0.27689600793531877,0.34725020446430355
11905,0.69542613470413,0.27696584981878714,0.3473161390700736
11906,0.6954845493311526,0.27703568604073886,0.34738206841527874
11907,0.6955429639581752,0.2771055166018623,0.3474479925005485
11908,0.6956013785851978,0.2771753415028457,0.34751391132651227
11909,0.6956597932122204,0.2772451607443772,0.34757982489379946
11910,0.695718207839243,0.27731497432714486,0.3476457332030393
11911,0.6957766224662656,0.27738478225183666,0.3477116362548609
11912,0.6958350370932882,0.2774545845191403,0.3477775340498933
11913,0.6958934517203108,0.27752438112974354,0.34784341863987883
11914,0.6959518663473334,0.27759417208433396,0.3479092757204927
11915,0.696010280974356,0.2776639573835991,0.3479751275510204
11916,0.6960686956013786,0.27773373702822624,0.3480409741320898
11917,0.6961271102284012,0.27780350699835127,0.3481068154643284
11918,0.6961855248554238,0.2778732528341614,0.34817265154836397
11919,0.6962439394824465,0.2779429861107609,0.34823848238482386
11920,0.6963023541094691,0.27801271864579546,0.3483043079743355
11921,0.6963607687364917,0.2780824433798935,0.3483701283175261
11922,0.6964191833635143,0.27815216246779234,0.34843594341502293
11923,0.6964775979905369,0.2782218759101776,0.348501753267453
11924,0.6965360126175595,0.27829158370773505,0.3485675578754433
11925,0.6965944272445821,0.2783612858611503,0.3486333572396207
11926,0.6966528418716047,0.2784309823711087,0.34869915136061197
11927,0.6967112564986273,0.27850067323829575,0.3487649402390438
11928,0.6967696711256499,0.2785703584633966,0.3488307238755428
11929,0.6968280857526725,0.2786400380470964,0.3488965022707354
11930,0.6968865003796951,0.27870971199008027,0.348962275425248
11931,0.6969449150067177,0.278779380293033,0.34902804333970683
11932,0.6970033296337403,0.2788490429566395,0.3490938060147381
11933,0.697061744260763,0.2789186999815843,0.3491595634509679
11934,0.6971201588877854,0.2789883513685522,0.3492253156490222
11935,0.697178573514808,0.2790579971182275,0.34929106260952686
11936,0.6972369881418307,0.27912763723129463,0.3493568043331077
11937,0.6972954027688533,0.2791972717084379,0.34942254082039026
11938,0.6973538173958759,0.2792669005503413,0.34948827207200034
11939,0.6974122320228985,0.27933652375768897,0.34955399808856324
11940,0.6974706466499211,0.2794061413311648,0.3496197188707044
11941,0.6975290612769437,0.27947575327145263,0.34968543441904915
11942,0.6975874759039663,0.2795453595792361,0.3497511447342226
11943,0.6976458905309889,0.2796149602551988,0.3498168498168498
11944,0.6977043051580115,0.27968455530002423,0.34988254966755583
11945,0.6977627197850341,0.27975414471439575,0.3499482442869655
11946,0.6978211344120567,0.2798237284989966,0.35001393367570366
11947,0.6978795490390793,0.27989330665450995,0.3500796178343949
11948,0.697937963666102,0.27996287918161883,0.35014529676366385
11949,0.6979963782931246,0.28003244608100614,0.350210970464135
11950,0.6980547929201472,0.2801020073533547,0.35027663893643274
11951,0.6981132075471698,0.28017156299934726,0.35034230218118134
11952,0.6981716221741924,0.2802411130196663,0.350407960199005
11953,0.698230036801215,0.2803106574149944,0.35047361299052776
11954,0.6982884514282376,0.2803801961860139,0.35053926055637363
11955,0.6983468660552602,0.280449729333407,0.3506049028971665
11956,0.6984052806822828,0.28051925685785595,0.3506705400135302
11957,0.6984636953093054,0.2805887787600428,0.35073617190608836
11958,0.698522109936328,0.2806582950406493,0.35080179857546456
11959,0.6985805245633506,0.2807278057003575,0.35086742002228233
11960,0.6986389391903732,0.280797310739849,0.3509330362471651
11961,0.6986973538173958,0.2808668101598053,0.35099864725073604
11962,0.6987557684444184,0.2809363039609081,0.35106425303361843
11963,0.698814183071441,0.2810057921438386,0.3511298535964354
11964,0.6988725976984637,0.2810752747092781,0.35119544893980986
11965,0.6989310123254863,0.28114475165790787,0.35126103906436473
11966,0.6989894269525089,0.2812142229904088,0.3513266239707228
11967,0.6990478415795315,0.281283688707462,0.35139220365950674
11968,0.6991062562065541,0.28135314880974815,0.35145777813133927
11969,0.6991646708335767,0.281422603297948,0.3515233473868427
11970,0.6992230854605993,0.2814920521727422,0.3515889114266396
11971,0.6992815000876219,0.28156149543481124,0.3516544702513522
11972,0.6993399147146445,0.28163093308483544,0.3517200238616027
11973,0.6993983293416671,0.28170036512349517,0.3517855722580132
11974,0.6994567439686897,0.2817697915514705,0.35185111544120573
11975,0.6995151585957123,0.28183921236944165,0.3519166534118021
11976,0.699573573222735,0.2819086275780884,0.35198218617042426
11977,0.6996319878497576,0.2819780371780906,0.35204771371769383
11978,0.6996904024767802,0.2820474411701281,0.35211323605423245
11979,0.6997488171038028,0.28211683267012777,0.35217875318066155
11980,0.6998072317308254,0.28218621816131934,0.35224426509760265
11981,0.699865646357848,0.28225559804776196,0.352309771805677
11982,0.6999240609848706,0.2823249723301347,0.3523752733055059
11983,0.6999824756118932,0.28239434100911653,0.3524407695977103
11984,0.7000408902389158,0.28246370408538624,0.3525062606829113
11985,0.7000993048659384,0.2825330615596227,0.35257174656172985
11986,0.700157719492961,0.2826024134325045,0.35263722723478674
11987,0.7002161341199836,0.28267175970471003,0.3527027027027027
11988,0.7002745487470062,0.2827411003769179,0.3527681729660983
11989,0.7003329633740288,0.28281043544980633,0.35283363802559414
11990,0.7003913780010514,0.28287976492405353,0.3528990978818106
11991,0.700449792628074,0.2829490888003376,0.35296453675390177
11992,0.7005082072550967,0.2830184070793365,0.3530299120700264
11993,0.7005666218821193,0.2830877197617281,0.3530952380952381
11994,0.7006250365091419,0.28315701918701647,0.3531605148852615
11995,0.7006834511361645,0.2832263104695297,0.3532258384403324
11996,0.7007418657631871,0.28329559615911665,0.353291156813359
11997,0.7008002803902097,0.2833648762564545,0.35335647000495785
11998,0.7008586950172323,0.28343415076222034,0.35342177801574554
11999,0.7009171096442549,0.283503419677091,0.3534870808463384
12000,0.7009755242712775,0.2835726830017433,0.3535523784973528
12001,0.7010339388983001,0.28364194073685395,0.35361767096940494
12002,0.7010923535253227,0.28371119288309954,0.3536829582631109
12003,0.7011507681523453,0.28378043944115655,0.3537482403790868
12004,0.701209182779368,0.28384968041170133,0.3538135173179484
12005,0.7012675974063906,0.2839189157954101,0.3538787890803117
12006,0.7013260120334132,0.28398814559295915,0.3539440556667922
12007,0.7013844266604358,0.2840573698050244,0.35400931707800576
12008,0.7014428412874584,0.2841265884322817,0.35407457331456776
12009,0.701501255914481,0.2841958014754071,0.3541398243770937
12010,0.7015596705415036,0.2842649973392467,0.3542050702661989
12011,0.7016180851685262,0.28433418448858827,0.35427031098249856
12012,0.7016764997955488,0.2844033660582003,0.3543375738120715
12013,0.7017349144225714,0.2844725420487578,0.35440480199686997
12014,0.701793329049594,0.2845417124609356,0.35447199556365366
12015,0.7018517436766166,0.2846108772954084,0.3545391545391545
12016,0.7019101583036392,0.2846800365528509,0.3546062789500772
12017,0.7019685729306618,0.2847491902339375,0.3546733688230987
12018,0.7020269875576844,0.2848183383393428,0.3547404241848686
12019,0.702085402184707,0.2848874808697409,0.35480744506200923
12020,0.7021438168117297,0.2849566178258061,0.3548744314811153
12021,0.7022022314387523,0.2850257492082125,0.3549413834687543
12022,0.7022606460657749,0.28509487501763403,0.3550101764578023
12023,0.7023190606927975,0.28516397707073443,0.3550796222389062
12024,0.7023774753198201,0.28523306992334047,0.35514904881373344
12025,0.7024358899468427,0.28530215720849883,0.35521845619025044
12026,0.7024943045738653,0.2853712389268823,0.35528784437641947
12027,0.7025527192008879,0.28544031507916384,0.35535721338019827
12028,0.7026111338279105,0.285509385666016,0.3554265632095402
12029,0.7026695484549331,0.28557845068811144,0.35549589387239416
12030,0.7027279630819557,0.2856475101461226,0.3555652053767049
12031,0.7027863777089783,0.2857165636125391,0.35563449773041245
12032,0.702844792336001,0.2857855889181755,0.3557037709414527
12033,0.7029032069630236,0.2858545892146066,0.3557730250177571
12034,0.7029616215900462,0.2859235743433686,0.35584225996725255
12035,0.7030200362170688,0.28599254096254395,0.35591147579786186
12036,0.7030784508440914,0.286061497230098,0.3559806725175032
12037,0.703136865471114,0.2861304382370097,0.3560498501340906
12038,0.7031952800981366,0.2861993639883444,0.3561190086555334
12039,0.7032536947251592,0.2862682763463772,0.35618814808973703
12040,0.7033121093521818,0.2863371780964087,0.35625726844460215
12041,0.7033705239792044,0.2864060687723356,0.3563263697280252
12042,0.703428938606227,0.28647494614935715,0.3563954519478984
12043,0.7034873532332496,0.2865438152350716,0.3564645151121094
12044,0.7035457678602722,0.286612674869588,0.3565335592285416
12045,0.7036041824872948,0.2866815208003436,0.3566025843050741
12046,0.7036625971143174,0.2867503485374031,0.3566715903495815
12047,0.70372101174134,0.28681917168795984,0.35674057736993425
12048,0.7037794263683627,0.28688800342985676,0.3568095453739983
12049,0.7038378409953853,0.28695682641158554,0.3568784943696354
12050,0.7038962556224079,0.2870256506811254,0.3569474243647029
12051,0.7039546702494305,0.2870944840057431,0.35701633536705374
12052,0.7040130848764531,0.28716331179865373,0.3570852273845367
12053,0.7040714995034757,0.28723213406052406,0.35715410042499607
12054,0.7041299141304983,0.2873009507920207,0.35722295449627195
12055,0.7041883287575209,0.28736976199381037,0.35729178960620006
12056,0.7042467433845435,0.28743856766655945,0.35736060576261186
12057,0.7043051580115661,0.28750736781093433,0.35742940297333436
12058,0.7043635726385887,0.28757616242760126,0.3574981812461904
12059,0.7044219872656113,0.2876449515172264,0.35756694058899857
12060,0.704480401892634,0.2877137350804758,0.3576356810095729
12061,0.7045388165196566,0.28778251311801545,0.3577044025157233
12062,0.7045972311466792,0.2878512856305111,0.3577731051152554
12063,0.7046556457737018,0.2879200526186285,0.35784178881597045
12064,0.7047140604007244,0.2879888140830333,0.3579104536256655
12065,0.704772475027747,0.288057570024391,0.35797909955213325
12066,0.7048308896547696,0.28812632044336695,0.35804772660316214
12067,0.7048893042817922,0.2881950653406265,0.35811633478653626
12068,0.7049477189088148,0.2882638047168349,0.35818492411003555
12069,0.7050061335358374,0.2883325385726571,0.3582534945814355
12070,0.70506454816286,0.2884012669087582,0.35832204620850755
12071,0.7051229627898826,0.288469989725803,0.35839057899901866
12072,0.7051813774169052,0.28853870702445633,0.3584590929607316
12073,0.7052397920439278,0.28860741880538276,0.3585275881014049
12074,0.7052982066709504,0.2886761250692469,0.3585960644287928
12075,0.705356621297973,0.2887448258167131,0.35866452195064535
12076,0.7054150359249957,0.2888135210484459,0.3587329606747082
12077,0.7054734505520183,0.28888221076510934,0.35880138060872296
12078,0.7055318651790409,0.2889508949673676,0.35886978176042666
12079,0.7055902798060635,0.2890195736558847,0.3589381641375524
12080,0.7056486944330861,0.2890882468313246,0.359006527747829
12081,0.7057071090601087,0.28915691449435105,0.3590748725989808
12082,0.7057655236871313,0.28922557664562776,0.3591431986987281
12083,0.7058239383141539,0.28929423328581827,0.359211506054787
12084,0.7058823529411765,0.28936288441558616,0.3592797946748692
12085,0.7059407675681991,0.28943153003559474,0.35934806456668233
12086,0.7059991821952217,0.28950017014650736,0.3594163157379297
12087,0.7060575968222443,0.28956880474898705,0.35948454819631037
12088,0.706116011449267,0.289637433843697,0.3595527619495193
12089,0.7061744260762896,0.2897060574313001,0.3596209570052471
12090,0.7062328407033122,0.2897746755124592,0.35968913337118025
12091,0.7062912553303348,0.28984328808783705,0.359757291055001
12092,0.7063496699573574,0.2899118951580963,0.35982543006438733
12093,0.70640808458438,0.2899804967238994,0.35989355040701315
12094,0.7064664992114026,0.2900490927859089,0.35996165209054803
12095,0.7065249138384252,0.2901176807583944,0.3600297060662914
12096,0.7065833284654478,0.29018626152490384,0.36009770395701024
12097,0.7066417430924704,0.2902548367902944,0.3601656832480169
12098,0.706700157719493,0.2903234065552281,0.36023364394694174
12099,0.7067585723465155,0.29039197082036655,0.36030158606141105
12100,0.7068169869735381,0.29046055858622327,0.36036950959904696
12101,0.7068754016005607,0.29052927072719703,0.3604374145674673
12102,0.7069338162275833,0.2905980835170192,0.3605053009742859
12103,0.7069922308546059,0.29066694045732433,0.36057316882711227
12104,0.7070506454816285,0.29073580281800887,0.3606410181335519
12105,0.7071090601086512,0.2908046522613281,0.36070884890120614
12106,0.7071674747356738,0.2908735573588247,0.360776661137672
12107,0.7072258893626964,0.29094247410937435,0.3608444548505424
12108,0.707284303989719,0.2910113790671373,0.3609122300474063
12109,0.7073427186167416,0.2910802678529192,0.3609799867358483
12110,0.7074011332437642,0.29114923750433264,0.361047724923449
12111,0.7074595478707868,0.29121819249522796,0.3611154446177847
12112,0.7075179624978094,0.2912872081522775,0.36118314582642774
12113,0.707576377124832,0.29135627908761613,0.36125082855694624
12114,0.7076347917518546,0.2914253249859871,0.36131849281690415
12115,0.7076932063788772,0.2914943664177581,0.3613861386138614
12116,0.7077516210058998,0.2915634066749927,0.36145376595537365
12117,0.7078100356329224,0.29163247187513386,0.36152137484899266
12118,0.707868450259945,0.29170154467205095,0.36158896530226575
12119,0.7079268648869677,0.2917706952293225,0.3616565373227365
12120,0.7079852795139903,0.2918398517718223,0.361724090917944
12121,0.7080436941410129,0.2919090033741182,0.3617916260954236
12122,0.7081021087680355,0.29197830338994496,0.36185914286270615
12123,0.7081605233950581,0.29204759469060343,0.36192664122731877
12124,0.7082189380220807,0.29211692439636217,0.3619941211967842
12125,0.7082773526491033,0.29218626911030493,0.3620615827786212
12126,0.7083357672761259,0.29225562693212254,0.36212902598034447
12127,0.7083941819031485,0.29232500962217045,0.3621964508094645
12128,0.7084525965301711,0.2923944272100298,0.3622641509433962
12129,0.7085110111571937,0.2924638521771436,0.36233180368670764
12130,0.7085694257842163,0.2925332726125696,0.36239940908914203
12131,0.7086278404112389,0.29260279285502633,0.3624669672003731
12132,0.7086862550382615,0.2926723221739938,0.36253788173129226
12133,0.7087446696652842,0.29274184188978636,0.36260876320696084
12134,0.7088030842923068,0.292811344015154,0.36267961165048546
12135,0.7088614989193294,0.2928808285567722,0.3627504270849511
12136,0.708919913546352,0.29295040229119873,0.36282120953342134
12137,0.7089783281733746,0.29301996877387265,0.3628919590189382
12138,0.7090367428003972,0.29308969128111023,0.3629626755645224
12139,0.7090951574274198,0.2931594051569412,0.363033359193173
12140,0.7091535720544424,0.2932291655173338,0.36310400992786784
12141,0.709211986681465,0.2932989147361607,0.3631747262331621
12142,0.7092704013084876,0.29336864576688026,0.3632453795187725
12143,0.7093288159355102,0.29343835355618325,0.36331596986890263
12144,0.7093872305625328,0.2935080519793414,0.363386656865969
12145,0.7094456451895554,0.29357773927715597,0.3634605342049784
12146,0.709504059816578,0.29364741545229056,0.3635343943994276
12147,0.7095624744436007,0.2937170805074079,0.36360823745528376
12148,0.7096208890706233,0.2937867344451698,0.36368205366117684
12149,0.7096793036976459,0.29385637726823727,0.36375582136852885
12150,0.7097377183246685,0.2939260089792704,0.36382958168292917
12151,0.7097961329516911,0.29399562958092856,0.3639033248971233
12152,0.7098545475787137,0.29406523907587023,0.3639770510170572
12153,0.7099129622057363,0.2941348374667529,0.36405076004867404
12154,0.7099713768327589,0.29420442475623343,0.3641244519979142
12155,0.7100297914597815,0.2942740009469677,0.36419812687071546
12156,0.7100882060868041,0.29434356604161077,0.3642717846730127
12157,0.7101466207138267,0.29441312004281683,0.36434542541073806
12158,0.7102050353408493,0.29448266295323927,0.36441904908982103
12159,0.7102634499678719,0.29455219477553063,0.36449265571618833
12160,0.7103218645948945,0.2946217155123425,0.36456624529576376
12161,0.7103802792219172,0.29469122516632584,0.36463981783446864
12162,0.7104386938489398,0.29476072374013057,0.3647133733382214
12163,0.7104971084759624,0.2948302112364058,0.3647869118129377
12164,0.710555523102985,0.29489968765779984,0.36486043326453055
12165,0.7106139377300076,0.2949691530069602,0.3649339376989102
12166,0.7106723523570302,0.2950386072865334,0.36500742512198414
12167,0.7107307669840528,0.29510804944285407,0.3650808955396571
12168,0.7107891816110754,0.2951774787796603,0.3651543489578312
12169,0.710847596238098,0.2952468970557099,0.3652277853824057
12170,0.7109060108651206,0.2953163042736459,0.3653012048192771
12171,0.7109644254921432,0.2953857004361104,0.36537460727433935
12172,0.7110228401191658,0.29545508554574457,0.36544799275348355
12173,0.7110812547461884,0.29552445960518875,0.36552136126259804
12174,0.711139669373211,0.2955938186723163,0.36559471280756856
12175,0.7111980840002337,0.2956631638753759,0.365668047394278
12176,0.7112564986272563,0.29573249803831536,0.36574136502860666
12177,0.7113149132542789,0.2958018211637711,0.365814665716432
12178,0.7113733278813015,0.29587113325437847,0.36588794946362885
12179,0.7114317425083241,0.29594043431277206,0.36596121627606926
12180,0.7114901571353467,0.2960097243415856,0.3660344661596226
12181,0.7115485717623693,0.29607900334345205,0.36610769912015556
12182,0.7116069863893919,0.2961482713210034,0.3661809151635321
12183,0.7116654010164145,0.296217528276871,0.36625411429561333
12184,0.7117238156434371,0.29628677421368504,0.36632729652225793
12185,0.7117822302704597,0.29635599844872274,0.3664004618493217
12186,0.7118406448974823,0.2964251984375142,0.3664736102826576
12187,0.7118990595245049,0.29649437504402826,0.3665467418281163
12188,0.7119574741515275,0.2965636300400957,0.3666198564915453
12189,0.7120158887785502,0.2966329275433017,0.36669295427878973
12190,0.7120743034055728,0.29670232490508885,0.3667660351956919
12191,0.7121327180325954,0.2967717144540833,0.3668390992480914
12192,0.712191132659618,0.29684143775022925,0.3669121464418251
12193,0.7122495472866406,0.296911256534682,0.3669851767827274
12194,0.7123079619136632,0.29698106829228454,0.36705819027662967
12195,0.7123663765406858,0.29705088509714483,0.36713118692936086
12196,0.7124247911677084,0.2971206880363693,0.3672041667467471
12197,0.712483205794731,0.29719047711408825,0.3672771297346119
12198,0.7125416204217536,0.29726025233443015,0.367350075898776
12199,0.7126000350487762,0.29733000569230295,0.36742300524505755
12200,0.7126584496757988,0.29739973613804827,0.36749591777927193
12201,0.7127168643028214,0.29746954883990795,0.3675688135072319
12202,0.712775278929844,0.2975393433534695,0.36764169243474754
12203,0.7128336935568667,0.29760921951837,0.3677145545676262
12204,0.7128921081838893,0.2976790866240356,0.36778739991167264
12205,0.7129505228109119,0.29774901395633513,0.3678602284726889
12206,0.7130089374379345,0.2978189686010176,0.3679330402564742
12207,0.7130673520649571,0.29788898391915797,0.36800583526882547
12208,0.7131257666919797,0.2979590295183332,0.36807861351553656
12209,0.7131841813190023,0.29802916831780824,0.3681513750023988
12210,0.7132425959460249,0.29809929970350885,0.36822411973520097
12211,0.7133010105730475,0.2981694236766105,0.3682968477197291
12212,0.7133594252000701,0.2982395402382883,0.36836955896176643
12213,0.7134178398270927,0.29830964938971716,0.3684422534670938
12214,0.7134762544541153,0.29837985814156254,0.3685149312414891
12215,0.7135346690811379,0.2984500502023949,0.3685875922907278
12216,0.7135930837081605,0.29852022557816543,0.36866023662058256
12217,0.7136514983351832,0.29859038427482276,0.36873286423682344
12218,0.7137099129622058,0.29866052629831247,0.3688054751452179
12219,0.7137683275892284,0.2987306516545774,0.3688780693515306
12220,0.713826742216251,0.29880076034955766,0.36895064686152373
12221,0.7138851568432736,0.29887085238919037,0.36902320768095664
12222,0.7139435714702962,0.2989409277794099,0.36909575181558624
12223,0.7140019860973188,0.2990109865261478,0.36916827927116663
12224,0.7140604007243414,0.2990810286353329,0.3692407900534493
12225,0.714118815351364,0.2991510877088538,0.3693132841681831
12226,0.7141772299783866,0.2992211554228029,0.3693857616211143
12227,0.7142356446054092,0.29929124926557343,0.3694582224179865
12228,0.7142940592324318,0.2993613461001616,0.36953066656454053
12229,0.7143524738594544,0.2994314479907061,0.36960309406651476
12230,0.714410888486477,0.2995016122147734,0.36967550492964485
12231,0.7144693031134997,0.29957180195233774,0.3697478991596639
12232,0.7145277177405223,0.29964202980094545,0.36982027676230217
12233,0.7145861323675449,0.29971227447864063,0.36989263774328746
12234,0.7146445469945675,0.2997825363752689,0.369964982108345
12235,0.7147029616215901,0.29985285197108497,0.37003730986319716
12236,0.7147613762486127,0.29992324801375697,0.3701096210135639
12237,0.7148197908756353,0.2999937456804371,0.3701819155651625
12238,0.7148782055026579,0.30006421823016755,0.37025419352370753
12239,0.7149366201296805,0.3001346558658255,0.37032645489491095
12240,0.7149950347567031,0.3002050942918594,0.37039869968448225
12241,0.7150534493837257,0.3002755105141861,0.37047092789812813
12242,0.7151118640107483,0.3003458697161593,0.37054313954155277
12243,0.7151702786377709,0.3004162187375572,0.37061533462045765
12244,0.7152286932647935,0.30048655531826535,0.37068751314054166
12245,0.7152871078918162,0.3005569618749579,0.3707596751075012
12246,0.7153455225188388,0.3006273982376195,0.37083182052702984
12247,0.7154039371458614,0.30069798298975525,0.37090394940481874
12248,0.715462351772884,0.30076860873582245,0.3709760617465564
12249,0.7155207663999066,0.30083931969868916,0.3710481575579285
12250,0.7155791810269292,0.30091002548784884,0.3711202368446185
12251,0.7156375956539518,0.3009807226443792,0.3711922996123069
12252,0.7156960102809744,0.30105141123076556,0.3712643458666718
12253,0.715754424907997,0.3011220825394707,0.37133637561338856
12254,0.7158128395350196,0.3011928435204195,0.37140838885813016
12255,0.7158712541620422,0.30126358219540467,0.37148038560656677
12256,0.7159296687890648,0.3013342985749719,0.371552365864366
12257,0.7159880834160874,0.3014049926696602,0.371624329637193
12258,0.71604649804311,0.30147566449000174,0.37169627693071006
12259,0.7161049126701327,0.3015463140465223,0.3717682077505772
12260,0.7161633272971553,0.3016169413497409,0.3718401221024516
12261,0.7162217419241779,0.30168754641016987,0.3719120199919879
12262,0.7162801565512005,0.3017581292383151,0.37198390142483834
12263,0.7163385711782231,0.30182868984467565,0.3720557664066523
12264,0.7163969858052456,0.30189922391890106,0.3721276149430767
12265,0.7164554004322682,0.3019697156166816,0.37219944703975594
12266,0.7165138150592908,0.3020401897280917,0.3722712627023317
12267,0.7165722296863134,0.3021107984481665,0.3723430619364432
12268,0.716630644313336,0.3021812667654159,0.37241484474772696
12269,0.7166890589403586,0.30225172402251654,0.3724866111418171
12270,0.7167474735673812,0.30232217022207214,0.37255836112434493
12271,0.7168058881944038,0.30239276826357764,0.3726300947009394
12272,0.7168643028214264,0.30246342461874315,0.37270181187722673
12273,0.716922717448449,0.30253407182725883,0.3727735126588307
12274,0.7169811320754716,0.3026047871870942,0.3728451970513724
12275,0.7170395467024943,0.30267553563548105,0.37291686506047045
12276,0.7170979613295169,0.302746273738589,0.37298851669174077
12277,0.7171563759565395,0.3028170021322942,0.3730601519507969
12278,0.7172147905835621,0.30288772081859555,0.3731317708432496
12279,0.7172732052105847,0.3029584297994915,0.3732033733747073
12280,0.7173316198376073,0.30302912907697976,0.37327495955077566
12281,0.7173900344646299,0.30309981865305763,0.3733465293770579
12282,0.7174484490916525,0.30317049852972183,0.3734180828591547
12283,0.7175068637186751,0.30324116870896856,0.373489620002664
12284,0.7175652783456977,0.30331182919279337,0.37356114081318137
12285,0.7176236929727203,0.30338247998319134,0.3736326452962998
12286,0.7176821075997429,0.30345312108215705,0.3737041334576097
12287,0.7177405222267655,0.3035237524916845,0.3737756053026989
12288,0.7177989368537881,0.303594374213767,0.3738470608371527
12289,0.7178573514808108,0.30366498625039756,0.37391850006655386
12290,0.7179157661078334,0.3037355886035684,0.37398992299648254
12291,0.717974180734856,0.3038061812752715,0.3740613296325165
12292,0.7180325953618786,0.3038767642674979,0.3741327199802308
12293,0.7180910099889012,0.30394733758223835,0.37420409404519794
12294,0.7181494246159238,0.3040179012214831,0.3742754518329881
12295,0.7182078392429464,0.3040885358194099,0.37434679334916865
12296,0.718266253869969,0.30415922350882546,0.3744181185993046
12297,0.7183246684969916,0.3042299542616247,0.3744894275889583
12298,0.7183830831240142,0.3043006853839191,0.37456072032368976
12299,0.7184414977510368,0.3043714575319159,0.3746319968090562
12300,0.7184999123780594,0.3044422398002193,0.37470325705061247
12301,0.718558327005082,0.30451301615930343,0.37477450105391086
12302,0.7186167416321046,0.3045838030623089,0.3748457288245011
12303,0.7186751562591273,0.3046546280019898,0.37491694036793044
12304,0.7187335708861499,0.30472542523977364,0.37498813568974354
12305,0.7187919855131725,0.30479637362659256,0.37505929678753724
12306,0.7188504001401951,0.30486732334558436,0.3751304380822282
12307,0.7189088147672177,0.3049382605795762,0.37520156318175785
12308,0.7189672293942403,0.30500919114190067,0.37527267209165577
12309,0.7190256440212629,0.3050801769844803,0.375343764817449
12310,0.7190840586482855,0.305151157822683,0.37541484136466213
12311,0.7191424732753081,0.30522212682339067,0.37548590173881713
12312,0.7192008879023307,0.3052930839895643,0.37555694594543354
12313,0.7192593025293533,0.30536405363847574,0.37562797399002823
12314,0.7193177171563759,0.3054350851795587,0.37569898587811584
12315,0.7193761317833985,0.30550611219224855,0.3757720434996779
12316,0.7194345464104211,0.3055771740032645,0.37584528251851573
12317,0.7194929610374438,0.3056482416345968,0.3759184910234073
12318,0.7195513756644664,0.3057193389323,0.3759916690334185
12319,0.719609790291489,0.3057905598270268,0.37606481656759927
12320,0.7196682049185116,0.30586178318312257,0.3761379336449836
12321,0.7197266195455342,0.3059329972678008,0.37621102028458975
12322,0.7197850341725568,0.3060042020828717,0.37628407650542006
12323,0.7198434487995794,0.30607539763014513,0.37635710232646113
12324,0.719901863426602,0.3061465839114303,0.3764300977666837
12325,0.7199602780536246,0.30621776092853603,0.3765030628450427
12326,0.7200186926806472,0.3062889286832707,0.3765759975804775
12327,0.7200771073076698,0.3063600871774421,0.3766489019919114
12328,0.7201355219346924,0.3064312364128577,0.37672177609825225
12329,0.720193936561715,0.30650237639132444,0.376794619918392
12330,0.7202523511887376,0.3065735071146487,0.37686743347120705
12331,0.7203107658157603,0.3066446463022581,0.376940216775558
12332,0.7203691804427829,0.3067157640559221,0.3770129698502898
12333,0.7204275950698055,0.30678689101708084,0.3770856927142318
12334,0.7204860096968281,0.30685803797350597,0.37715838538619767
12335,0.7205444243238507,0.306929184710876,0.37723104788498546
12336,0.7206028389508733,0.30700043116539055,0.3773036802293777
12337,0.7206612535778959,0.3070716777350446,0.3773762824381412
12338,0.7207196682049185,0.3071430229135909,0.37744885453002736
12339,0.7207780828319411,0.30721437017715475,0.3775213965237718
12340,0.7208364974589637,0.30728571159499646,0.37759523719808585
12341,0.7208949120859863,0.3073571074639179,0.3776697931969714
12342,0.7209533267130089,0.3074285320146556,0.377744304274148
12343,0.7210117413400315,0.30749995583713813,0.3778187704702029
12344,0.7210701559670541,0.30757138880845974,0.37789527160517056
12345,0.7211285705940768,0.3076428321598868,0.3779717123081553
12346,0.7211869852210994,0.3077142676258857,0.3780480926507361
12347,0.721245399848122,0.307785688944168,0.37812535248336276
12348,0.7213038144751446,0.3078571051608594,0.3782025977931916
12349,0.7213622291021672,0.30792851534987353,0.37827982858431697
12350,0.7214206437291898,0.3079999195119737,0.3783570448608318
12351,0.7214790583562124,0.3080713176479227,0.3784342466268275
12352,0.721537472983235,0.30814277366149084,0.37851143388639397
12353,0.7215958876102576,0.3082144977573838,0.37858860664361943
12354,0.7216543022372802,0.30828623275377304,0.3786657649025907
12355,0.7217127168643028,0.3083579286602491,0.378742908667393
12356,0.7217711314913254,0.30842963308609916,0.3788200379421101
12357,0.721829546118348,0.3085013599106287,0.37889715273082414
12358,0.7218879607453706,0.30857311196900983,0.3789742530376157
12359,0.7219463753723933,0.3086448491385006,0.379051338866564
12360,0.7220047899994159,0.30871657142373476,0.37912841022174654
12361,0.7220632046264385,0.3087882788293442,0.3792054671072394
12362,0.7221216192534611,0.30885997135995885,0.37928250952711706
12363,0.7221800338804837,0.3089316490202067,0.3793595374854526
12364,0.7222384485075063,0.30900331181471397,0.3794365509863173
12365,0.7222968631345289,0.3090749597481048,0.37951355003378123
12366,0.7223552777615515,0.3091465928250014,0.3795905346319128
12367,0.7224136923885741,0.30921821105002417,0.3796675047847788
12368,0.7224721070155967,0.3092898144277915,0.3797444604964446
12369,0.7225305216426193,0.30936140296292003,0.379821401770974
12370,0.7225889362696419,0.3094329766600243,0.37989832861242945
12371,0.7226473508966645,0.309504535523717,0.3799752410248715
12372,0.7227057655236871,0.3095760795586089,0.38005213901235957
12373,0.7227641801507098,0.30964760876930886,0.3801290225789513
12374,0.7228225947777324,0.30971912316042394,0.38020589172870295
12375,0.722881009404755,0.30979067571557767,0.3802827464656692
12376,0.7229394240317776,0.30986221846619594,0.38035958679390314
12377,0.7229978386588002,0.3099337675132033,0.3804364127174565
12378,0.7230562532858228,0.3100053065571764,0.38051322424037937
12379,0.7231146679128454,0.3100768556630898,0.3805900213667204
12380,0.723173082539868,0.3101484107309863,0.3806668041005266
12381,0.7232314971668906,0.3102199578606677,0.3807435724458436
12382,0.7232899117939132,0.310291536287317,0.3808203264067155
12383,0.7233483264209358,0.31036310597831124,0.38089706598718476
12384,0.7234067410479584,0.31043475375405033,0.38097379119129243
12385,0.723465155674981,0.3105064541025465,0.38105050202307805
12386,0.7235235703020036,0.31057816381800196,0.3811271984865796
12387,0.7235819849290263,0.310649887272769,0.3812038805858336
12388,0.7236403995560489,0.31072163685546594,0.381280548324875
12389,0.7236988141830715,0.3107933856310865,0.38135720170773724
12390,0.7237572288100941,0.31086523596882093,0.3814338407384523
12391,0.7238156434371167,0.3109370746960841,0.38151046542105066
12392,0.7238740580641393,0.3110088917871843,0.3815870757595612
12393,0.7239324726911619,0.31108069682363093,0.38166367175801136
12394,0.7239908873181845,0.31115262062124766,0.3817402534204271
12395,0.7240493019452071,0.31122462010975405,0.3818168207508328
12396,0.7241077165722297,0.31129661345951115,0.3818933737532514
12397,0.7241661311992523,0.311368600671304,0.3819699124317042
12398,0.7242245458262749,0.3114406038903871,0.3820464367902112
12399,0.7242829604532975,0.3115125943007802,0.3821229468327908
12400,0.7243413750803201,0.3115846542177444,0.38219944256345983
12401,0.7243997897073428,0.31165674004292065,0.3822759239862337
12402,0.7244582043343654,0.3117288467902105,0.3823523911051263
12403,0.724516618961388,0.3118010336452507,0.38242884392415005
12404,0.7245750335884106,0.3118732487264813,0.38250528244731574
12405,0.7246334482154332,0.31194548541060424,0.38258170667863284
12406,0.7246918628424558,0.3120177233266839,0.38265811662210925
12407,0.7247502774694784,0.31208995285104413,0.3827345122817512
12408,0.724808692096501,0.31216217398514706,0.3828108936615638
12409,0.7248671067235236,0.31223438673045456,0.38288726076555024
12410,0.7249255213505462,0.3123065910884281,0.3829636135977125
12411,0.7249839359775688,0.3123787870605289,0.38303995216205106
12412,0.7250423506045914,0.31245097464821775,0.3831162764625647
12413,0.725100765231614,0.3125231538529552,0.3831925865032509
12414,0.7251591798586366,0.3125953246762013,0.3832688822881055
12415,0.7252175944856593,0.312667487119416,0.38334516382112305
12416,0.7252760091126819,0.3127396411840586,0.38342143110629634
12417,0.7253344237397045,0.31281178687158834,0.3834976841476169
12418,0.7253928383667271,0.312883924183464,0.38357392294907466
12419,0.7254512529937497,0.3129561688485695,0.3836501475146581
12420,0.7255096676207723,0.313028406120465,0.3837263578483541
12421,0.7255680822477949,0.31310067150323956,0.3838025539541483
12422,0.7256264968748175,0.3131729610862608,0.38387873583602455
12423,0.7256849115018401,0.31324532478457523,0.3839549034979654
12424,0.7257433261288627,0.31331775420147034,0.3840310569439519
12425,0.7258017407558853,0.31339020250214183,0.3841071961779636
12426,0.7258601553829079,0.31346263959655774,0.3841833212039784
12427,0.7259185700099305,0.31353506548731785,0.38425943202597307
12428,0.725976984636953,0.31360748017702134,0.38433552864792253
12429,0.7260353992639756,0.3136798836682664,0.38441161107380045
12430,0.7260938138909983,0.3137522759636504,0.38448767930757893
12431,0.7261522285180209,0.3138246570657702,0.38456373335322863
12432,0.7262106431450435,0.31389708063779964,0.3846397495854372
12433,0.7262690577720661,0.3139695505255466,0.3847156530483036
12434,0.7263274723990887,0.31404205291884746,0.384791468929708
12435,0.7263858870261113,0.31411454774764713,0.38486731921545275
12436,0.7264443016531339,0.31418703501312945,0.38494315538767837
12437,0.7265027162801565,0.3142597182630882,0.3850189774503237
12438,0.7265611309071791,0.31433238747321285,0.3850947854073261
12439,0.7266195455342017,0.314405042647571,0.3851705792626214
12440,0.7266779601612243,0.3144776812778697,0.385246359020144
12441,0.7267363747882469,0.31455029352975367,0.3853221246838268
12442,0.7267947894152695,0.31462289176380354,0.3853978762576014
12443,0.7268532040422921,0.31469550781561706,0.38547361374539774
12444,0.7269116186693148,0.31476820525009896,0.3855493371511444
12445,0.7269700332963374,0.31484088610361427,0.3856250464787685
12446,0.72702844792336,0.31491362339267137,0.38570074173219565
12447,0.7270868625503826,0.3149864523483046,0.38577642291535
12448,0.7271452771774052,0.31505937298487424,0.3858520900321543
12449,0.7272036918044278,0.3151322861246233,0.3859277430865299
12450,0.7272621064314504,0.3152052289259396,0.38600338208239643
12451,0.727320521058473,0.31527816127692065,0.38607900702367237
12452,0.7273789356854956,0.31535108317981214,0.3861546179142746
12453,0.7274373503125182,0.31542399966166224,0.3862302147581185
12454,0.7274957649395408,0.31549708250579445,0.38630579755911804
12455,0.7275541795665634,0.3155701456334941,0.3863813663211858
12456,0.727612594193586,0.31564318905273897,0.3864569210482328
12457,0.7276710088206086,0.3157162127715023,0.3865324617441688
12458,0.7277294234476313,0.3157892167977531,0.3866079884129018
12459,0.7277878380746539,0.3158623965938683,0.3866835010583386
12460,0.7278462527016765,0.31593556463341166,0.38675899968438443
12461,0.7279046673286991,0.3160087627726441,0.3868344842949432
12462,0.7279630819557217,0.31608198334060156,0.38690995489391716
12463,0.7280214965827443,0.31615518742668014,0.3869854114852073
12464,0.7280799112097669,0.31622837088218686,0.3870608540727131
12465,0.7281383258367895,0.3163015430692219,0.38713628266033256
12466,0.7281967404638121,0.3163747527974742,0.3872116972519622
12467,0.7282551550908347,0.3164479576215636,0.3872870978514973
12468,0.7283135697178573,0.31652114882952254,0.3873624844628314
12469,0.7283719843448799,0.31659432642514956,0.3874378570898568
12470,0.7284303989719025,0.31666749041224185,0.3875132157364643
12471,0.7284888135989251,0.3167408207092232,0.38758856040654327
12472,0.7285472282259478,0.31681421105095436,0.3876638911039816
12473,0.7286056428529704,0.31688757599074613,0.3877392078326658
12474,0.728664057479993,0.31696105819654713,0.3878145105964808
12475,0.7287224721070156,0.3170345975694342,0.38788979939931034
12476,0.7287808867340382,0.31710814404440235,0.3879650742450364
12477,0.7288393013610608,0.31718174902379165,0.3880403351375398
12478,0.7288977159880834,0.31725534671495953,0.38811558208069985
12479,0.728956130615106,0.3173289565054099,0.3881908150783943
12480,0.7290145452421286,0.31740259697990136,0.38826603413449956
12481,0.7290729598691512,0.3174762121464822,0.3883412392528906
12482,0.7291313744961738,0.3175498348051488,0.38841643043744095
12483,0.7291897891231964,0.31762347269814967,0.3884916076920227
12484,0.729248203750219,0.31769713723280435,0.38856677102050646
12485,0.7293066183772416,0.31777079139266995,0.3886419204267615
12486,0.7293650330042643,0.31784443517993816,0.3887170559146556
12487,0.7294234476312869,0.31791806499452596,0.3887921774880551
12488,0.7294818622583095,0.31799169163629226,0.38886728515082497
12489,0.7295402768853321,0.318065309462708,0.38894237890682865
12490,0.7295986915123547,0.31813889620894464,0.38901745875992816
12491,0.7296571061393773,0.31821247812159925,0.3890925247139842
12492,0.7297155207663999,0.31828606521549263,0.389167576772856
12493,0.7297739353934225,0.3183597153558441,0.3892426149404013
12494,0.7298323500204451,0.3184333651827378,0.38931763922047635
12495,0.7298907646474677,0.3185069983949802,0.3893926496169362
12496,0.7299491792744903,0.31858059952113316,0.3894676461336343
12497,0.7300075939015129,0.31865424269888454,0.38954262877442275
12498,0.7300660085285355,0.3187279050840691,0.3896175975431521
12499,0.7301244231555581,0.31880156101500806,0.3896925524436716
12500,0.7301828377825808,0.31887525417561147,0.3897674934798291
12501,0.7302412524096034,0.31894892556159177,0.38984242065547087
12502,0.730299667036626,0.3190225837749819,0.38991733397444195
12503,0.7303580816636486,0.3190962288193144,0.3899922334405858
12504,0.7304164962906712,0.3191698606981206,0.3900671190577446
12505,0.7304749109176938,0.3192434794149306,0.3901419908297589
12506,0.7305333255447164,0.31931709587157375,0.3902168487604681
12507,0.730591740171739,0.319390750934616,0.39029169285370996
12508,0.7306501547987616,0.3194644105584618,0.3903665231133209
12509,0.7307085694257842,0.3195380703652011,0.3904413395431359
12510,0.7307669840528068,0.3196117076296055,0.3905161421469887
12511,0.7308253986798294,0.3196853447079535,0.39059093092871133
12512,0.730883813306852,0.319758988905803,0.39066570589213456
12513,0.7309422279338746,0.3198326148754083,0.3907404670410878
12514,0.7310006425608973,0.3199062325970953,0.39081521437939887
12515,0.7310590571879199,0.3199799341948147,0.3908899479108944
12516,0.7311174718149425,0.3200537286678452,0.39096466763939935
12517,0.7311758864419651,0.3201276144489418,0.3910393735687375
12518,0.7312343010689877,0.3202014937311774,0.39111406570273116
12519,0.7312927156960103,0.32027539450994974,0.3911887440452011
12520,0.7313511303230329,0.3203493638262559,0.3912634085999668
12521,0.7314095449500555,0.32042338223997235,0.39133805937084626
12522,0.7314679595770781,0.32049746473341434,0.39141269636165615
12523,0.7315263742041007,0.3205715777708124,0.39148731957621175
12524,0.7315847888311233,0.320645680894838,0.39156192901832676
12525,0.7316432034581459,0.3207197741074801,0.3916365246918137
12526,0.7317016180851685,0.32079385741072697,0.39171110660048347
12527,0.7317600327121911,0.32086793080656645,0.3917856747481457
12528,0.7318184473392138,0.32094190334522293,0.3918602291386086
12529,0.7318768619662364,0.32101584982060144,0.39193476977567887
12530,0.731935276593259,0.32108978642315505,0.392009296663162
12531,0.7319936912202816,0.32116371315486086,0.39208380980486185
12532,0.7320521058473042,0.3212376300176954,0.39215830784537714
12533,0.7321105204743268,0.32131153701363474,0.3922327235210671
12534,0.7321689351013494,0.3213854341446543,0.3923071254881733
12535,0.732227349728372,0.3214593893326596,0.3923815137504835
12536,0.7322857643553946,0.32153336947496935,0.392455888311784
12537,0.7323441789824172,0.32160735360216014,0.3925302491758596
12538,0.7324025936094398,0.3216813272666097,0.3926045963464938
12539,0.7324610082364624,0.3217553296760557,0.39267892982746877
12540,0.732519422863485,0.32182928608072114,0.3927532496225651
12541,0.7325778374905076,0.3219033273051388,0.39282755573556216
12542,0.7326362521175303,0.3219773959320441,0.3929018481702378
12543,0.7326946667445529,0.32205152380057045,0.39297612693036865
12544,0.7327530813715755,0.32212565907097057,0.3930503920197298
12545,0.7328114959985981,0.3221998048381334,0.393124643442095
12546,0.7328699106256207,0.32227400118949123,0.3931988812012366
12547,0.7329283252526433,0.32234818963213435,0.3932731053009255
12548,0.7329867398796659,0.32242237950547115,0.39334731574493137
12549,0.7330451545066885,0.32249660838897254,0.3934215125370224
12550,0.7331035691337111,0.32257083084860283,0.3934956956809653
12551,0.7331619837607337,0.3226450623568866,0.39356986518052567
12552,0.7332203983877563,0.32271930390924863,0.3936440210394674
12553,0.7332788130147789,0.3227935877395001,0.3937181632615532
12554,0.7333372276418015,0.3228678668465708,0.39379229185054426
12555,0.7333956422688241,0.3229421357804208,0.3938664068102006
12556,0.7334540568958468,0.3230163945431398,0.3939405081442806
12557,0.7335124715228694,0.32309066715650514,0.39401459585654147
12558,0.733570886149892,0.3231650850577232,0.39408866995073893
12559,0.7336293007769146,0.32323949635419746,0.3941627304306273
12560,0.7336877154039372,0.32331390104680713,0.3942367772999596
12561,0.7337461300309598,0.3233882991364313,0.39431081056248735
12562,0.7338045446579824,0.32346269062394895,0.3943848302219609
12563,0.733862959285005,0.3235370755102388,0.394458836282129
12564,0.7339213739120276,0.3236114537961795,0.3945328287467392
12565,0.7339797885390502,0.3236858254826494,0.3946068076195375
12566,0.7340382031660728,0.32376019057052696,0.3946807729042686
12567,0.7340966177930954,0.3238345490606902,0.3947547246046759
12568,0.734155032420118,0.3239089009540172,0.3948286627245014
12569,0.7342134470471406,0.32398324625138575,0.3949025872674856
12570,0.7342718616741633,0.32405758495367354,0.3949764982373678
12571,0.7343302763011859,0.32413191706175803,0.39505039563788574
12572,0.7343886909282085,0.3242062425765167,0.395124279472776
12573,0.7344471055552311,0.3242805614988267,0.3951981497457736
12574,0.7345055201822537,0.32435487239745275,0.3952720064606123
12575,0.7345639348092763,0.3244291746543793,0.3953458496210244
12576,0.7346223494362989,0.32450347032210564,0.395419679230741
12577,0.7346807640633215,0.32457775940150824,0.39549349529349165
12578,0.7347391786903441,0.32465204189346347,0.39556729781300454
12579,0.7347975933173667,0.3247263177988475,0.39564108679300664
12580,0.7348560079443893,0.3248005871185362,0.39571486223722346
12581,0.7349144225714119,0.32487484985340553,0.3957886241493791
12582,0.7349728371984345,0.32494910600433113,0.3958623725331964
12583,0.7350312518254571,0.3250233555721886,0.3959361073923967
12584,0.7350896664524798,0.325097610532884,0.3960098287307001
12585,0.7351480810795024,0.3251718673990508,0.3960835365518253
12586,0.735206495706525,0.3252461095981497,0.39615723085948956
12587,0.7352649103335476,0.32532033713452563,0.3962309116574089
12588,0.7353233249605702,0.3253945582396381,0.39630457894929794
12589,0.7353817395875928,0.3254687684923175,0.39637823273886985
12590,0.7354401542146154,0.32554308955429695,0.39645187302983653
12591,0.735498568841638,0.3256174012112123,0.39652549982590846
12592,0.7355569834686606,0.3256917324735295,0.3965991131307949
12593,0.7356153980956831,0.32576613850887287,0.3966727129482035
12594,0.7356738127227057,0.3258405401293162,0.39674629928184085
12595,0.7357322273497283,0.32591493266494337,0.3968198721354119
12596,0.7357906419767509,0.32598931272754766,0.3968934315126204
12597,0.7358490566037735,0.3260636805629039,0.3969669774171688
12598,0.7359074712307961,0.32613803617402687,0.397040509852758
12599,0.7359658858578187,0.32621237956393034,0.3971140288230878
12600,0.7360243004848414,0.32628671073562715,0.3971875343318563
12601,0.736082715111864,0.3263610296921291,0.39726102638276056
12602,0.7361411297388866,0.326435336436447,0.3973345049794962
12603,0.7361995443659092,0.32650963097159075,0.3974079701257574
12604,0.7362579589929318,0.3265839133005691,0.39748142182523705
12605,0.7363163736199544,0.3266583047658277,0.39755486008162666
12606,0.736374788246977,0.32673268925496385,0.3976282848986165
12607,0.7364332028739996,0.3268071823906203,0.3977016962798953
12608,0.7364916175010222,0.32688165764602584,0.397775297755173
12609,0.7365500321280448,0.3269561150276174,0.39784887230423094
12610,0.7366084467550674,0.32703060140494544,0.3979224199418424
12611,0.73666686138209,0.32710513090353177,0.39799594068276983
12612,0.7367252760091126,0.32717966071739907,0.3980694345417649
12613,0.7367836906361352,0.32725417304946974,0.3981429015335685
12614,0.7368421052631579,0.3273287622264801,0.3982163416729107
12615,0.7369005198901805,0.32740332787005094,0.39828975497451075
12616,0.7369589345172031,0.3274779808182678,0.39836314145307733
12617,0.7370173491442257,0.3275526827434496,0.3984365011233082
12618,0.7370757637712483,0.3276273926531404,0.39850983399989043
12619,0.7371341783982709,0.32770220296091046,0.3985831400975004
12620,0.7371925930252935,0.32777699493974466,0.39865641943080377
12621,0.7372510076523161,0.32785182074626246,0.39872967201445547
12622,0.7373094222793387,0.3279266375163389,0.3988028978630997
12623,0.7373678369063613,0.3280015201971251,0.39887609699137005
12624,0.7374262515333839,0.32807640501830226,0.39894926941388936
12625,0.7374846661604065,0.3281513788280519,0.3990224151452698
12626,0.7375430807874291,0.3282264373541927,0.39909553420011307
12627,0.7376014954144517,0.328301493191438,0.3991686265930099
12628,0.7376599100414744,0.3283765619901535,0.3992416923385406
12629,0.737718324668497,0.3284516931420773,0.39931473145127483
12630,0.7377767392955196,0.32852682214213774,0.3993877439457716
12631,0.7378351539225422,0.3286020150349145,0.39946072983657926
12632,0.7378935685495648,0.3286773473021607,0.39953368913823567
12633,0.7379519831765874,0.32875269813467994,0.39960662186526796
12634,0.73801039780361,0.3288280530353323,0.39967952803219287
12635,0.7380688124306326,0.3289036747989766,0.3997524076535164
12636,0.7381272270576552,0.3289793526321636,0.399825260743734
12637,0.7381856416846778,0.32905503615130266,0.3998980873173306
12638,0.7382440563117004,0.32913071281506784,0.3999708873887807
12639,0.738302470938723,0.32920642934887706,0.40004364906154516
12640,0.7383608855657456,0.3292821373107014,0.40011635517416916
12641,0.7384193001927682,0.3293578367019964,0.40018902560933495
12642,0.7384777148197909,0.3294335275242175,0.4002616564305702
12643,0.7385361294468135,0.3295092097788195,0.4003342476702574
12644,0.7385945440738361,0.32958488346725695,0.40040679936074386
12645,0.7386529587008587,0.32966054859098426,0.4004793115343416
12646,0.7387113733278813,0.3297362494007078,0.4005589025186906
12647,0.7387697879549039,0.32981196288251546,0.4006385835056783
12648,0.7388282025819265,0.3298876649412153,0.4007182240278584
12649,0.7388866172089491,0.32996335557939216,0.40079782411604714
12650,0.7389450318359717,0.33003903479963026,0.40087738380102966
12651,0.7390034464629943,0.33011470260451303,0.40095690311355975
12652,0.7390618610900169,0.330190358996623,0.40103638208436004
12653,0.7391202757170395,0.33026600397854217,0.401115820744122
12654,0.7391786903440621,0.3303416375528515,0.401195219123506
12655,0.7392371049710847,0.33041725972213126,0.4012745772531412
12656,0.7392955195981074,0.330492870488961,0.40135389516362585
12657,0.73935393422513,0.3305684698559194,0.4014333025680004
12658,0.7394123488521526,0.33064405782558454,0.40151268410957913
12659,0.7394707634791752,0.3307196344005334,0.401592039800995
12660,0.7395291781061978,0.3307951995833425,0.40167136965487305
12661,0.7395875927332204,0.3308707533765875,0.4017506736838298
12662,0.739646007360243,0.3309462957828431,0.40182995190047377
12663,0.7397044219872656,0.33102182680468356,0.40190920431740523
12664,0.7397628366142882,0.331097346444682,0.4019884309472162
12665,0.7398212512413108,0.331172854705411,0.40206763180249055
12666,0.7398796658683334,0.3312483515894423,0.40214680689580395
12667,0.739938080495356,0.33132383709934693,0.4022259562397239
12668,0.7399964951223786,0.33139931123769495,0.40230507984680974
12669,0.7400549097494012,0.3314747740070559,0.40238417772961255
12670,0.7401133243764239,0.33155022540999834,0.4024632499006754
12671,0.7401717390034465,0.3316256654490902,0.4025422963725331
12672,0.7402301536304691,0.3317010941268986,0.4026213171577123
12673,0.7402885682574917,0.33177651144598974,0.4027003122687316
12674,0.7403469828845143,0.3318519174089293,0.4027792817181014
12675,0.7404053975115369,0.33192731201828196,0.40285822551832406
12676,0.7404638121385595,0.3320026952766118,0.40293714368189365
12677,0.7405222267655821,0.33207806718648203,0.4030160362212962
12678,0.7405806413926047,0.3321534277504551,0.40309490314900986
12679,0.7406390560196273,0.3322288185342168,0.40317374447750426
12680,0.7406974706466499,0.33230419229871405,0.40325256021924133
12681,0.7407558852736725,0.3323795490497092,0.4033313503866746
12682,0.7408142999006951,0.3324548887929621,0.4034101149922497
12683,0.7408727145277177,0.33253021153423,0.40348885404840423
12684,0.7409311291547404,0.3326055172792675,0.40356756756756756
12685,0.740989543781763,0.3326808060338267,0.4036462555621611
12686,0.7410479584087856,0.33275607780365696,0.40372491804459815
12687,0.7411063730358082,0.33283133259450515,0.40380355502728404
12688,0.7411647876628308,0.3329065704121155,0.40388216652261594
12689,0.7412232022898534,0.3329817912622297,0.4039607525429832
12690,0.741281616916876,0.33305699515058684,0.4040393131007668
12691,0.7413400315438986,0.3331321820829234,0.40411784820834007
12692,0.7413984461709212,0.3332073520649732,0.40419635787806807
12693,0.7414568607979438,0.3332825051024676,0.40427484212230796
12694,0.7415152754249664,0.3333576357235926,0.4043533009534089
12695,0.741573690051989,0.33343271557200427,0.40443173438371194
12696,0.7416321046790116,0.33350776106542285,0.4045101424255503
12697,0.7416905193060342,0.33358277462930774,0.4045885250912491
12698,0.7417489339330569,0.33365775442091167,0.40466688239312554
12699,0.7418073485600795,0.3337327079532135,0.4047452143434888
12700,0.7418657631871021,0.3338076305651268,0.4048235209546402
12701,0.7419241778141247,0.3338825428682608,0.404901802238873
12702,0.7419825924411473,0.3339574415942017,0.40498005820847255
12703,0.7420410070681699,0.33403231785955945,0.40505828887571627
12704,0.7420994216951925,0.33410718617616797,0.405136955545577
12705,0.7421578363222151,0.3341820507557792,0.4052156109125523
12706,0.7422162509492377,0.33425689850362683,0.405294254979078
12707,0.7422746655762603,0.3343317294253865,0.40537288774758923
12708,0.7423330802032829,0.3344065435267316,0.40545150922052037
12709,0.7423914948303055,0.3344813408133327,0.40553011940030526
12710,0.7424499094573281,0.33455612129085793,0.40560871828937684
12711,0.7425083240843507,0.33463088496497295,0.4056873058901675
12712,0.7425667387113734,0.3347056318413407,0.4057658822051089
12713,0.742625153338396,0.3347803619256217,0.4058444472366319
12714,0.7426835679654186,0.3348550752234739,0.4059230009871668
12715,0.7427419825924412,0.3349297717405527,0.4060015434591432
12716,0.7428003972194638,0.335004451482511,0.40608007465498985
12717,0.7428588118464864,0.3350791144549991,0.40615859457713493
12718,0.742917226473509,0.33515376066366476,0.40623710322800594
12719,0.7429756411005316,0.33522839011415323,0.4063156006100296
12720,0.7430340557275542,0.3353030028121073,0.406394086725632
12721,0.7430924703545768,0.33537759876316703,0.4064725615772384
12722,0.7431508849815994,0.3354521779729702,0.4065510251672736
12723,0.743209299608622,0.3355267404471519,0.4066294774981615
12724,0.7432677142356446,0.33560128619134466,0.40670791857232536
12725,0.7433261288626672,0.3356758152111786,0.4067863483921878
12726,0.7433845434896899,0.3357503275122813,0.4068647669601707
12727,0.7434429581167125,0.33582500778901003,0.4069431742786953
12728,0.7435013727437351,0.3358997367011985,0.407021570350182
12729,0.7435597873707577,0.33597446278687754,0.40709995517705067
12730,0.7436182019977803,0.33604921736938553,0.4071783287617204
12731,0.7436766166248029,0.33612396877619943,0.40725669110660956
12732,0.7437350312518255,0.3361987721420837,0.4073350422141359
12733,0.7437934458788481,0.33627368542704994,0.4074133820867165
12734,0.7438518605058707,0.33634859082358726,0.40749171072676765
12735,0.7439102751328933,0.33642357276129825,0.40757002813670495
12736,0.7439686897599159,0.3364986203670128,0.40764833431894343
12737,0.7440271043869385,0.33657365480029333,0.4077266292758973
12738,0.7440855190139611,0.3366488534726614,0.4078049130099801
12739,0.7441439336409837,0.3367240437551378,0.40788318552360475
12740,0.7442023482680064,0.3367992766365912,0.40796144681918345
12741,0.744260762895029,0.336874508102443,0.4080396968991276
12742,0.7443191775220516,0.33694986828689455,0.40811793576584804
12743,0.7443775921490742,0.3370252316131061,0.40819616342175497
12744,0.7444360067760968,0.33710069665834136,0.40827437986925763
12745,0.7444944214031194,0.3371764041680466,0.4083525851107649
12746,0.744552836030142,0.33725209311342436,0.4084307791486847
12747,0.7446112506571646,0.33732779628753295,0.40850896198542447
12748,0.7446696652841872,0.3374035899989183,0.40858713362339083
12749,0.7447280799112098,0.33747940986826946,0.4086652940649897
12750,0.7447864945382324,0.33755526150018955,0.4087434433126264
12751,0.744844909165255,0.33763113660475574,0.4088215813687056
12752,0.7449033237922776,0.33770699461128234,0.40889970823563104
12753,0.7449617384193002,0.33778283681318416,0.40897782391580606
12754,0.7450201530463229,0.3378587130664821,0.40905592841163313
12755,0.7450785676733455,0.337934641703611,0.40913402172551405
12756,0.7451369823003681,0.3380105902881433,0.40921210385985
12757,0.7451953969273906,0.3380866334243276,0.40929017481704155
12758,0.7452538115544132,0.33816270107598306,0.4093682345994883
12759,0.7453122261814358,0.33823871914887865,0.4094462832095894
12760,0.7453706408084584,0.3383147508223457,0.4095243206497433
12761,0.745429055435481,0.3383907647504984,0.40960234692234765
12762,0.7454874700625036,0.338466745671986,0.40968036202979946
12763,0.7455458846895262,0.3385428880637039,0.40975836597449516
12764,0.7456042993165488,0.3386190211161933,0.40983635875883034
12765,0.7456627139435714,0.33869514378188526,0.4099143403852
12766,0.745721128570594,0.3387712560629053,0.4099923108559984
12767,0.7457795431976166,0.3388473798933441,0.4100702701736192
12768,0.7458379578246392,0.338923509455299,0.41014821834045523
12769,0.7458963724516618,0.3389997123848443,0.4102261553588987
12770,0.7459547870786845,0.3390759697663194,0.41030408123134127
12771,0.7460132017057071,0.33915224537428557,0.4103819959601738
12772,0.7460716163327297,0.33922859975290454,0.4104598995477863
12773,0.7461300309597523,0.3393050610364955,0.4105377919965684
12774,0.7461884455867749,0.33938159700264287,0.41061567330890897
12775,0.7462468602137975,0.3394581469251289,0.410693543487196
12776,0.7463052748408201,0.33953474343316536,0.410771402533817
12777,0.7463636894678427,0.33961143526909093,0.4108492504511587
12778,0.7464221040948653,0.3396881085772825,0.41092708724160726
12779,0.7464805187218879,0.33976486913365955,0.41100491290754804
12780,0.7465389333489105,0.3398416293341463,0.4110827274513657
12781,0.7465973479759331,0.33991837384782847,0.41116053087544435
12782,0.7466557626029557,0.3399951026795142,0.4112383231821673
12783,0.7467141772299783,0.34007181583400975,0.41131610437391725
12784,0.746772591857001,0.3401485133161193,0.4113938744530762
12785,0.7468310064840236,0.3402251951306451,0.4114716334220254
12786,0.7468894211110462,0.3403018612823875,0.41154938128314555
12787,0.7469478357380688,0.3403785631833976,0.4116271180388166
12788,0.7470062503650914,0.34045531472977747,0.41170484369141774
12789,0.747064664992114,0.3405320725923375,0.41178255824332766
12790,0.7471230796191366,0.3406088176311012,0.41186026169692425
12791,0.7471814942461592,0.34068557714313485,0.4119379540545847
12792,0.7472399088731818,0.34076234278749984,0.4120156353186856
12793,0.7472983235002044,0.34083911080311396,0.4120933054916029
12794,0.747356738127227,0.3409159359125609,0.4121709645757116
12795,0.7474151527542496,0.3409927370147614,0.4122486125733864
12796,0.7474735673812722,0.34106953545640656,0.41232624948700103
12797,0.7475319820082948,0.34114640059452656,0.41240387531892875
12798,0.7475903966353175,0.3412233242591937,0.412481490071542
12799,0.7476488112623401,0.3413002407900477,0.41255909374721256
12800,0.7477072258893627,0.3413771501880809,0.4126366863483116
12801,0.7477656405163853,0.34145405245428545,0.41271426787720955
12802,0.7478240551434079,0.34153094758965324,0.41279183833627625
12803,0.7478824697704305,0.3416078355951761,0.4128693977278807
12804,0.7479408843974531,0.3416847164718456,0.4129469460543914
12805,0.7479992990244757,0.34176159022065317,0.41302448331817615
12806,0.7480577136514983,0.34183845684259,0.4131020095216019
12807,0.7481161282785209,0.34191531633864714,0.41317952466703517
12808,0.7481745429055435,0.34199216870981547,0.41325702875684156
12809,0.7482329575325661,0.34206901395708567,0.4133345217933862
12810,0.7482913721595887,0.34214585208144815,0.4134120037790335
12811,0.7483497867866113,0.3422226830838933,0.4134894747161471
12812,0.748408201413634,0.34229950696541117,0.41356693460709004
12813,0.7484666160406566,0.3423763676476356,0.41364438345422466
12814,0.7485250306676792,0.34245322796707567,0.4137218212599127
12815,0.7485834452947018,0.342530083672389,0.4137992480265151
12816,0.7486418599217244,0.34260700637535063,0.4138766637563922
12817,0.748700274548747,0.3426839717555859,0.41395406845190375
12818,0.7487586891757696,0.3427609162248474,0.4140314621154086
12819,0.7488171038027922,0.34283786500018903,0.4141088447492652
12820,0.7488755184298148,0.3429148056162748,0.4141862163558311
12821,0.7489339330568374,0.34299182701346326,0.41426357693746324
12822,0.74899234768386,0.3430688372078387,0.41434092649651805
12823,0.7490507623108826,0.3431458648356148,0.4144182650353511
12824,0.7491091769379052,0.34322288005144247,0.41449559255631735
12825,0.7491675915649278,0.3432999011139352,0.414572909061771
12826,0.7492260061919505,0.34337698118652143,0.41465021455406587
12827,0.7492844208189731,0.3434540509868829,0.41472750903555466
12828,0.7493428354459957,0.3435311105170729,0.4148047925085898
12829,0.7494012500730183,0.34360815977914416,0.41488206497552294
12830,0.7494596647000409,0.34368519877514886,0.41495932643870487
12831,0.7495180793270635,0.34376222750713864,0.4150365769004859
12832,0.7495764939540861,0.34383924597716464,0.4151137980085349
12833,0.7496349085811087,0.34391627074703496,0.4151909537017282
12834,0.7496933232081313,0.34399333741067806,0.4152680984212772
12835,0.7497517378351539,0.344070388868052,0.41534523216952285
12836,0.7498101524621765,0.34414742512365704,0.4154223549488055
12837,0.7498685670891991,0.34422444618199144,0.41549946676146465
12838,0.7499269817162217,0.34430145204755186,0.41557656760983935
12839,0.7499853963432443,0.34437844272483314,0.41565365749626787
12840,0.750043810970267,0.3444554182183283,0.41573073642308783
12841,0.7501022255972896,0.3445323785325286,0.4158078043926363
12842,0.7501606402243122,0.3446093692595628,0.41588486140724945
12843,0.7502190548513348,0.34468635271937637,0.41596190746926304
12844,0.7502774694783574,0.3447636023770079,0.41603894258101193
12845,0.75033588410538,0.3448409163398685,0.41611596674483053
12846,0.7503942987324026,0.3449182207792948,0.41619297996305243
12847,0.7504527133594252,0.34499551569704623,0.41626998223801065
12848,0.7505111279864478,0.3450728010948819,0.41634697357203754
12849,0.7505695426134704,0.3451500769745605,0.4164239539674647
12850,0.750627957240493,0.3452273433378403,0.4165009234266231
12851,0.7506863718675156,0.3453046001864789,0.41657788195184314
12852,0.7507447864945382,0.3453818475222339,0.4166548295454545
12853,0.7508032011215608,0.345459085346862,0.41673176620978625
12854,0.7508616157485835,0.3455363136621198,0.4168086919471666
12855,0.7509200303756061,0.34561353246976334,0.4168856067599233
12856,0.7509784450026287,0.34569074177154824,0.4169625106503834
12857,0.7510368596296513,0.3457679415692297,0.4170394036208733
12858,0.7510952742566739,0.34584513186456245,0.4171162856737186
12859,0.7511536888836965,0.34592231265930085,0.4171931568112444
12860,0.7512121035107191,0.34599948395519875,0.41727001703577515
12861,0.7512705181377417,0.3460766457540096,0.41734686634963447
12862,0.7513289327647643,0.34615379805748653,0.4174237047551455
12863,0.7513873473917869,0.34623094086738204,0.41750053225463063
12864,0.7514457620188095,0.34630807418544834,0.4175773488504116
12865,0.7515041766458321,0.3463851980134372,0.4176541545448095
12866,0.7515625912728547,0.3464623123530998,0.41773094934014476
12867,0.7516210058998773,0.3465394172061872,0.41780773323873716
12868,0.7516794205269,0.3466165125744497,0.4178845062429058
12869,0.7517378351539226,0.3466935959753184,0.41796126835496916
12870,0.7517962497809452,0.3467706652698701,0.418038019577245
12871,0.7518546644079678,0.34684772508659434,0.4181147599120505
12872,0.7519130790349904,0.3469247754272393,0.41819148936170214
12873,0.751971493662013,0.34700181629355287,0.4182682079285157
12874,0.7520299082890356,0.34707884768728237,0.4183449156148064
12875,0.7520883229160582,0.34715586961017475,0.4184216124228887
12876,0.7521467375430808,0.34723288206397657,0.41849829835507657
12877,0.7522051521701034,0.34730995801689285,0.4185749734136831
12878,0.752263566797126,0.34738700271257117,0.41865163760102087
12879,0.7523219814241486,0.34746401617002176,0.4187282909194017
12880,0.7523803960511712,0.3475411675943888,0.41880493337113694
12881,0.7524388106781938,0.3476183791371297,0.4188815649585371
12882,0.7524972253052165,0.34769559132572997,0.41895818568391213
12883,0.7525556399322391,0.3477730411559132,0.41903479554957124
12884,0.7526140545592617,0.3478505527622816,0.41911139455782315
12885,0.7526724691862843,0.34792805026255175,0.4191879827109757
12886,0.7527308838133069,0.3480055558025889,0.4192645600113363
12887,0.7527892984403295,0.3480830510596214,0.41934112646121147
12888,0.7528477130673521,0.34816057786949234,0.41941768206290736
12889,0.7529061276943747,0.3482381076304848,0.41949422681872917
12890,0.7529645423213973,0.3483156874905896,0.4195707607309817
12891,0.7530229569484199,0.34839324450261644,0.419647283801969
12892,0.7530813715754425,0.34847077867665716,0.41972379603399435
12893,0.7531397862024651,0.3485485398489098,0.41980029742936054
12894,0.7531982008294877,0.3486263132285512,0.41987678799036965
12895,0.7532566154565103,0.34870406657641057,0.41995326771932306
12896,0.753315030083533,0.3487817999002263,0.42002973661852167
12897,0.7533734447105556,0.348859586075494,0.4201061946902655
12898,0.7534318593375782,0.348937363189497,0.420182641936854
12899,0.7534902739646008,0.3490151312438184,0.4202590783605861
12900,0.7535486885916234,0.34909293927565094,0.4203355039637599
12901,0.753607103218646,0.34917073978343516,0.42041191874867295
12902,0.7536655178456686,0.34924863246599225,0.4204883227176221
12903,0.7537239324726912,0.34932661684323574,0.42056471587290356
12904,0.7537823470997138,0.3494047243225526,0.4206410982168129
12905,0.7538407617267364,0.34948289093251056,0.4207174697516451
12906,0.753899176353759,0.3495610431773348,0.4207938304796944
12907,0.7539575909807816,0.3496391810609847,0.42087018040325436
12908,0.7540160056078042,0.34971730458741856,0.420946519524618
12909,0.7540744202348268,0.349795413760593,0.4210228478460777
12910,0.7541328348618495,0.3498735085844632,0.4210991497410334
12911,0.7541912494888721,0.34995158906298296,0.4211753896172739
12912,0.7542496641158947,0.3500296479393414,0.42125163433336865
12913,0.7543080787429173,0.3501076806312761,0.4213278682732059
12914,0.7543664933699399,0.3501856989967299,0.42140409143907004
12915,0.7544249079969625,0.35026370303964777,0.42148030383324503
12916,0.7544833226239851,0.35034169276397326,0.42155650545801393
12917,0.7545417372510077,0.35041966817364867,0.4216326963156593
12918,0.7546001518780303,0.35049762927261463,0.42170887640846316
12919,0.7546585665050529,0.35057557606481043,0.4217850457387066
12920,0.7547169811320755,0.35065350855417393,0.4218612043086703
12921,0.7547753957590981,0.3507314267446415,0.42193735212063427
12922,0.7548338103861206,0.350809330640148,0.4220134891768777
12923,0.7548922250131432,0.35088722024462704,0.4220896154796794
12924,0.7549506396401658,0.35096509556201066,0.4221657310313173
12925,0.7550090542671885,0.35104315386287815,0.4222418358340688
12926,0.7550674688942111,0.351121276175813,0.4223179298902108
12927,0.7551258835212337,0.3511994115827286,0.42239401320201914
12928,0.7551842981482563,0.3512775336295946,0.4224700857717694
12929,0.7552427127752789,0.35135564422119203,0.4225461476017365
12930,0.7553011274023015,0.35143374336004035,0.4226221986941945
12931,0.7553595420293241,0.35151183104865824,0.4226982390514169
12932,0.7554179566563467,0.3515899072895636,0.42277426867567663
12933,0.7554763712833693,0.3516679720852735,0.422850287569246
12934,0.7555347859103919,0.3517460254383045,0.4229262957343965
12935,0.7555932005374145,0.35182413510540134,0.4230022931733992
12936,0.7556516151644371,0.35190227038744476,0.42307827988852437
12937,0.7557100297914597,0.3519803905992082,0.4231542558820417
12938,0.7557684444184823,0.35205857016520564,0.4232302211562202
12939,0.755826859045505,0.3521367484699705,0.4233061757133284
12940,0.7558852736725276,0.3522150163184354,0.42338211955563393
12941,0.7559436882995502,0.35229331103666595,0.42345805268540393
12942,0.7560021029265728,0.35237162669652045,0.423533975104905
12943,0.7560605175535954,0.35244993722914997,0.4236098868164028
12944,0.756118932180618,0.35252826539512744,0.42368578782216265
12945,0.7561773468076406,0.35260657794474964,0.42376167812444915
12946,0.7562357614346632,0.3526849378973657,0.4238375577255261
12947,0.7562941760616858,0.35276329039579385,0.42391342662765696
12948,0.7563525906887084,0.35284164163174697,0.4239892848331042
12949,0.756411005315731,0.3529200108368444,0.42406513234412996
12950,0.7564694199427536,0.35299840660982057,0.4241409691629956
12951,0.7565278345697762,0.3530768326298291,0.4242167952919618
12952,0.7565862491967988,0.35315528138072466,0.4242926107332887
12953,0.7566446638238215,0.35323371561202555,0.42436841548923576
12954,0.7567030784508441,0.3533121440102951,0.4244442095620618
12955,0.7567614930778667,0.3533905585584244,0.42451999295402504
12956,0.7568199077048893,0.3534689592600819,0.42459576566738294
12957,0.7568783223319119,0.3535473586673314,0.42467152770439254
12958,0.7569367369589345,0.35362575029600757,0.4247472790673101
12959,0.7569951515859571,0.35370426108217895,0.42482301975839115
12960,0.7570535662129797,0.35378273773259766,0.42489874977989084
12961,0.7571119808400023,0.35386124997608054,0.42497446913406345
12962,0.7571703954670249,0.3539397432432657,0.4250501778231628
12963,0.7572288100940475,0.3540182201374051,0.42512587584944195
12964,0.7572872247210701,0.3540967132755989,0.42520156321515334
12965,0.7573456393480927,0.35417523782893673,0.42527723992254884
12966,0.7574040539751153,0.3542537706039101,0.4253529059738797
12967,0.757462468602138,0.35433228428191715,0.4254285613713964
12968,0.7575208832291606,0.3544108121962055,0.4255042061173489
12969,0.7575792978561832,0.3544893574487732,0.42557984021398654
12970,0.7576377124832058,0.3545679277350931,0.425655463663558
12971,0.7576961271102284,0.3546466132298625,0.4257310764683112
12972,0.757754541737251,0.35472523661083777,0.4258066786304937
12973,0.7578129563642736,0.3548039080392546,0.42588227015235214
12974,0.7578713709912962,0.35488258993885274,0.4259578510361327
12975,0.7579297856183188,0.35496126892330443,0.4260334212840809
12976,0.7579882002453414,0.3550399399300331,0.4261089808984416
12977,0.758046614872364,0.3551186052370296,0.42618452988145905
12978,0.7581050294993866,0.35519726023541376,0.4262600682353769
12979,0.7581634441264092,0.3552759049272117,0.42633559596243803
12980,0.7582218587534318,0.35535458812292564,0.42641111306488483
12981,0.7582802733804545,0.3554332615904599,0.42648661954495903
12982,0.7583386880074771,0.355511924512488,0.42656211540490174
12983,0.7583971026344997,0.3555907539060713,0.42663760064695333
12984,0.7584555172615223,0.35566956179395903,0.4267130752733537
12985,0.7585139318885449,0.3557483481849506,0.4267885392863421
12986,0.7585723465155675,0.3558271130878405,0.42686399268815695
12987,0.7586307611425901,0.35590585651141854,0.42693943548103624
12988,0.7586891757696127,0.3559847352177041,0.4270148676672173
12989,0.7587475903966353,0.35606360054204483,0.4270902892489368
12990,0.7588060050236579,0.356142452487846,0.42716570022843087
12991,0.7588644196506805,0.3562212910585114,0.4272411006079348
12992,0.7589228342777031,0.35630011625744396,0.4273164903896834
12993,0.7589812489047257,0.35637892808804533,0.4273918695759109
12994,0.7590396635317483,0.35645775559864035,0.4274672381688508
12995,0.759098078158771,0.3565366049222955,0.427542596170736
12996,0.7591564927857936,0.3566155066847131,0.4276179435837988
12997,0.7592149074128162,0.35669466516976644,0.4276932804102708
12998,0.7592733220398388,0.35677384438362775,0.42776860665238314
12999,0.7593317366668614,0.35685307030566393,0.4278439223123661
13000,0.759390151293884,0.35693230229142525,0.42791922739244953
13001,0.7594485659209066,0.3570115335721998,0.42799452189486253
13002,0.7595069805479292,0.3570908346897183,0.4280698058218336
13003,0.7595653951749518,0.3571701130542413,0.42814507917559075
13004,0.7596238098019744,0.35724940306548447,0.4282203419583611
13005,0.759682224428997,0.35732875462720004,0.4282955941723714
13006,0.7597406390560196,0.35740815866834386,0.42837083581984764
13007,0.7597990536830422,0.35748752815896495,0.4284460669030152
13008,0.7598574683100648,0.35756686312160896,0.42852128742409884
13009,0.7599158829370875,0.3576462487229038,0.4285964912280702
13010,0.7599742975641101,0.3577256266504992,0.42867167216335694
13011,0.7600327121911327,0.35780499690550777,0.4287468425484143
13012,0.7600911268181553,0.3578843594890419,0.4288220023854627
13013,0.7601495414451779,0.3579637104441152,0.4288971516767223
13014,0.7602079560722005,0.35804304282992483,0.4289722904244125
13015,0.7602663706992231,0.35812236554192783,0.42904741863075196
13016,0.7603247853262457,0.3582016805901627,0.4291225362979589
13017,0.7603831999532683,0.3582809879757401,0.4291976434282508
13018,0.7604416145802909,0.35836028769977035,0.4292727400238446
13019,0.7605000292073135,0.35843957976336366,0.42934782608695654
13020,0.7605584438343361,0.35851886416762996,0.42942290161980223
13021,0.7606168584613587,0.358598140913679,0.4294979666245968
13022,0.7606752730883813,0.35867741000262027,0.42957302110355466
13023,0.760733687715404,0.35875667143556317,0.42964806505888953
13024,0.7607921023424266,0.35883592521361674,0.4297230984928146
13025,0.7608505169694492,0.35891517133788986,0.4297981214075424
13026,0.7609089315964718,0.3589944098094912,0.4298731338052849
13027,0.7609673462234944,0.35907364062952923,0.4299481356882534
13028,0.761025760850517,0.3591528637991122,0.43002312705865864
13029,0.7610841754775396,0.35923207931934814,0.43009810791871056
13030,0.7611425901045622,0.35931128719134486,0.43017307827061874
13031,0.7612010047315848,0.35939048741620994,0.4302480381165919
13032,0.7612594193586074,0.3594696799950508,0.43032298745883835
13033,0.76131783398563,0.35954886492897453,0.43039792629956564
13034,0.7613762486126526,0.35962804221908823,0.43047285464098073
13035,0.7614346632396752,0.3597072118664985,0.43054777248528997
13036,0.7614930778666978,0.359786373872312,0.43062267983469915
13037,0.7615514924937204,0.3598655282376349,0.43069757669141334
13038,0.7616099071207431,0.35994467496357346,0.4307724630576371
13039,0.7616683217477657,0.36002380687139146,0.43084733893557425
13040,0.7617267363747883,0.36010291446555753,0.43092220432742806
13041,0.7617851510018109,0.3601820144282596,0.4309970592354012
13042,0.7618435656288335,0.36026110676060197,0.43107190366169573
13043,0.7619019802558561,0.3603401914636887,0.431146737608513
13044,0.7619603948828787,0.36041926853862355,0.4312215610780539
13045,0.7620188095099013,0.3604983379865102,0.43129637407251853
13046,0.7620772241369239,0.360577399808452,0.4313711765941065
13047,0.7621356387639465,0.3606564540055522,0.4314459686450168
13048,0.7621940533909691,0.3607355005789137,0.4315207502274477
13049,0.7622524680179917,0.36081453952963927,0.4315955213435969
13050,0.7623108826450143,0.3608935708588315,0.4316702819956616
13051,0.762369297272037,0.36097259456759273,0.4317450321858382
13052,0.7624277118990596,0.36105161065702507,0.43181977191632265
13053,0.7624861265260822,0.3611306191282304,0.4318945011893102
13054,0.7625445411531048,0.36120961998231044,0.43196922000699545
13055,0.7626029557801274,0.36128861322036665,0.43204392837157246
13056,0.76266137040715,0.3613675988435004,0.4321186262852347
13057,0.7627197850341726,0.3614465766544126,0.43219331375017483
13058,0.7627781996611952,0.3615255273123578,0.43226799076858524
13059,0.7628366142882178,0.36160447036248755,0.43234265734265737
13060,0.7628950289152404,0.3616834058059014,0.4324173134745822
13061,0.762953443542263,0.3617623336436987,0.43249192069176345
13062,0.7630118581692856,0.3618412538769787,0.4325665077119251
13063,0.7630702727963082,0.3619201665068403,0.4326410843099925
13064,0.7631286874233308,0.36199907153438227,0.4327156504881499
13065,0.7631871020503534,0.3620779984491966,0.43279020624858106
13066,0.7632455166773761,0.3621569217727304,0.43286475159346893
13067,0.7633039313043987,0.3622358470101469,0.4329392865249961
13068,0.7633623459314213,0.3623147594204666,0.43301381104534425
13069,0.7634207605584439,0.3623936836891745,0.43308832515669465
13070,0.7634791751854665,0.36247260740667236,0.433162828861228
13071,0.7635375898124891,0.3625515130775197,0.43323908262645305
13072,0.7635960044395117,0.3626304007079057,0.43331530179559213
13073,0.7636544190665343,0.3627092948438054,0.4333914863921842
13074,0.7637128336935569,0.362788189218631,0.43346763643974673
13075,0.7637712483205795,0.36286706739180785,0.4335437519617759
13076,0.7638296629476021,0.3629459171090109,0.43361983298174656
13077,0.7638880775746247,0.3630247383856359,0.43369587952311234
13078,0.7639464922016473,0.3631035312370677,0.43377189160930557
13079,0.76400490682867,0.3631822956786797,0.4338478692637374
13080,0.7640633214556926,0.3632610317258347,0.4339238125097978
13081,0.7641217360827152,0.36333991008362526,0.4339997213708554
13082,0.7641801507097378,0.3634187973192459,0.4340772203460641
13083,0.7642385653367604,0.3634976697705964,0.43415602046854873
13084,0.764296979963783,0.3635765290230914,0.4342347986495423
13085,0.7643553945908056,0.3636553959949473,0.4343135548982078
13086,0.7644138092178282,0.36373454502134095,0.434392289223703
13087,0.7644722238448507,0.36381368033949624,0.43447100163518076
13088,0.7645306384718733,0.3638928004547876,0.43454969214178873
13089,0.7645890530988959,0.36397190537159574,0.4346283607526695
13090,0.7646474677259185,0.3640510079503148,0.4347070074769605
13091,0.7647058823529411,0.3641300976740459,0.4347856311152048
13092,0.7647642969799637,0.364209177429957,0.43486420267945575
13093,0.7648227116069863,0.3642882797001369,0.4349427524019667
13094,0.764881126234009,0.36436752418260376,0.435021280291844
13095,0.7649395408610316,0.3644467731956384,0.43509978635818874
13096,0.7649979554880542,0.36452604383359377,0.43517827061009706
13097,0.7650563701150768,0.3646052995299746,0.43525673305666013
13098,0.7651147847420994,0.3646845869055387,0.4353351737069639
13099,0.765173199369122,0.36476387022156154,0.4354135925700894
13100,0.7652316139961446,0.3648432511267387,0.43549198965511254
13101,0.7652900286231672,0.3649226330206216,0.4355703649711043
13102,0.7653484432501898,0.36500199207901574,0.43564871852713044
13103,0.7654068578772124,0.3650813283117731,0.43572705033225184
13104,0.765465272504235,0.36516067800488217,0.4358053603955243
13105,0.7655236871312576,0.3652400290055585,0.43588364872599866
13106,0.7655821017582802,0.3653194178714675,0.43596191533272055
13107,0.7656405163853028,0.36539879437274314,0.4360401602247308
13108,0.7656989310123254,0.36547815851227394,0.43611838341106507
13109,0.765757345639348,0.3655575102929474,0.4361965849007541
13110,0.7658157602663707,0.3656368605964588,0.43627476470282356
13111,0.7658741748933933,0.36571640180854587,0.4363529228262942
13112,0.7659325895204159,0.36579597340503067,0.4364310592801816
13113,0.7659910041474385,0.36587553585414845,0.43650917407349654
13114,0.7660494187744611,0.3659552574534364,0.4365872672152447
13115,0.7661078334014837,0.3660349590101779,0.43666533871442675
13116,0.7661662480285063,0.36611464053193044,0.43674338858003847
13117,0.7662246626555289,0.3661943020262474,0.4368214168210705
13118,0.7662830772825515,0.3662740139851878,0.4368994234465087
13119,0.7663414919095741,0.366353710550383,0.43697740846533367
13120,0.7663999065365967,0.3664333923378843,0.4370553718865214
13121,0.7664583211636193,0.36651315949219293,0.43713331371904257
13122,0.766516735790642,0.36659291138151845,0.4372112339718632
13123,0.7665751504176646,0.3666726815126396,0.437289132653944
13124,0.7666335650446872,0.3667527693973376,0.437367009774241
13125,0.7666919796717098,0.36683281994495426,0.4374448653417052
13126,0.7667503942987324,0.36691283987540185,0.4375226993652825
13127,0.766808808925755,0.3669928692773363,0.43760051185391413
13128,0.7668672235527776,0.36707289599000326,0.43767830281653614
13129,0.7669256381798002,0.36715290549146457,0.4377560722620797
13130,0.7669840528068228,0.3672328977872719,0.4378338201994711
13131,0.7670424674338454,0.36731287288297476,0.43791154663763154
13132,0.767100882060868,0.36739283078412005,0.4379892515854775
13133,0.7671592966878906,0.36747277149625246,0.43806693505192046
13134,0.7672177113149132,0.3675526950249142,0.4381445970458668
13135,0.7672761259419358,0.36763260137564513,0.4382222375762182
13136,0.7673345405689584,0.36771249055398275,0.4382998566518713
13137,0.767392955195981,0.3677923625654621,0.43837745428171787
13138,0.7674513698230037,0.3678722145014764,0.43845503047464474
13139,0.7675097844500263,0.3679520480512701,0.43853258523953387
13140,0.7675681990770489,0.36803186445257713,0.4386101185852623
13141,0.7676266137040715,0.3681116637109222,0.4386876305207021
13142,0.7676850283310941,0.3681915297997369,0.43876512105472054
13143,0.7677434429581167,0.3682713892985374,0.43884259019617994
13144,0.7678018575851393,0.36835129597828997,0.43892003795393775
13145,0.7678602722121619,0.3684312220473121,0.43899746433684644
13146,0.7679186868391845,0.36851125900442183,0.43907486935375384
13147,0.7679771014662071,0.36859129677972996,0.4391522530135026
13148,0.7680355160932297,0.3686713304221569,0.4392296153249306
13149,0.7680939307202523,0.36875138290402826,0.4393075531823271
13150,0.768152345347275,0.3688316221771978,0.43938559030169444
13151,0.7682107599742976,0.368911828936346,0.43946358174525296
13152,0.7682691746013202,0.368992067839257,0.4395415275530926
13153,0.7683275892283428,0.36907229240037687,0.4396194277652564
13154,0.7683860038553654,0.36915255533196495,0.4396972824217406
13155,0.768444418482388,0.36923284503740283,0.4397750915624946
13156,0.7685028331094106,0.3693131430079749,0.4398528552274212
13157,0.7685612477364332,0.3693934639288674,0.439933306976984
13158,0.7686196623634558,0.3694737991370399,0.4400137386227031
13159,0.7686780769904784,0.36955427390909823,0.4400941047172565
13160,0.768736491617501,0.36963476781109655,0.4401744625317673
13161,0.7687949062445236,0.3697153871258703,0.4402548120675149
13162,0.7688533208715462,0.3697961127375398,0.44033515332577866
13163,0.7689117354985688,0.3698768268190887,0.44041548630783756
13164,0.7689701501255914,0.3699575293729869,0.4404958110149705
13165,0.769028564752614,0.37003822040170403,0.4405761274484558
13166,0.7690869793796367,0.3701188999077087,0.44065643560957185
13167,0.7691453940066593,0.37019956789346886,0.44073673549959663
13168,0.7692038086336819,0.3702802243614519,0.44081702711980775
13169,0.7692622232607045,0.3703608693141244,0.4408973104714828
13170,0.7693206378877271,0.37044149133159865,0.44097758555589883
13171,0.7693790525147497,0.3705221003166124,0.4410578523743328
13172,0.7694374671417723,0.37060269779740623,0.4411381109280615
13173,0.7694958817687949,0.37068328377644266,0.4412183612183612
13174,0.7695542963958175,0.3707638582561835,0.4412986032465081
13175,0.7696127110228401,0.37084442123909,0.44137883701377806
13176,0.7696711256498627,0.37092497272762265,0.44145906252144673
13177,0.7697295402768853,0.37100551272424115,0.4415392797707894
13178,0.769787954903908,0.37108604123140465,0.44161948876308116
13179,0.7698463695309306,0.3711665582515715,0.44169968949959687
13180,0.7699047841579532,0.37124706378719935,0.4417798819816111
13181,0.7699631987849758,0.3713275578407452,0.44186006621039814
13182,0.7700216134119984,0.3714080404146653,0.441940242187232
13183,0.770080028039021,0.3714885115114152,0.4420204099133865
13184,0.7701384426660436,0.3715689711334498,0.44210056939013515
13185,0.7701968572930662,0.37164941928322326,0.4421807206187512
13186,0.7702552719200888,0.371729855963189,0.4422608636005076
13187,0.7703136865471114,0.3718102811757999,0.4423409983366771
13188,0.770372101174134,0.3718906949235079,0.44242112482853224
13189,0.7704305158011566,0.3719710972087644,0.4425012430773451
13190,0.7704889304281792,0.37205148803402016,0.44258135308438773
13191,0.7705473450552018,0.3721318674017251,0.4426614548509318
13192,0.7706057596822244,0.37221223531432845,0.44274154837824864
13193,0.770664174309247,0.37229259177427887,0.4428216336676095
13194,0.7707225889362697,0.37237293548804673,0.4429017107202852
13195,0.7707810035632923,0.3724532658480638,0.44298177953754647
13196,0.7708394181903149,0.37253358476368187,0.44306184012066363
13197,0.7708978328173375,0.37261389223734626,0.4431418924709068
13198,0.7709562474443601,0.37269418827150186,0.44322193658954584
13199,0.7710146620713827,0.37277447286859283,0.4433019724778503
13200,0.7710730766984053,0.37285474603106245,0.4433820001370896
13201,0.7711314913254279,0.37293500776135347,0.4434620195685327
13202,0.7711899059524505,0.373015258061908,0.4435420307734485
13203,0.7712483205794731,0.3730954969351672,0.44362203375310544
13204,0.7713067352064957,0.37317572438357177,0.44370202850877194
13205,0.7713651498335183,0.37325594040956167,0.44378201504171594
13206,0.771423564460541,0.37333613398110216,0.4438619933532052
13207,0.7714819790875636,0.3734163117687365,0.44394196344450726
13208,0.7715403937145862,0.37349647814565573,0.44402192531688933
13209,0.7715988083416088,0.3735766331142956,0.44410187897161846
13210,0.7716572229686314,0.37365677667709124,0.4441818244099613
13211,0.771715637595654,0.3737369088364769,0.4442617616331843
13212,0.7717740522226766,0.37381702959488633,0.4443416906425538
13213,0.7718324668496992,0.37389713895475246,0.44442161143933556
13214,0.7718908814767218,0.3739772369185076,0.4445014712926846
13215,0.7719492961037444,0.37405732348858334,0.44458123867172805
13216,0.772007710730767,0.3741373986674105,0.4446609575577321
13217,0.7720661253577896,0.37421746245741944,0.4447406192331351
13218,0.7721245399848122,0.37429751486103957,0.4448202815361487
13219,0.7721829546118348,0.3743775558806997,0.4448999111839858
13220,0.7722413692388574,0.374457585518828,0.44497950819672133
13221,0.77229978386588,0.37453760377785195,0.44505907259441374
13222,0.7723581984929027,0.3746176106601982,0.445138604397105
13223,0.7724166131199253,0.37469760616829295,0.4452181036248208
13224,0.7724750277469479,0.3747775903045615,0.4452975702975703
13225,0.7725334423739705,0.3748575630714285,0.4453770044353463
13226,0.7725918570009931,0.37493752447131795,0.44545640605812525
13227,0.7726502716280157,0.37501746954091864,0.4455359426963418
13228,0.7727086862550383,0.3750973762767398,0.4456154711961527
13229,0.7727671008820609,0.37517725652970596,0.445694991558807
13230,0.7728255155090835,0.3752571103129805,0.4457745037855535
13231,0.7728839301361061,0.3753369695374716,0.4458540078776408
13232,0.7729423447631287,0.37541681742240585,0.44593350383631714
13233,0.7730007593901513,0.3754966539701984,0.44601299166283054
13234,0.773059174017174,0.37557647918326353,0.44609247135842883
13235,0.7731175886441966,0.37565629306401493,0.4461719429243594
13236,0.7731760032712192,0.37573609561486565,0.4462514063618697
13237,0.7732344178982418,0.375815886838228,0.4463308616722066
13238,0.7732928325252644,0.37589566673651353,0.4464103088566169
13239,0.773351247152287,0.37597543531213334,0.4464897479163471
13240,0.7734096617793096,0.37605519256749753,0.4465691788526434
13241,0.7734680764063322,0.3761349385050158,0.44664860166675185
13242,0.7735264910333548,0.376214673127097,0.4467280163599182
13243,0.7735849056603774,0.3762943964361493,0.4468074229333879
13244,0.7736433202874,0.3763741084345803,0.4468868213884061
13245,0.7737017349144226,0.3764538091247968,0.44696621172621787
13246,0.7737601495414452,0.376533498509205,0.44704559394806787
13247,0.7738185641684678,0.3766131765902103,0.44712496805520063
13248,0.7738769787954904,0.3766928433702176,0.4472043340488603
13249,0.773935393422513,0.37677249885163094,0.44728369193029077
13250,0.7739938080495357,0.3768523115178231,0.4473630417007359
13251,0.7740522226765582,0.3769322796532081,0.447442383361439
13252,0.7741106373035808,0.3770122968070791,0.44752171691364334
13253,0.7741690519306034,0.37709236352149633,0.44760104235859177
13254,0.774227466557626,0.3771724228927422,0.44768035969752706
13255,0.7742858811846486,0.37725251596846887,0.4477596689316916
13256,0.7743442958116712,0.37733261535786305,0.4478389700623276
13257,0.7744027104386938,0.3774127063673518,0.4479182630906769
13258,0.7744611250657164,0.3774928207607965,0.4479975480179812
13259,0.774519539692739,0.37757295275035546,0.44807682484548195
13260,0.7745779543197616,0.3776532536645714,0.44815609357442027
13261,0.7746363689467842,0.3777335551627589,0.4482353542060371
13262,0.7746947835738068,0.37781385887652524,0.44831460674157303
13263,0.7747531982008294,0.3778942002921833,0.44839385118226854
13264,0.774811612827852,0.3779745917184874,0.4484730875293637
13265,0.7748700274548747,0.3780549899562364,0.44855231578409843
13266,0.7749284420818973,0.37813537714961915,0.44863153594771243
13267,0.7749868567089199,0.3782157499175103,0.448710748021445
13268,0.7750452713359425,0.3782961147199256,0.44878995200653526
13269,0.7751036859629651,0.3783764715580492,0.44886914790422217
13270,0.7751621005899877,0.37845680673953774,0.44894833571574433
13271,0.7752205152170103,0.37853710592150636,0.4490275154423401
13272,0.7752789298440329,0.37861739519449783,0.4491066870852476
13273,0.7753373444710555,0.37869768690234207,0.44918585064570465
13274,0.7753957590980781,0.37877814959324946,0.44926500612494896
13275,0.7754541737251007,0.3788587030472529,0.44934415352421786
13276,0.7755125883521233,0.37893923561333154,0.4494232928447484
13277,0.7755710029791459,0.3790197472996088,0.4495024240877775
13278,0.7756294176061685,0.379100238114204,0.44958154725454175
13279,0.7756878322331912,0.37918070806523213,0.4496606623462775
13280,0.7757462468602138,0.379261157160804,0.44973976936422083
13281,0.7758046614872364,0.37934158540902635,0.44981886830960766
13282,0.775863076114259,0.3794219928180015,0.4498979591836735
13283,0.7759214907412816,0.37950237939582776,0.4499770419876537
13284,0.7759799053683042,0.37958274515059914,0.4500561167227834
13285,0.7760383199953268,0.37966314620058533,0.4501351833902974
13286,0.7760967346223494,0.37974369357550075,0.45021424199143034
13287,0.776155149249372,0.37982426904704364,0.45029329252741646
13288,0.7762135638763946,0.37990481709719437,0.45037233499949
13289,0.7762719785034172,0.3799854600541651,0.4504513694088846
13290,0.7763303931304398,0.3800662258453724,0.45053039575683396
13291,0.7763888077574624,0.3801469759600992,0.4506094140445714
13292,0.776447222384485,0.38022771040290915,0.45068842427332995
13293,0.7765056370115077,0.3803084291783642,0.4507674264443425
13294,0.7765640516385303,0.38038920400003884,0.4508464205588415
13295,0.7766224662655529,0.38047014705763427,0.45092540661805947
13296,0.7766808808925755,0.38055108202507476,0.4510043846232283
13297,0.7767392955195981,0.3806320286789021,0.4510833545755799
13298,0.7767977101466207,0.3807129615507907,0.45116231647634586
13299,0.7768561247736433,0.3807938803776488,0.4512412703267574
13300,0.7769145394006659,0.3808748185006317,0.4513202161280457
13301,0.7769729540276885,0.3809557829241654,0.4513991538814415
13302,0.7770313686547111,0.38103674339756716,0.4514780835881753
13303,0.7770897832817337,0.381117822602216,0.4515570052494776
13304,0.7771481979087563,0.3811988765395047,0.4516359067524662
13305,0.7772066125357789,0.3812799404056697,0.45171477079796263
13306,0.7772650271628015,0.38136099380161403,0.4517936268101794
13307,0.7773234417898242,0.38144203672936605,0.4518724747903439
13308,0.7773818564168468,0.38152306919095363,0.45195131473968325
13309,0.7774402710438694,0.38160409118840405,0.4520301466594242
13310,0.777498685670892,0.3816853714634224,0.4521089705507935
13311,0.7775571002979146,0.38176666686154903,0.4521877864150175
13312,0.7776155149249372,0.38184796411547345,0.4522665942533222
13313,0.7776739295519598,0.38192932156609055,0.4523453940669337
13314,0.7777323441789824,0.382010702363291,0.4524241858570774
13315,0.777790758806005,0.3820920939263052,0.45250296962497877
13316,0.7778491734330276,0.3821735627092034,0.45258174537186296
13317,0.7779075880600502,0.38225501619891294,0.4526605130989548
13318,0.7779660026870728,0.3823364543997398,0.45273927280747894
13319,0.7780244173140954,0.3824178410786482,0.4528180244986597
13320,0.778082831941118,0.3824992032930899,0.45289676817372126
13321,0.7781412465681407,0.3825805502485982,0.4529755038338875
13322,0.7781996611951633,0.3826618819494653,0.453054231480382
13323,0.7782580758221859,0.3827431983999818,0.4531329511144282
13324,0.7783164904492085,0.38282462327249805,0.45321166273724917
13325,0.7783749050762311,0.38290612463073165,0.45329036635006786
13326,0.7784333197032537,0.38298764242282113,0.4533690619541068
13327,0.7784917343302763,0.3830691536144564,0.4534477495505885
13328,0.7785501489572989,0.3831507070723235,0.453526429140735
13329,0.7786085635843215,0.38323226722933196,0.45360510072576815
13330,0.7786669782113441,0.38331382287894245,0.4536837643069097
13331,0.7787253928383667,0.3833953954957325,0.45376241988538096
13332,0.7787838074653893,0.3834769554603962,0.45384106746240316
13333,0.7788422220924119,0.3835585122298159,0.4539197070391971
13334,0.7789006367194345,0.38364012073164555,0.4539983386169834
13335,0.7789590513464572,0.383721801269449,0.4540769621969825
13336,0.7790174659734798,0.3838034452095578,0.4541555777804146
13337,0.7790758806005024,0.3838851278642388,0.4542341853684996
13338,0.779134295227525,0.38396682022049106,0.454312784962457
13339,0.7791927098545476,0.38404850254483053,0.4543913765635063
13340,0.7792511244815702,0.38413017483910505,0.4544699601728667
13341,0.7793095391085928,0.38421183710516194,0.45454853464340167
13342,0.7793679537356154,0.384293489344848,0.45462707299307165
13343,0.779426368362638,0.3843751266317435,0.4547056033606613
13344,0.7794847829896606,0.38445675266406754,0.4547841257473873
13345,0.7795431976166832,0.384538368677071,0.4548626401544663
13346,0.7796016122437058,0.38462019720516016,0.4549411465831146
13347,0.7796600268707284,0.3847019716382807,0.45501964503454817
13348,0.779718441497751,0.38478385059088177,0.4550981355099829
13349,0.7797768561247737,0.3848658235825896,0.45517661801063436
13350,0.7798352707517963,0.3849478256849085,0.4552550925377178
13351,0.7798936853788189,0.38502985208988594,0.4553335590924484
13352,0.7799521000058415,0.3851119767016856,0.45541201767604084
13353,0.7800105146328641,0.38519410292682416,0.4554904682897098
13354,0.7800689292598867,0.3852762118940324,0.4555689109346696
13355,0.7801273438869093,0.38535830360874956,0.4556473456121343
13356,0.7801857585139319,0.3854404156322955,0.4557257723233178
13357,0.7802441731409545,0.3855226887433224,0.45580419106943365
13358,0.7803025877679771,0.38560507012822215,0.45588260185169516
13359,0.7803610023949997,0.3856874294359774,0.4559610046713154
13360,0.7804194170220223,0.38576975415881004,0.45603939952950734
13361,0.7804778316490449,0.3858520443185002,0.4561177864274835
13362,0.7805362462760675,0.3859344013107161,0.45619616536645624
13363,0.7805946609030902,0.38601689347187046,0.45627453634763776
13364,0.7806530755301128,0.38609940177172075,0.45635289937223983
13365,0.7807114901571354,0.38618194233839476,0.4564312544414741
13366,0.780769904784158,0.38626445939779275,0.4565096015565519
13367,0.7808283194111806,0.3863469902569576,0.4565879407186844
13368,0.7808867340382032,0.38642954483231917,0.4566662719290826
13369,0.7809451486652258,0.3865120873850219,0.45674459518895694
13370,0.7810035632922484,0.3865946151455089,0.4568229104995179
13371,0.781061977919271,0.3866771667384234,0.45690121786197563
13372,0.7811203925462936,0.38675971366177464,0.45697951727754005
13373,0.7811788071733162,0.3868423863404298,0.45705780874742075
13374,0.7812372218003388,0.3869250567457796,0.4571360922728272
13375,0.7812956364273614,0.3870077127108454,0.45721436785496855
13376,0.781354051054384,0.38709034264151565,0.45729263549505367
13377,0.7814124656814067,0.3871729578912769,0.4573708951942913
13378,0.7814708803084293,0.3872555587162367,0.45744914695388983
13379,0.7815292949354519,0.38733814512017256,0.4575273907750575
13380,0.7815877095624745,0.3874207171068608,0.4576056266590022
13381,0.7816461241894971,0.3875032746800764,0.4576838546069315
13382,0.7817045388165197,0.3875858178435928,0.4577620746200531
13383,0.7817629534435423,0.3876683466011825,0.457840286699574
13384,0.7818213680705649,0.3877510815211761,0.4579184908467013
13385,0.7818797826975875,0.3878339333382821,0.45799668706264157
13386,0.7819381973246101,0.38791676588228,0.45807487534860136
13387,0.7819966119516327,0.3879996256594896,0.4581530557057869
13388,0.7820550265786553,0.3880824746991846,0.4582312281354042
13389,0.7821134412056779,0.38816531300345214,0.4583093926386589
13390,0.7821718558327005,0.3882481587652386,0.4583875492167565
13391,0.7822302704597232,0.3883310493771696,0.45846569787090236
13392,0.7822886850867458,0.3884139855866817,0.45854383860230136
13393,0.7823470997137684,0.38849694991749695,0.45862197141215827
13394,0.782405514340791,0.3885799610404907,0.4587000963016777
13395,0.7824639289678136,0.3886629715825826,0.4587782132720638
13396,0.7825223435948362,0.38874613640102346,0.45885632232452067
13397,0.7825807582218588,0.38882927598919004,0.45893442346025204
13398,0.7826391728488814,0.3889124727750411,0.4590130712331543
13399,0.782697587475904,0.3889956951363922,0.45909167651527943
13400,0.7827560021029266,0.38907891370565445,0.459172476661546
13401,0.7828144167299492,0.3891621645532464,0.45925325771386133
13402,0.7828728313569718,0.389245469241024,0.45933401967899273
13403,0.7829312459839944,0.3893287711439083,0.4594147625637045
13404,0.782989660611017,0.38941209628127516,0.45949548637475746
13405,0.7830480752380397,0.38949548617402935,0.45957619111890946
13406,0.7831064898650623,0.38957885991404123,0.459656876802915
13407,0.7831649044920849,0.38966221698026,0.45973754343352563
13408,0.7832233191191075,0.3897456416626032,0.45981819101748944
13409,0.7832817337461301,0.3898290528390378,0.45989881956155143
13410,0.7833401483731527,0.38991245238195327,0.4599794290724535
13411,0.7833985630001753,0.3899959411648022,0.46006001955693426
13412,0.7834569776271979,0.39007943611845963,0.4601405910217292
13413,0.7835153922542205,0.3901629448474319,0.4602211434735707
13414,0.7835738068812431,0.3902464884744921,0.46030167691918766
13415,0.7836322215082657,0.3903302157806413,0.46038219136530617
13416,0.7836906361352882,0.3904140601404336,0.460462686818649
13417,0.7837490507623108,0.3904979094395824,0.4605431632859357
13418,0.7838074653893334,0.39058177338516675,0.46062362077388275
13419,0.783865880016356,0.3906656275017121,0.4607040592892033
13420,0.7839242946433786,0.3907495235755961,0.4607844788386075
13421,0.7839827092704013,0.39083341341262207,0.4608648794288024
13422,0.7840411238974239,0.39091729450379015,0.46094526106649153
13423,0.7840995385244465,0.3910011668504681,0.4610256237583757
13424,0.7841579531514691,0.3910850304540232,0.46110596751115224
13425,0.7842163677784917,0.3911688853158225,0.46118629233151553
13426,0.7842747824055143,0.3912527314372327,0.4612665982261566
13427,0.7843331970325369,0.3913365688196204,0.46134688520176353
13428,0.7843916116595595,0.3914203974643517,0.4614271532650211
13429,0.7844500262865821,0.3915042173727925,0.461507402422611
13430,0.7845084409136047,0.39158802854630853,0.46158761118490743
13431,0.7845668555406273,0.391671830986265,0.46166775923217857
13432,0.7846252701676499,0.39175562469402697,0.46174789915966385
13433,0.7846836847946725,0.3918394096709593,0.46182802023291375
13434,0.7847420994216951,0.3919231859184264,0.46190812245858115
13435,0.7848005140487178,0.3920069534377925,0.4619882058433158
13436,0.7848589286757404,0.3920907122304215,0.4620682703937643
13437,0.784917343302763,0.39217446229767705,0.4621483161165701
13438,0.7849757579297856,0.3922582036409225,0.46222834301837357
13439,0.7850341725568082,0.39234193626152086,0.46230835110581203
13440,0.7850925871838308,0.39242566016083497,0.4623883403855195
13441,0.7851510018108534,0.3925093753402273,0.46246831086412704
13442,0.785209416437876,0.39259308180106,0.46254826254826253
13443,0.7852678310648986,0.3926767795446951,0.46262819544455075
13444,0.7853262456919212,0.3927604685724942,0.46270810955961333
13445,0.7853846603189438,0.39284414888581864,0.46278800490006883
13446,0.7854430749459664,0.3929278204860296,0.46286788147253266
13447,0.785501489572989,0.3930114833744877,0.46294773928361715
13448,0.7855599042000116,0.39309513755255354,0.4630275783399316
13449,0.7856183188270343,0.3931787830215874,0.463107398648082
13450,0.7856767334540569,0.3932624197829491,0.46318720021467147
13451,0.7857351480810795,0.3933460478379985,0.4632669830462999
13452,0.7857935627081021,0.3934296671880947,0.46334674714956403
13453,0.7858519773351247,0.393513277834597,0.4634264925310577
13454,0.7859103919621473,0.39359687977886415,0.4635062191973715
13455,0.7859688065891699,0.39368047302225473,0.46358592715509295
13456,0.7860272212161925,0.3937640550066314,0.46366561641080645
13457,0.7860856358432151,0.39384762825212877,0.4637452869710934
13458,0.7861440504702377,0.39393119280136446,0.46382493884253206
13459,0.7862024650972603,0.39401474434357414,0.46390457203169766
13460,0.7862608797242829,0.39409828672390257,0.46398418654516216
13461,0.7863192943513055,0.394181820413035,0.46406378238949464
13462,0.7863777089783281,0.3942653454123277,0.46414335957126107
13463,0.7864361236053508,0.3943488617231366,0.4642229180970243
13464,0.7864945382323734,0.39443236934681725,0.4643024579733441
13465,0.786552952859396,0.39451586828472507,0.46438197920677704
13466,0.7866113674864186,0.39459935853821504,0.4644614818038769
13467,0.7866697821134412,0.39468284010864196,0.46454096577119425
13468,0.7867281967404638,0.3947663129973604,0.46462043111527646
13469,0.7867866113674864,0.3948497772057245,0.46469987784266803
13470,0.786845025994509,0.3949332327350883,0.4647793059599103
13471,0.7869034406215316,0.39501665653928997,0.4648587154735416
13472,0.7869618552485542,0.39510006195507924,0.46493810639009703
13473,0.7870202698755768,0.3951834587027388,0.4650174787161089
13474,0.7870786845025994,0.3952668467836199,0.4650968324581062
13475,0.787137099129622,0.39535022619907345,0.465176167622615
13476,0.7871955137566446,0.39543359695045005,0.46525548421615837
13477,0.7872539283836673,0.39551695903910017,0.4653347822452562
13478,0.7873123430106899,0.39560031246637384,0.4654140617164254
13479,0.7873707576377125,0.3956836572336209,0.46549332263617976
13480,0.7874291722647351,0.3957669933421909,0.46557256501103017
13481,0.7874875868917577,0.3958503207934331,0.46565178884748426
13482,0.7875460015187803,0.3959336395886964,0.4657309941520468
13483,0.7876044161458029,0.39601694972932955,0.4658101809312194
13484,0.7876628307728255,0.39610025121668097,0.4658893491915007
13485,0.7877212453998481,0.39618354405209877,0.46596849893938636
13486,0.7877796600268707,0.39626682743005215,0.4660476301813688
13487,0.7878380746538933,0.39635009489468626,0.4661267429239375
13488,0.7878964892809159,0.3964333537131056,0.4662058371735791
13489,0.7879549039079385,0.3965166038866569,0.46628491293677693
13490,0.7880133185349611,0.39659984541668636,0.46636397022001136
13491,0.7880717331619838,0.3966830783045401,0.4664430090297598
13492,0.7881301477890064,0.3967663025515639,0.46652202937249665
13493,0.788188562416029,0.39684951815910335,0.4666010312546932
13494,0.7882469770430516,0.3969327251285036,0.4666800146828178
13495,0.7883053916700742,0.39701592346110953,0.4667589796633356
13496,0.7883638062970968,0.3970991131582659,0.46683792620270903
13497,0.7884222209241194,0.39718229422131707,0.4669168543073972
13498,0.788480635551142,0.3972654666516071,0.46699576398385645
13499,0.7885390501781646,0.39734863045047997,0.4670746552385399
13500,0.7885974648051872,0.397431785619279,0.46715352807789784
13501,0.7886558794322098,0.39751493215934763,0.4672323825083774
13502,0.7887142940592324,0.39759807007202885,0.4673112185364227
13503,0.788772708686255,0.39768119935866525,0.4673900361684751
13504,0.7888311233132776,0.39776432002059936,0.4674688354109726
13505,0.7888895379403003,0.39784743205917333,0.46754761627035046
13506,0.7889479525673229,0.39793053547572904,0.46762637875304075
13507,0.7890063671943455,0.398013630271608,0.4677051228654727
13508,0.7890647818213681,0.39809671644815164,0.4677838486140725
13509,0.7891231964483907,0.398179794006701,0.4678625560052632
13510,0.7891816110754133,0.39826286294859675,0.46794124504546514
13511,0.7892400257024359,0.3983459232751795,0.46801991574109536
13512,0.7892984403294585,0.39842897498778934,0.4680985680985681
13513,0.7893568549564811,0.39851202727263674,0.46817720212429453
13514,0.7894152695835037,0.39859507708364245,0.4682558178246829
13515,0.7894736842105263,0.3986781205497215,0.4683344152061384
13516,0.7895320988375489,0.3987611530140825,0.4684129942750632
13517,0.7895905134645715,0.3988441911216381,0.4684915550378567
13518,0.7896489280915941,0.3989272158388217,0.4685700975009151
13519,0.7897073427186168,0.3990102271688719,0.4686486216706317
13520,0.7897657573456394,0.3990932251150263,0.46872712755339674
13521,0.789824171972662,0.3991762144236656,0.468807126001263
13522,0.7898825865996846,0.3992591936636749,0.46888759657722023
13523,0.7899410012267072,0.39934216519169924,0.46896803774337165
13524,0.7899994158537298,0.39942512283572545,0.469048449515837
13525,0.7900578304807524,0.3995080694147767,0.46912883191072435
13526,0.790116245107775,0.39959100135312364,0.4692091849441299
13527,0.7901746597347976,0.39967391038772676,0.46928950863213814
13528,0.7902330743618202,0.39975679652807294,0.4693698029908217
13529,0.7902914889888428,0.39983965978364383,0.46945006803624173
13530,0.7903499036158654,0.39992250016391573,0.46953030378444743
13531,0.790408318242888,0.4000053169904175,0.4696105102514763
13532,0.7904667328699106,0.40008809587444166,0.46969068745335435
13533,0.7905251474969333,0.4001708424060935,0.4697708354060956
13534,0.7905835621239559,0.4002535711754471,0.46985095412570255
13535,0.7906419767509785,0.4003362771279523,0.469931043628166
13536,0.7907003913780011,0.4004189602730472,0.4700111039294652
13537,0.7907588060050237,0.4005016206201648,0.4700915547755832
13538,0.7908172206320463,0.40058425817873283,0.4701734639830508
13539,0.7908756352590689,0.4006669957998511,0.47025533252800716
13540,0.7909340498860915,0.40074973872135544,0.47033716044072393
13541,0.7909924645131141,0.4008325108369682,0.4704189477514431
13542,0.7910508791401367,0.40091538784400677,0.47050069449037635
13543,0.7911092937671593,0.4009983652360333,0.4705824006877056
13544,0.7911677083941819,0.4010813476398073,0.4706659837758356
13545,0.7912261230212045,0.4011644408108335,0.47074951276715227
13546,0.7912845376482271,0.40124769915888614,0.47083298935028484
13547,0.7913429522752498,0.4013309480338828,0.4709164135745411
13548,0.7914013669022724,0.40141421246477715,0.47100146765389755
13549,0.791459781529295,0.4014976153223616,0.4710866411710405
13550,0.7915181961563176,0.4015809949597206,0.47117191363111915
13551,0.7915766107833402,0.40166442031981064,0.47125716922671235
13552,0.7916350254103628,0.40174789355491025,0.47134240796282256
13553,0.7916934400373854,0.4018313467000245,0.4714276298444503
13554,0.791751854664408,0.40191477976240525,0.47151283487659407
13555,0.7918102692914306,0.4019982354679984,0.4715980230642504
13556,0.7918686839184532,0.40208169597852206,0.4716831944124139
13557,0.7919270985454758,0.4021651602531432,0.4717683489260772
13558,0.7919855131724984,0.4022486116210608,0.4718534866102309
13559,0.792043927799521,0.4023320698279503,0.47193860746986366
13560,0.7921023424265436,0.40241552695123656,0.47202371150996214
13561,0.7921607570535663,0.4024989735613686,0.47210879873551104
13562,0.7922191716805889,0.4025826391060759,0.4721938691514932
13563,0.7922775863076115,0.40266641591663765,0.4722789227628893
13564,0.7923360009346341,0.40275030089758035,0.4723639595746782
13565,0.7923944155616567,0.40283411489622306,0.47244897959183674
13566,0.7924528301886793,0.40291795020263316,0.4725339828193398
13567,0.7925112448157019,0.40300178560101885,0.4726189692621602
13568,0.7925696594427245,0.40308563727848845,0.472703938925269
13569,0.7926280740697471,0.40316950569709936,0.47278889181363515
13570,0.7926864886967697,0.4032533786043576,0.4728738279322257
13571,0.7927449033237923,0.4033373183229533,0.4729587472860057
13572,0.7928033179508149,0.4034212468893084,0.47304364987993813
13573,0.7928617325778375,0.40350524626366674,0.47312853571898433
13574,0.7929201472048601,0.40358920131366055,0.4732134048081034
13575,0.7929785618318828,0.4036731918879125,0.47329825715225254
13576,0.7930369764589054,0.4037573136555671,0.47338309275638707
13577,0.793095391085928,0.4038414181347164,0.47346791162546026
13578,0.7931538057129506,0.4039255053306895,0.47355271376442354
13579,0.7932122203399732,0.4040095752488133,0.4736374991782263
13580,0.7932706349669957,0.4040936278944125,0.4737222678718159
13581,0.7933290495940183,0.4041776632728096,0.473807019850138
13582,0.7933874642210409,0.404261681389325,0.47389175511813614
13583,0.7934458788480635,0.4043456822492768,0.4739764736807518
13584,0.7935042934750861,0.404429665857981,0.4740611755429247
13585,0.7935627081021087,0.4045136322207514,0.47414586070959264
13586,0.7936211227291313,0.404597712459266,0.4742305291856913
13587,0.7936795373561539,0.4046817802299021,0.4743151809761545
13588,0.7937379519831765,0.4047658355354327,0.47439981608591414
13589,0.7937963666101991,0.4048499390860933,0.4744844345199002
13590,0.7938547812372218,0.4049340469234579,0.47456903628304054
13591,0.7939131958642444,0.4050183657977558,0.47465362138026135
13592,0.793971610491267,0.40510287843938353,0.47473818981648663
13593,0.7940300251182896,0.40518738067576937,0.4748227415966387
13594,0.7940884397453122,0.40527187250883473,0.4749072767256376
13595,0.7941468543723348,0.4053563539405008,0.4749917952084017
13596,0.7942052689993574,0.4054408249726881,0.4750762970498474
13597,0.79426368362638,0.40552528560731665,0.4751607822548891
13598,0.7943220982534026,0.4056097495459661,0.47524525082843927
13599,0.7943805128804252,0.40569423826468537,0.4753297027754084
13600,0.7944389275074478,0.40577884246367046,0.47541413810070526
13601,0.7944973421344704,0.40586342547320087,0.4754985568092364
13602,0.794555756761493,0.4059481113788039,0.4755829589059067
13603,0.7946141713885156,0.40603277558117307,0.4756673443956188
13604,0.7946725860155383,0.4061174352517447,0.47575171328327376
13605,0.7947310006425609,0.4062021459841776,0.4758360655737705
13606,0.7947894152695835,0.4062868387629215,0.475920401272006
13607,0.7948478298966061,0.4063715067040267,0.4760047203828755
13608,0.7949062445236287,0.40645633814330834,0.4760890229112721
13609,0.7949646591506513,0.4065412481677997,0.47617330886208703
13610,0.7950230737776739,0.40662617187988576,0.47625757824020976
13611,0.7950814884046965,0.4067110550120389,0.4763418310505276
13612,0.7951399030317191,0.4067959717958998,0.476426067297926
13613,0.7951983176587417,0.40688096767623805,0.4765102869872887
13614,0.7952567322857643,0.40696594104043504,0.47659449012349725
13615,0.7953151469127869,0.4070509788622971,0.4766786767114314
13616,0.7953735615398095,0.4071360231679918,0.47676284675596897
13617,0.7954319761668321,0.40722112456529214,0.47684700026198584
13618,0.7954903907938548,0.4073062454462985,0.4769311372343561
13619,0.7955488054208774,0.4073914121171617,0.47701525767795167
13620,0.7956072200479,0.40747664499680625,0.4770993615976428
13621,0.7956656346749226,0.40756192761630217,0.4771834489982978
13622,0.7957240493019452,0.407647227233644,0.47726751988478283
13623,0.7957824639289678,0.407732550846422,0.47735157426196245
13624,0.7958408785559904,0.4078178637067686,0.4774356121346991
13625,0.795899293183013,0.4079032022976426,0.4775196335078534
13626,0.7959577078100356,0.40798851956847876,0.47760363838628406
13627,0.7960161224370582,0.40807381552726574,0.4776876267748479
13628,0.7960745370640808,0.4081592059715059,0.4777715986783997
13629,0.7961329516911034,0.4082446161989794,0.4778555541017925
13630,0.796191366318126,0.4083300165730323,0.4779394930498774
13631,0.7962497809451486,0.4084154361701376,0.47802341552750344
13632,0.7963081955721713,0.40850085584599055,0.478107321539518
13633,0.7963666101991939,0.40858625904719253,0.4781912110907664
13634,0.7964250248262165,0.4086717514964198,0.4782750841860921
13635,0.7964834394532391,0.40875736739885155,0.4783589408303367
13636,0.7965418540802617,0.4088429716484795,0.4784427810283398
13637,0.7966002687072843,0.4089285642476826,0.4785266047849392
13638,0.7966586833343069,0.40901414519883905,0.47861041210497074
13639,0.7967170979613295,0.4090997145043264,0.4786942029932684
13640,0.7967755125883521,0.40918527216652156,0.47877797745466427
13641,0.7968339272153747,0.4092708181878008,0.4788617354939885
13642,0.7968923418423973,0.40935635257053976,0.4789454771160694
13643,0.7969507564694199,0.40944185881325973,0.4790292023257333
13644,0.7970091710964425,0.4095273533544802,0.4791129111278048
13645,0.7970675857234651,0.4096128362687911,0.47919660352710647
13646,0.7971260003504878,0.4096983075585641,0.479280279528459
13647,0.7971844149775104,0.40978376722617027,0.47936393913668124
13648,0.797242829604533,0.4098692152739799,0.4794475823565902
13649,0.7973012442315556,0.40995465170436274,0.4795312091930008
13650,0.7973596588585782,0.4100400765196879,0.4796148196507263
13651,0.7974180734856008,0.4101254897223237,0.479698413734578
13652,0.7974764881126234,0.4102108913146381,0.47978199144936523
13653,0.797534902739646,0.41029627249449674,0.47986555279989557
13654,0.7975933173666686,0.4103816320215138,0.47994909779097467
13655,0.7976517319936912,0.4104669799504323,0.4800326264274062
13656,0.7977101466207138,0.4105523162836158,0.4801161387139921
13657,0.7977685612477364,0.4106376410234274,0.48019963465553234
13658,0.797826975874759,0.4107229541722295,0.48028311425682507
13659,0.7978853905017816,0.41080825573238366,0.4803665775226665
13660,0.7979438051288043,0.41089354570625114,0.48045002445785095
13661,0.7980022197558269,0.4109788240961923,0.480533455067171
13662,0.7980606343828495,0.41106409893347773,0.48061686935541714
13663,0.7981190490098721,0.4111493786491601,0.48070026732737825
13664,0.7981774636368947,0.41123467134690306,0.48078364898784104
13665,0.7982358782639173,0.41131997831166733,0.4808670143415906
13666,0.7982942928909399,0.41140533303488963,0.48095036339341
13667,0.7983527075179625,0.4114906785869292,0.48103369614808056
13668,0.7984111221449851,0.41157602470483073,0.4811170126103816
13669,0.7984695367720077,0.41166142996226573,0.48120031278509057
13670,0.7985279513990303,0.41174690462852037,0.4812835966769832
13671,0.7985863660260529,0.4118323496049289,0.48136686429083325
13672,0.7986447806530755,0.41191790733341604,0.48145011563141266
13673,0.7987031952800981,0.41200362301833754,0.4815333507034914
13674,0.7987616099071208,0.4120893824161998,0.4816165695118377
13675,0.7988200245341434,0.4121752257607881,0.48169977206121783
13676,0.798878439161166,0.4122610810126199,0.48178295835639634
13677,0.7989368537881886,0.4123469202619061,0.4818661284021357
13678,0.7989952684152112,0.4124328099695399,0.4819492822031967
13679,0.7990536830422338,0.41251872860180583,0.48203241976433825
13680,0.7991120976692564,0.41260469349589257,0.48211554109031735
13681,0.799170512296279,0.4126906366508223,0.4821986461858891
13682,0.7992289269233016,0.41277666317648587,0.48228173505580685
13683,0.7992873415503242,0.41286268037799095,0.48236480770482204
13684,0.7993457561773468,0.4129486882568533,0.4824478641376842
13685,0.7994041708043694,0.4130346868145886,0.4825309043591412
13686,0.799462585431392,0.41312074105461566,0.4826139283739388
13687,0.7995210000584146,0.41320678184523757,0.482696936186821
13688,0.7995794146854373,0.41329281147072644,0.48277991775968276
13689,0.7996378293124599,0.41337886381947675,0.48286285407829943
13690,0.7996962439394825,0.41346515061540606,0.48294688266740327
13691,0.7997546585665051,0.4135515340058126,0.48303088395366595
13692,0.7998130731935277,0.41363790766231207,0.4831148579503923
13693,0.7998714878205503,0.41372426086229774,0.48319880467087845
13694,0.7999299024475729,0.41381059075366533,0.48328272412841206
13695,0.7999883170745955,0.4138968889537034,0.483366616336272
13696,0.8000467317016181,0.4139831667256965,0.4834504813077285
13697,0.8001051463286407,0.4140694240768972,0.4835343190560434
13698,0.8001635609556633,0.4141556610145546,0.4836181295944696
13699,0.8002219755826859,0.41424187754591446,0.4837019129362517
13700,0.8002803902097085,0.414328073678219,0.4837856690946255
13701,0.8003388048367311,0.41441436444047836,0.48386939808281837
13702,0.8003972194637538,0.4145008141304999,0.48395309991404895
13703,0.8004556340907764,0.41458734143966286,0.4840367746015274
13704,0.800514048717799,0.4146738634788484,0.48412042215845535
13705,0.8005724633448216,0.4147603699301742,0.4842040425980257
13706,0.8006308779718442,0.41484686079785227,0.484287635933423
13707,0.8006892925988668,0.4149333360860933,0.48437120217782315
13708,0.8007477072258894,0.41501979579910625,0.4844547413443935
13709,0.800806121852912,0.4151062399410988,0.4845382534462929
13710,0.8008645364799346,0.41519266851627684,0.4846217384966717
13711,0.8009229511069572,0.41527908152884496,0.48470519650867167
13712,0.8009813657339798,0.41536556007314046,0.48478862749542606
13713,0.8010397803610024,0.41545215390254403,0.48487203147005975
13714,0.801098194988025,0.4155387748160016,0.48495540844568896
13715,0.8011566096150476,0.4156255005808961,0.4850387584354215
13716,0.8012150242420703,0.4157122246533682,0.4851220814523567
13717,0.8012734388690929,0.4157989732149407,0.48520537750958537
13718,0.8013318534961155,0.4158857118351855,0.4852886466201899
13719,0.8013902681231381,0.41597248419760363,0.4853718887972442
13720,0.8014486827501607,0.4160593817455069,0.4854551040538137
13721,0.8015070973771833,0.41614628153751765,0.4855382924029554
13722,0.8015655120042059,0.4162332070258349,0.4856223835000889
13723,0.8016239266312285,0.41632011248946055,0.4857064365475671
13724,0.8016823412582511,0.41640699793531344,0.4857904515712093
13725,0.8017407558852737,0.4164940950048409,0.48587442859681146
13726,0.8017991705122963,0.41658118022462665,0.48595836765014616
13727,0.8018575851393189,0.41666823599662367,0.4860422687569627
13728,0.8019159997663415,0.41675525071610925,0.4861261319429872
13729,0.8019744143933641,0.4168422362368381,0.48620995723392235
13730,0.8020328290203868,0.4169292951261128,0.48629374465544783
13731,0.8020912436474094,0.4170163805362584,0.48637749423321985
13732,0.802149658274432,0.4171034784054728,0.4864612059928718
13733,0.8022080729014546,0.4171908177570795,0.4865457476823861
13734,0.8022664875284772,0.4172781731413807,0.48663024031719937
13735,0.8023249021554998,0.41736559068465073,0.4867146839399945
13736,0.8023833167825224,0.41745302187550454,0.4868043695421003
13737,0.802441731409545,0.4175062760693402,0.48689404069533276
13738,0.8025001460365676,0.4175938541250168,0.4869836974031832
13739,0.8025585606635902,0.4176815296231361,0.4870733396691419
13740,0.8026169752906128,0.4177692091817924,0.48716296749669813
13741,0.8026753899176354,0.41785692037753286,0.4872525808893398
13742,0.802733804544658,0.4179446119054428,0.487342179850554
13743,0.8027922191716806,0.4180322837721368,0.48743176438382635
13744,0.8028506337987033,0.4181200398984987,0.4875213344926416
13745,0.8029090484257257,0.4182079978307797,0.4876108901804833
13746,0.8029674630527484,0.4182960149427382,0.4877004314508339
13747,0.803025877679771,0.4183840726227705,0.4877899583071747
13748,0.8030842923067936,0.41847213091564756,0.4878794707529859
13749,0.8031427069338162,0.41856019624270263,0.48796896879174645
13750,0.8032011215608388,0.41864824572330034,0.48805845242693446
13751,0.8032595361878614,0.41873627934109814,0.4881479216620267
13752,0.803317950814884,0.4188242981704785,0.4882373765004988
13753,0.8033763654419066,0.41891230221516756,0.48832681694582547
13754,0.8034347800689292,0.41900046938580127,0.4884162430014801
13755,0.8034931946959518,0.419088691995375,0.48850565467093515
13756,0.8035516093229744,0.4191769179355088,0.48859505195766173
13757,0.803610023949997,0.4192651726599778,0.48868443486513
13758,0.8036684385770196,0.41935345931219853,0.48877380339680904
13759,0.8037268532040422,0.4194417268344644,0.48886315755616666
13760,0.8037852678310649,0.4195300281615249,0.4889524973466697
13761,0.8038436824580875,0.4196183143724153,0.4890418227717837
13762,0.8039020970851101,0.41970664309348166,0.4891311338349733
13763,0.8039605117121327,0.41979502683125935,0.48922043053970193
13764,0.8040189263391553,0.4198834000215041,0.48930971288943187
13765,0.8040773409661779,0.41997176332773484,0.4893989808876244
13766,0.8041357555932005,0.42006011675160976,0.4894882345377395
13767,0.8041941702202231,0.42014846029478653,0.4895774738432362
13768,0.8042525848472457,0.4202367939589226,0.4896666988075724
13769,0.8043109994742683,0.4203251177456749,0.48975590943420483
13770,0.8043694141012909,0.42041343165670003,0.4898451057265891
13771,0.8044278287283135,0.4205017356936543,0.4899342876881798
13772,0.8044862433553361,0.4205900298581936,0.49002345532243036
13773,0.8045446579823587,0.42067831415197343,0.49011260863279305
13774,0.8046030726093814,0.4207665885766489,0.4902017476227191
13775,0.804661487236404,0.4208548531338749,0.4902908722956586
13776,0.8047199018634266,0.42094310782530564,0.49037998265506055
13777,0.8047783164904492,0.42103135265259534,0.49046907870437284
13778,0.8048367311174718,0.42111958406306954,0.4905581604470422
13779,0.8048951457444944,0.42120780448411205,0.4906472278865143
13780,0.804953560371517,0.42129601504701997,0.49073628102623384
13781,0.8050119749985396,0.4213842124420939,0.4908253198696441
13782,0.8050703896255622,0.4214723957106738,0.4909143444201875
13783,0.8051288042525848,0.4215605691277692,0.4910033546813053
13784,0.8051872188796074,0.4216487326950308,0.4910923506564376
13785,0.80524563350663,0.42173688641410906,0.49118133234902345
13786,0.8053040481336526,0.421825030286654,0.4912702997625008
13787,0.8053624627606752,0.4219131643143153,0.49135925290030646
13788,0.8054208773876979,0.42200128849874213,0.4914481917658762
13789,0.8054792920147205,0.4220894028415835,0.4915371163626446
13790,0.8055377066417431,0.422177507344488,0.49162602669404515
13791,0.8055961212687657,0.42226560200910374,0.49171492276351036
13792,0.8056545358957883,0.4223536868370785,0.4918038045744715
13793,0.8057129505228109,0.4224417618300599,0.49189267213035875
13794,0.8057713651498335,0.42252982698969477,0.49198152543460133
13795,0.8058297797768561,0.42261788231763,0.49207036449062713
13796,0.8058881944038787,0.4227059278155118,0.4921591893018632
13797,0.8059466090309013,0.42279396348498627,0.4922479998717353
13798,0.8060050236579239,0.422881989327699,0.4923367962036681
13799,0.8060634382849465,0.42297000534529516,0.49242557830108524
13800,0.8061218529119691,0.42305801153941963,0.49251434616740936
13801,0.8061802675389917,0.4231460012302495,0.49260309980606176
13802,0.8062386821660144,0.4232339792736841,0.49269183922046283
13803,0.806297096793037,0.423321961117681,0.49278056441403184
13804,0.8063555114200596,0.42340999943796304,0.4928692753901868
13805,0.8064139260470822,0.4234980829645023,0.49295797215234494
13806,0.8064723406741048,0.4235861242525026,0.49304665470392206
13807,0.8065307553011274,0.42367415480495396,0.4931353230483331
13808,0.80658916992815,0.4237621633650097,0.49322397718899175
13809,0.8066475845551726,0.4238501897732258,0.49331261712931074
13810,0.8067059991821952,0.42393823103070305,0.49340124287270165
13811,0.8067644138092178,0.4240263523147,0.4934898544225749
13812,0.8068228284362404,0.4241144973534093,0.49357845178233994
13813,0.806881243063263,0.42420261882643684,0.49366703495540504
13814,0.8069396576902856,0.4242907167432318,0.4937556039451774
13815,0.8069980723173082,0.4243788288103163,0.49384415875506316
13816,0.8070564869443309,0.424467042883355,0.49393269938846734
13817,0.8071149015713535,0.42455526426603335,0.4940212258487938
13818,0.8071733161983761,0.42464347140536096,0.49410973813944553
13819,0.8072317308253987,0.42473186098651283,0.4941982362638242
13820,0.8072901454524213,0.4248202864116707,0.4942867202253305
13821,0.8073485600794439,0.4249087605303973,0.49437519002736396
13822,0.8074069747064665,0.4249972626889771,0.49446364567332307
13823,0.8074653893334891,0.42508574484564615,0.4945520871666053
13824,0.8075238039605117,0.42517421492454943,0.494640514510607
13825,0.8075822185875343,0.4252626731892055,0.4947289277087233
13826,0.8076406332145569,0.42535111964198075,0.4948173267643483
13827,0.8076990478415795,0.42543955428524083,0.4949057116808752
13828,0.8077574624686021,0.4255279771213508,0.49499408246169596
13829,0.8078158770956247,0.4256163881526753,0.49508243911020133
13830,0.8078742917226474,0.4257047873815779,0.49517078162978123
13831,0.80793270634967,0.425793174810422,0.4952591100238244
13832,0.8079911209766926,0.42588155044157,0.4953474242957184
13833,0.8080495356037152,0.4259699142773839,0.49543572444884976
13834,0.8081079502307378,0.426058266320225,0.495524010486604
13835,0.8081663648577604,0.4261466065724539,0.49561228241236555
13836,0.808224779484783,0.4262349350364307,0.49570054022951765
13837,0.8082831941118056,0.4263233134964648,0.49578878394144255
13838,0.8083416087388282,0.4264116799105117,0.49587701355152136
13839,0.8084000233658508,0.4264999621216766,0.49596522906313417
13840,0.8084584379928734,0.4265884203729004,0.49605343047966
13841,0.808516852619896,0.4266769494861558,0.4961416178044767
13842,0.8085752672469186,0.4267655483362949,0.4962297910409611
13843,0.8086336818739412,0.42685418419409726,0.4963179501924889
13844,0.8086920965009639,0.4269430038342138,0.4964060952624349
13845,0.8087505111279865,0.42703179727006124,0.4964942262541726
13846,0.8088089257550091,0.42712059942663066,0.49658234317107447
13847,0.8088673403820317,0.4272094814463167,0.49667044601651206
13848,0.8089257550090543,0.4272983990958531,0.49675853479385557
13849,0.8089841696360769,0.4273873420058324,0.4968466095064744
13850,0.8090425842630995,0.42747625729370337,0.4969346701577368
13851,0.8091009988901221,0.42756512785851536,0.49702271675100973
13852,0.8091594135171447,0.42765403583180717,0.49711074928965937
13853,0.8092178281441673,0.42774293375167044,0.49719876777705063
13854,0.8092762427711899,0.42783182231427436,0.4972867722165475
13855,0.8093346573982125,0.427920828037551,0.49737476261151276
13856,0.8093930720252351,0.4280099974597944,0.4974627389653081
13857,0.8094514866522577,0.4280991864160561,0.49755070128129436
13858,0.8095099012792804,0.42818852578977995,0.49763864956283105
13859,0.809568315906303,0.42827801425885104,0.4977265838132767
13860,0.8096267305333256,0.4283674720651774,0.49781450403598887
13861,0.8096851451603482,0.4284570259033785,0.4979024102343239
13862,0.8097435597873708,0.4285465672440012,0.4979903024116371
13863,0.8098019744143934,0.42863631141734876,0.4980781805712828
13864,0.809860389041416,0.42872618602928986,0.498166044716614
13865,0.8099188036684386,0.4288162774328064,0.4982538948509831
13866,0.8099772182954612,0.4289063568857734,0.4983417309777409
13867,0.8100356329224838,0.42899641839878055,0.49842955310023757
13868,0.8100940475495064,0.42908646197718664,0.4985173612218219
13869,0.810152462176529,0.42917648762634825,0.49860515534584177
13870,0.8102108768035516,0.4292664953516199,0.498692935475644
13871,0.8102692914305742,0.429356485158354,0.4987807016145742
13872,0.8103277060575969,0.42944645705190077,0.4988684537659771
13873,0.8103861206846195,0.4295364110376083,0.4989561919331963
13874,0.8104445353116421,0.42962634712082265,0.4990439161195742
13875,0.8105029499386647,0.42971626530688756,0.49913162632845237
13876,0.8105613645656873,0.4298061656011449,0.49921932256317114
13877,0.8106197791927099,0.4298960480089341,0.4993070048270698
13878,0.8106781938197325,0.42998591253559276,0.4993946731234867
13879,0.8107366084467551,0.4300757591864562,0.49948232745575893
13880,0.8107950230737777,0.43016558796685767,0.4995699678272226
13881,0.8108534377008003,0.4302553988821282,0.4996575942412129
13882,0.8109118523278229,0.43034519193759696,0.49974520670106376
13883,0.8109702669548455,0.43043496713859064,0.49983280521010814
13884,0.8110286815818681,0.43052472449043405,0.49992038977167785
13885,0.8110870962088907,0.4306144639984499,0.5000079538043046
13886,0.8111455108359134,0.4307041856679586,0.5000953591862682
13887,0.811203925462936,0.43079388950427866,0.5001826759646085
13888,0.8112623400899586,0.43088357551272627,0.5002699526788833
13889,0.8113207547169812,0.43097324369861567,0.5003571938848407
13890,0.8113791693440038,0.4310628940672589,0.5004443880142204
13891,0.8114375839710264,0.4311525266239659,0.500531535105117
13892,0.811495998598049,0.4312421413740446,0.5006186351955839
13893,0.8115544132250716,0.43133173832280064,0.5007056883236334
13894,0.8116128278520942,0.4314215238427752,0.500792694527237
13895,0.8116712424791168,0.43151138233081954,0.5008796538443251
13896,0.8117296571061394,0.4316012204875875,0.5009666275789941
13897,0.811788071733162,0.4316911657265533,0.5010535654874126
13898,0.8118464863601846,0.43178116005930645,0.5011404675917126
13899,0.8119049009872072,0.4318711061723674,0.5012273339140074
13900,0.8119633156142299,0.4319610888370816,0.5013141644763925
13901,0.8120217302412525,0.4320510614247861,0.5014009593009451
13902,0.8120801448682751,0.4321410411729648,0.501487718409724
13903,0.8121385594952977,0.43223100970131534,0.5015744418247702
13904,0.8121969741223203,0.4323209514709093,0.5016611295681063
13905,0.8122553887493429,0.4324108664936829,0.5017477816617371
13906,0.8123138033763655,0.4325008798497467,0.5018343981276489
13907,0.8123722180033881,0.4325908912947088,0.5019209789878101
13908,0.8124306326304107,0.4326808834351629,0.5020075242641713
13909,0.8124890472574333,0.43277093060584204,0.5020941663637369
13910,0.8125474618844558,0.4328609712668527,0.502180783817952
13911,0.8126058765114784,0.43295102474242886,0.5022673766373303
13912,0.812664291138501,0.43304106213521215,0.5023539448323802
13913,0.8127227057655236,0.433131125907664,0.5024404884136036
13914,0.8127811203925462,0.43322117862545556,0.5025270073914966
13915,0.8128395350195688,0.433311218463541,0.5026135017765495
13916,0.8128979496465915,0.4334012454246833,0.5026999715792465
13917,0.8129563642736141,0.43349125951164463,0.5027864168100659
13918,0.8130147789006367,0.43358125694886607,0.5028728374794798
13919,0.8130731935276593,0.4336712405536362,0.5029592335979546
13920,0.8131316081546819,0.4337612112938631,0.5030456051759508
13921,0.8131900227817045,0.4338511691723053,0.5031319522239227
13922,0.8132484374087271,0.43394111419172066,0.5032182747523191
13923,0.8133068520357497,0.43403104635486617,0.5033045727715822
13924,0.8133652666627723,0.43412098092296453,0.503390846292149
13925,0.8134236812897949,0.4342110189890901,0.5034770953244501
13926,0.8134820959168175,0.43430106543486047,0.5035633198789102
13927,0.8135405105438401,0.43439115960808655,0.5036495199659483
13928,0.8135989251708627,0.43448132332467454,0.5037356955959774
13929,0.8136573397978853,0.4345714918116183,0.5038218467794046
13930,0.813715754424908,0.4346616648032736,0.503907973526631
13931,0.8137741690519306,0.43475191698209686,0.5039940758480518
13932,0.8138325836789532,0.4348421474756687,0.5040801537540566
13933,0.8138909983059758,0.4349323523019707,0.5041662072550286
13934,0.8139494129329984,0.4350225353446336,0.5042522363613456
13935,0.814007827560021,0.4351126966115471,0.5043382410833792
13936,0.8140662421870436,0.43520284671768844,0.5044242214314955
13937,0.8141246568140662,0.4352929989333023,0.504510177416054
13938,0.8141830714410888,0.43538314076168644,0.5045961090474091
13939,0.8142414860681114,0.43547327220463594,0.5046820163359091
13940,0.814299900695134,0.4355633932639455,0.5047678992918961
13941,0.8143583153221566,0.4356535039414094,0.5048537579257069
13942,0.8144167299491792,0.43574360423882147,0.5049395922476718
13943,0.8144751445762018,0.4358336941579752,0.5050254022681159
13944,0.8145335592032245,0.43592377370066354,0.5051111879973579
13945,0.8145919738302471,0.4360138428686792,0.5051969494457111
13946,0.8146503884572697,0.4361039016638144,0.5052826866234827
13947,0.8147088030842923,0.4361939500878609,0.5053683995409743
13948,0.8147672177113149,0.4362839881426101,0.5054540882084814
13949,0.8148256323383375,0.4363740158298529,0.5055397526362936
13950,0.8148840469653601,0.4364640569550451,0.5056253928346952
13951,0.8149424615923827,0.4365541363953325,0.5057110088139641
13952,0.8150008762194053,0.4366443088703536,0.5057969648411725
13953,0.8150592908464279,0.4367345341618642,0.5058829073658084
13954,0.8151177054734505,0.4368248903449029,0.5059688363910531
13955,0.8151761201004731,0.43691538826794946,0.5060547519200868
13956,0.8152345347274957,0.4370058662099059,0.5061406539560889
13957,0.8152929493545183,0.437096410542662,0.5062265425022378
13958,0.815351363981541,0.4371869949355689,0.506312417561711
13959,0.8154097786085636,0.43727773578388895,0.5063982791376846
13960,0.8154681932355862,0.43736854678194964,0.5064841272333344
13961,0.8155266078626088,0.4374593386410798,0.5065699618518344
13962,0.8155850224896314,0.43755020221601176,0.5066557829963582
13963,0.815643437116654,0.43764109598030754,0.506741590670078
13964,0.8157018517436766,0.4377319935053422,0.5068273848761654
13965,0.8157602663706992,0.4378231521565772,0.5069131656177907
13966,0.8158186809977218,0.43791432124972085,0.5069989328981231
13967,0.8158770956247444,0.4380055165341632,0.5070846867203314
13968,0.815935510251767,0.43809670740960577,0.5071704270875828
13969,0.8159939248787896,0.43818788942131714,0.5072561540030437
13970,0.8160523395058122,0.4382791263101858,0.5073418674698795
13971,0.8161107541328348,0.4383703442307555,0.5074275674912547
13972,0.8161691687598575,0.4384615642272453,0.5075132540703329
13973,0.8162275833868801,0.43855276573905394,0.5075989272102762
13974,0.8162859980139027,0.43864408083669104,0.5076845869142463
13975,0.8163444126409253,0.43873548136336643,0.5077702331854036
13976,0.8164028272679479,0.4388269250068411,0.5078558660269075
13977,0.8164612418949705,0.43891842457870056,0.5079414854419166
13978,0.8165196565219931,0.43900991214398577,0.5080270914335884
13979,0.8165780711490157,0.4391013877050598,0.5081126840050793
13980,0.8166364857760383,0.43919288356207103,0.5081982631595447
13981,0.8166949004030609,0.43928438532971004,0.5082838289001395
13982,0.8167533150300835,0.4393760228929282,0.508369381230017
13983,0.8168117296571061,0.4394676901828171,0.5084549201523296
13984,0.8168701442841287,0.4395593364342044,0.5085404456702292
13985,0.8169285589111513,0.439650961654332,0.508625957786866
13986,0.816986973538174,0.43974261208759385,0.5087114565053898
13987,0.8170453881651966,0.43983442100447234,0.5087969418289492
13988,0.8171038027922192,0.4399261998369775,0.5088824137606918
13989,0.8171622174192418,0.4400179485998942,0.5089678723037642
13990,0.8172206320462644,0.44010966730799755,0.509053317461312
13991,0.817279046673287,0.44020135597605314,0.5091387492364798
13992,0.8173374613003096,0.4402930146188167,0.5092241676324114
13993,0.8173958759273322,0.4403847234739255,0.5093095726522495
13994,0.8174542905543548,0.4404764540089947,0.5093949642991357
13995,0.8175127051813774,0.44056817907659596,0.5094803425762107
13996,0.8175711198084,0.4406600752180343,0.5095657074866142
13997,0.8176295344354226,0.44075196052937016,0.5096510590334852
13998,0.8176879490624452,0.4408438527990266,0.5097363972199612
13999,0.8177463636894678,0.44093585834823107,0.5098217220491791
14000,0.8178047783164905,0.44102790586681806,0.5099070335242746
14001,0.8178631929435131,0.44112007751043675,0.5099923316483826
14002,0.8179216075705357,0.4412123935799065,0.510077616424637
14003,0.8179800221975583,0.44130475879424913,0.5101628878561705
14004,0.8180384368245809,0.441397107894711,0.5102481459461151
14005,0.8180968514516035,0.4414894408855085,0.5103333906976016
14006,0.8181552660786261,0.44158175777085656,0.5104186221137601
14007,0.8182136807056487,0.4416740585549688,0.5105038401977193
14008,0.8182720953326713,0.44176634324205705,0.510591729852263
14009,0.8183305099596939,0.44185873865230824,0.5106821911385481
14010,0.8183889245867165,0.44195110889203315,0.510772595890946
14011,0.8184473392137391,0.44204351282945425,0.5108629441624365
14012,0.8185057538407617,0.44213590155965243,0.5109539201449071
14013,0.8185641684677843,0.4422284053278995,0.5110448506798633
14014,0.818622583094807,0.4423211017025501,0.5111357358013516
14015,0.8186809977218296,0.4424137804384948,0.511226575543385
14016,0.8187394123488522,0.4425064472777445,0.5113173699399423
14017,0.8187978269758748,0.44259916256008036,0.5114081190249684
14018,0.8188562416028974,0.4426918691691934,0.5114988228323745
14019,0.81891465622992,0.44278455501586456,0.5115894813960375
14020,0.8189730708569426,0.44287725707275016,0.5116800947498013
14021,0.8190314854839652,0.4429699364343264,0.5117713965192191
14022,0.8190899001109878,0.4430626607582777,0.5118626641534124
14023,0.8191483147380104,0.44315560443357416,0.5119538976715209
14024,0.819206729365033,0.4432485323378231,0.5120450970926702
14025,0.8192651439920556,0.44334165858291685,0.5121362624359713
14026,0.8193235586190782,0.443434773686889,0.5122273937205212
14027,0.8193819732461008,0.4435278776517386,0.5123184909654024
14028,0.8194403878731235,0.44362097047946447,0.5124095541896834
14029,0.8194988025001461,0.4437140521720647,0.5125005834124181
14030,0.8195572171271687,0.4438071227315371,0.5125915786526466
14031,0.8196156317541913,0.4439001821598789,0.5126825399293946
14032,0.8196740463812139,0.443993230459087,0.5127734672616734
14033,0.8197324610082365,0.44408626763115755,0.5128643606684804
14034,0.8197908756352591,0.44417929367808645,0.5129552201687987
14035,0.8198492902622817,0.44427230860186906,0.5130460457815972
14036,0.8199077048893043,0.4443653162748309,0.5131368375258308
14037,0.8199661195163269,0.4444583037322798,0.5132275954204403
14038,0.8200245341433495,0.44455163564279315,0.5133183194843519
14039,0.8200829487703721,0.4446450757491904,0.5134090097364784
14040,0.8201413633973947,0.4447385030634502,0.513499666195718
14041,0.8201997780244173,0.4448320185140612,0.5135911327755096
14042,0.82025819265144,0.4449255351331468,0.5136825766395033
14043,0.8203166072784626,0.445019099787642,0.5137739977961604
14044,0.8203750219054852,0.44511281458787116,0.5138653962539377
14045,0.8204334365325078,0.44520652360263824,0.5139567720212882
14046,0.8204918511595304,0.4453004280014956,0.5140481251066602
14047,0.820550265786553,0.445394310873498,0.5141394555184984
14048,0.8206086804135756,0.4454882529055807,0.5142307632652429
14049,0.8206670950405982,0.44558217046991266,0.5143220483553295
14050,0.8207255096676208,0.4456761237178556,0.5144133107971902
14051,0.8207839242946434,0.44577006167411776,0.5145045505992527
14052,0.820842338921666,0.44586398434243213,0.5145957677699403
14053,0.8209007535486886,0.4459578917265305,0.5146869623176724
14054,0.8209591681757112,0.4460517838301434,0.514778134250864
14055,0.8210175828027338,0.4461456606570001,0.5148692835779262
14056,0.8210759974297565,0.44623952221082885,0.5149604103072656
14057,0.8211344120567791,0.44633336849535643,0.5150515144472848
14058,0.8211928266838017,0.44642719951430854,0.5151425960063823
14059,0.8212512413108243,0.4465210152714097,0.5152336549929524
14060,0.8213096559378469,0.44661481577038314,0.5153246914153851
14061,0.8213680705648695,0.4467086010149509,0.5154157052820664
14062,0.8214264851918921,0.4468023710088339,0.515506696601378
14063,0.8214848998189147,0.4468961257557517,0.5155976653816977
14064,0.8215433144459373,0.4469898652594228,0.5156886116313989
14065,0.8216017290729599,0.4470835895235643,0.5157795353588509
14066,0.8216601436999825,0.4471772985518923,0.515870436572419
14067,0.8217185583270051,0.44727099234812157,0.5159613152804642
14068,0.8217769729540277,0.44736467091596566,0.5160521714913434
14069,0.8218353875810503,0.447458334259137,0.5161430052134095
14070,0.821893802208073,0.4475519823813468,0.5162338164550109
14071,0.8219522168350956,0.447645615286305,0.5163246052244923
14072,0.8220106314621182,0.44773926828095384,0.5164153715301941
14073,0.8220690460891408,0.4478329052691794,0.5165061153804524
14074,0.8221274607161633,0.44792661784038995,0.5165968367835995
14075,0.8221858753431859,0.4480204394235354,0.5166875357479633
14076,0.8222442899702085,0.4481142569334817,0.5167782122818678
14077,0.8223027045972311,0.4482081260340847,0.5168688663936326
14078,0.8223611192242537,0.448302093337304,0.5169594980915736
14079,0.8224195338512763,0.44839608368196254,0.5170501073840021
14080,0.8224779484782989,0.4484900593299883,0.5171406942792257
14081,0.8225363631053215,0.4485840323846541,0.5172312587855477
14082,0.8225947777323441,0.448678004113083,0.5173218009112672
14083,0.8226531923593667,0.44877196237836825,0.5174123206646797
14084,0.8227116069863893,0.4488659092628815,0.5175028180540757
14085,0.822770021613412,0.4489598734405576,0.5175932930877426
14086,0.8228284362404346,0.44905404520894115,0.517683745773963
14087,0.8228868508674572,0.44914824513036467,0.5177741761210156
14088,0.8229452654944798,0.4492424165407166,0.5178645841371753
14089,0.8230036801215024,0.4493365834242026,0.5179549698307125
14090,0.823062094748525,0.4494309365769789,0.5180453332098937
14091,0.8231205093755476,0.44952527035916656,0.5181356742829814
14092,0.8231789240025702,0.4496197516667052,0.5182259930582337
14093,0.8232373386295928,0.4497145758351702,0.5183162895439051
14094,0.8232957532566154,0.4498094169027552,0.5184065637482457
14095,0.823354167883638,0.44990433735457536,0.5184968156795016
14096,0.8234125825106606,0.4499993083778472,0.5185870453459148
14097,0.8234709971376832,0.45009430705308967,0.5186772527557234
14098,0.8235294117647058,0.45018929704961974,0.5187674379171612
14099,0.8235878263917285,0.45028426653229053,0.5188576008384581
14100,0.8236462410187511,0.45037930897047346,0.5189477415278398
14101,0.8237046556457737,0.45047447479104263,0.5190378599935282
14102,0.8237630702727963,0.45056962746460744,0.5191279562437409
14103,0.8238214848998189,0.45066478989606124,0.5192180302866914
14104,0.8238798995268415,0.4507599467548469,0.5193080821305894
14105,0.8239383141538641,0.4508552176153922,0.5193981117836406
14106,0.8239967287808867,0.45095046946232137,0.5194881192540463
14107,0.8240551434079093,0.4510457023013258,0.5195781045500039
14108,0.8241135580349319,0.45114093285921014,0.5196680676797069
14109,0.8241719726619545,0.4512362961549986,0.5197580086513447
14110,0.8242303872889771,0.4513316450526408,0.5198479274731026
14111,0.8242888019159997,0.45142697955539723,0.5199378241531619
14112,0.8243472165430223,0.45152229966652757,0.5200276986996999
14113,0.824405631170045,0.4516176053892903,0.52011755112089
14114,0.8244640457970676,0.45171289672694304,0.5202073814249012
14115,0.8245224604240902,0.451808295873445,0.5202971896198988
14116,0.8245808750511128,0.45190372126498185,0.520386975714044
14117,0.8246392896781354,0.45199915750898384,0.520476739715494
14118,0.824697704305158,0.45209480610167874,0.520566481632402
14119,0.8247561189321806,0.4521905093067087,0.5206562014729171
14120,0.8248145335592032,0.4522861944405638,0.5207458992451844
14121,0.8248729481862258,0.45238191329740923,0.5208355749573451
14122,0.8249313628132484,0.4524776257669517,0.5209252286175363
14123,0.824989777440271,0.45257335225852013,0.5210148602338912
14124,0.8250481920672936,0.4526690669079407,0.5211044698145388
14125,0.8251066066943162,0.45276487505847207,0.5211942499078511
14126,0.8251650213213388,0.45286065568391826,0.5212850912218195
14127,0.8252234359483615,0.45295642982104,0.5213759213759214
14128,0.8252818505753841,0.45305228406276354,0.521466740372213
14129,0.8253402652024067,0.4531482021107195,0.5215575482127502
14130,0.8253986798294293,0.45324410160016304,0.5216483448995886
14131,0.8254570944564519,0.4533399825364797,0.5217391304347826
14132,0.8255155090834745,0.4534358449250531,0.5218299048203868
14133,0.8255739237104971,0.45353168877126465,0.5219206680584552
14134,0.8256323383375197,0.4536275140804937,0.5220114201510407
14135,0.8256907529645423,0.45372332085811756,0.5221021611001965
14136,0.8257491675915649,0.4538191091095114,0.5221928909079747
14137,0.8258075822185875,0.45391487884004833,0.5222836095764273
14138,0.8258659968456101,0.4540106300550995,0.5223743171076054
14139,0.8259244114726327,0.4541063627600338,0.52246501350356
14140,0.8259828260996553,0.45420207696021814,0.5225556987663413
14141,0.826041240726678,0.45429781653526313,0.5226463728979993
14142,0.8260996553537006,0.45439353527153525,0.522737035900583
14143,0.8261580699807232,0.4544892985421897,0.5228276877761414
14144,0.8262164846077458,0.4545851131471379,0.5229183285267227
14145,0.8262748992347684,0.45468091387790216,0.5230089581543748
14146,0.826333313861791,0.4547767007374959,0.5230995766611448
14147,0.8263917284888136,0.4548724737289314,0.5231901840490798
14148,0.8264501431158362,0.4549682328552204,0.5232807803202257
14149,0.8265085577428588,0.45506399901682953,0.5233713654766287
14150,0.8265669723698814,0.45515984849244173,0.5234619395203337
14151,0.826625386996904,0.45525567196045236,0.5235525024533857
14152,0.8266838016239266,0.45535152607662854,0.5236430542778289
14153,0.8267422162509492,0.45544744951226235,0.5237335949957072
14154,0.8268006308779718,0.4555433457073684,0.5238241246090636
14155,0.8268590455049944,0.4556393020283992,0.5239146431199412
14156,0.8269174601320171,0.45573556964114276,0.524005150530382
14157,0.8269758747590397,0.45583181457245703,0.5240956468424279
14158,0.8270342893860623,0.4559281800777525,0.5241861320581203
14159,0.8270927040130849,0.45602455048299323,0.5242766061794998
14160,0.8271511186401075,0.45612090344628753,0.5243670692086067
14161,0.8272095332671301,0.4562172340829983,0.5244575211474807
14162,0.8272679478941527,0.456313612988171,0.5245479619981612
14163,0.8273263625211753,0.45641002214417437,0.5246383917626869
14164,0.8273847771481979,0.4565064381460512,0.5247288104430962
14165,0.8274431917752205,0.4566028281244815,0.5248192180414266
14166,0.8275016064022431,0.45669925707249026,0.5249096145597156
14167,0.8275600210292657,0.45679570443241213,0.525
14168,0.8276184356562883,0.45689240525987107,0.5250903743643159
14169,0.827676850283311,0.45698908593238885,0.5251807376546992
14170,0.8277352649103336,0.45708584527410595,0.525271089873185
14171,0.8277936795373562,0.4571826368791749,0.5253614310218084
14172,0.8278520941643788,0.4572794041491665,0.5254517611026034
14173,0.8279105087914014,0.4573761972406497,0.5255420801176038
14174,0.827968923418424,0.45747318910926893,0.525632388068843
14175,0.8280273380454466,0.4575701405851501,0.5257226849583537
14176,0.8280857526724692,0.45766711046186076,0.5258129707881682
14177,0.8281441672994918,0.457764088050723,0.5259032455603184
14178,0.8282025819265144,0.4578610528333688,0.5259935092768354
14179,0.828260996553537,0.45795817099847025,0.5260837619397501
14180,0.8283194111805596,0.4580553252614635,0.5261740035510929
14181,0.8283778258075822,0.4581527464340555,0.5262642341128934
14182,0.8284362404346048,0.4582501585011216,0.5263544423874295
14183,0.8284946550616274,0.45834772616174874,0.5264445871952526
14184,0.8285530696886501,0.4584452920930641,0.5265346686033178
14185,0.8286114843156727,0.45854284949970603,0.5266246866784863
14186,0.8286698989426953,0.45864046915208156,0.526714757305294
14187,0.8287283135697179,0.45873805898405884,0.5268048169203496
14188,0.8287867281967405,0.45883561704953846,0.5268948655256723
14189,0.8288451428237631,0.4589332487906894,0.526984903123281
14190,0.8289035574507857,0.4590309091917362,0.5270749297151938
14191,0.8289619720778083,0.4591286054214574,0.5271649453034285
14192,0.8290203867048309,0.4592263327826938,0.5272549498900024
14193,0.8290788013318535,0.45932404869157434,0.5273449434769325
14194,0.8291372159588761,0.4594218111074859,0.5274349260662349
14195,0.8291956305858987,0.45951955631285324,0.5275248976599255
14196,0.8292540452129213,0.4596174126524826,0.5276148582600195
14197,0.829312459839944,0.459715233563893,0.527704807868532
14198,0.8293708744669666,0.4598131354804317,0.527794746487477
14199,0.8294292890939892,0.4599109985393048,0.5278846741188687
14200,0.8294877037210118,0.4600088674397873,0.5279745907647203
14201,0.8295461183480344,0.4601067321833428,0.5280644964270446
14202,0.829604532975057,0.4602046184180778,0.5281543911078539
14203,0.8296629476020796,0.46030248358760756,0.5282442748091603
14204,0.8297213622291022,0.4604004143102572,0.5283341214515612
14205,0.8297797768561248,0.4604986764742615,0.5284238119913434
14206,0.8298381914831474,0.46059693165461424,0.528513517632357
14207,0.82989660611017,0.4606951742939393,0.5286032123373259
14208,0.8299550207371926,0.4607934043946376,0.5286928961082498
14209,0.8300134353642152,0.4608916219591094,0.5287825689471278
14210,0.8300718499912378,0.4609898269897544,0.5288722308559588
14211,0.8301302646182604,0.4610880194889716,0.5289618818367409
14212,0.8301886792452831,0.4611861933230351,0.529051521891472
14213,0.8302470938723057,0.4612843545839281,0.5291411510221491
14214,0.8303055084993283,0.4613825033221643,0.5292307692307693
14215,0.8303639231263509,0.46148063954013996,0.5293203765193286
14216,0.8304223377533735,0.46157876324025066,0.529409972889823
14217,0.8304807523803961,0.4616768744248913,0.5294995583442478
14218,0.8305391670074187,0.4617749730964562,0.5295891328845979
14219,0.8305975816344413,0.4618730592573391,0.5296786965128674
14220,0.8306559962614639,0.46197113290993314,0.5297682492310504
14221,0.8307144108884865,0.46206919405663077,0.5298577910411401
14222,0.8307728255155091,0.4621672426998239,0.5299473219451296
14223,0.8308312401425317,0.46226527884190377,0.5300368419450111
14224,0.8308896547695543,0.4623633024852611,0.5301263510427767
14225,0.830948069396577,0.4624613136322859,0.5302158492404176
14226,0.8310064840235996,0.4625593122853677,0.5303053365399251
14227,0.8310648986506222,0.4626572984468952,0.5303948129432894
14228,0.8311233132776448,0.46275527211925677,0.5304842784525006
14229,0.8311817279046674,0.46285323330483996,0.530573733069548
14230,0.83124014253169,0.4629511820060318,0.5306631767964208
14231,0.8312985571587126,0.4630491182252187,0.5307526096351076
14232,0.8313569717857352,0.4631470419647865,0.5308420315875962
14233,0.8314153864127578,0.46324495322712034,0.5309314426558744
14234,0.8314738010397804,0.4633428520146048,0.5310208428419291
14235,0.831532215666803,0.46344073832962385,0.531110232147747
14236,0.8315906302938256,0.4635386121745609,0.5311996105753142
14237,0.8316490449208482,0.46363645423251487,0.5312889781266161
14238,0.8317074595478708,0.46373428320776217,0.5313783348036383
14239,0.8317658741748933,0.46383208801468734,0.531467680608365
14240,0.831824288801916,0.46392987417815135,0.5315570155427807
14241,0.8318827034289386,0.46402764789307366,0.5316463396088689
14242,0.8319411180559612,0.4641254091618313,0.5317356528086129
14243,0.8319995326829838,0.4642231579868007,0.5318249551439954
14244,0.8320579473100064,0.46432089437035745,0.5319142466169986
14245,0.832116361937029,0.4644186183148768,0.5320035272296044
14246,0.8321747765640516,0.4645163298227333,0.532092796983794
14247,0.8322331911910742,0.4646140288963009,0.5321820558815481
14248,0.8322916058180968,0.4647116984175473,0.5322713039248472
14249,0.8323500204451194,0.4648093367858888,0.5323605411156711
14250,0.832408435072142,0.46490696743296206,0.532449767455999
14251,0.8324668496991646,0.46500458566315794,0.53253898294781
14252,0.8325252643261872,0.4651021914788451,0.5326281875930823
14253,0.8325836789532098,0.46519978488239155,0.5327173813937939
14254,0.8326420935802324,0.4652973658761648,0.5328065643519222
14255,0.832700508207255,0.4653949344625317,0.5328957364694442
14256,0.8327589228342777,0.46549249064385845,0.5329848977483364
14257,0.8328173374613003,0.465590031795242,0.5330740481905746
14258,0.8328757520883229,0.4656875474195738,0.5331631877981344
14259,0.8329341667153455,0.4657850506499654,0.533252316572991
14260,0.8329925813423681,0.4658825414887795,0.533341430827159
14261,0.8330509959693907,0.4659800199383782,0.5334304531245257
14262,0.8331094105964133,0.466077486001123,0.5335194259447487
14263,0.8331678252234359,0.4661749396793748,0.5336084100665949
14264,0.8332262398504585,0.4662723809754939,0.5336973833902161
14265,0.8332846544774811,0.46636980989183996,0.533786345917578
14266,0.8333430691045037,0.46646722643077215,0.5338752976506453
14267,0.8334014837315263,0.4665646305946489,0.5339642385913826
14268,0.833459898358549,0.4666620223858282,0.534053168741754
14269,0.8335183129855716,0.46675940180666725,0.5341420881037228
14270,0.8335767276125942,0.4668567688595228,0.5342309966792521
14271,0.8336351422396168,0.466954123546751,0.5343198944703046
14272,0.8336935568666394,0.4670514658707072,0.5344087814788423
14273,0.833751971493662,0.46714879583374647,0.5344976577068268
14274,0.8338103861206846,0.46724611343822303,0.5345865231562192
14275,0.8338688007477072,0.4673434186864906,0.5346753778289802
14276,0.8339272153747298,0.46744071158090233,0.5347642217270702
14277,0.8339856300017524,0.46753799212381075,0.5348530548524486
14278,0.834044044628775,0.4676352603175677,0.5349418772070748
14279,0.8341024592557976,0.46773251616452455,0.5350306887929075
14280,0.8341608738828202,0.467829759667032,0.535119489611905
14281,0.8342192885098428,0.4679269908274402,0.5352082796660251
14282,0.8342777031368654,0.4680242096480987,0.5352970589572253
14283,0.834336117763888,0.46812141613135644,0.5353858274874623
14284,0.8343945323909107,0.4682186102795617,0.5354745852586925
14285,0.8344529470179333,0.4683157920950622,0.5355633322728719
14286,0.8345113616449559,0.4684129615802052,0.5356520685319558
14287,0.8345697762719785,0.46851011873733717,0.5357407940378993
14288,0.8346281908990011,0.46860726356880406,0.5358295087926569
14289,0.8346866055260237,0.4687043960769513,0.5359182127981825
14290,0.8347450201530463,0.4688015162641236,0.5360069060564298
14291,0.8348034347800689,0.46889862345703515,0.5360955885693517
14292,0.8348618494070915,0.4689957082045451,0.5361842603389009
14293,0.8349202640341141,0.4690927813162394,0.5362729213670295
14294,0.8349786786611367,0.4691898421189001,0.5363615716556893
14295,0.8350370932881593,0.46928689061486834,0.5364502112068313
14296,0.835095507915182,0.4693839268064846,0.5365388400224063
14297,0.8351539225422046,0.46948095069608875,0.5366274581043644
14298,0.8352123371692272,0.46957796228602006,0.5367160654546556
14299,0.8352707517962498,0.4696749615786172,0.5368046620752289
14300,0.8353291664232724,0.4697719485762183,0.5368932479680334
14301,0.835387581050295,0.4698689232811608,0.5369818231350173
14302,0.8354459956773176,0.46996588569578174,0.5370703875781285
14303,0.8355044103043402,0.47006283582241726,0.5371589412993145
14304,0.8355628249313628,0.4701597736634032,0.537247484300522
14305,0.8356212395583854,0.47025669922107466,0.5373360165836978
14306,0.835679654185408,0.47035361249776625,0.5374245381507875
14307,0.8357380688124306,0.4704505134958118,0.537513049003737
14308,0.8357964834394532,0.4705474022175447,0.537601549144491
14309,0.8358548980664758,0.4706442786652978,0.5376900385749943
14310,0.8359133126934984,0.47074114284140317,0.537778517297191
14311,0.835971727320521,0.4708379947481925,0.5378669853130247
14312,0.8360301419475437,0.4709348343879967,0.5379554426244385
14313,0.8360885565745663,0.4710316596349692,0.5380438892333752
14314,0.8361469712015889,0.4711284682762754,0.5381323251417769
14315,0.8362053858286115,0.47122526465922493,0.5382219534321137
14316,0.8362638004556341,0.47132204878614586,0.5383115410777719
14317,0.8363222150826567,0.4714188206593658,0.5384010881063926
14318,0.8363806297096793,0.47151558028121177,0.5384905831357327
14319,0.8364390443367019,0.4716123276540101,0.538580013891825
14320,0.8364974589637245,0.4717090627800867,0.5386694041454688
14321,0.8365558735907471,0.4718057856617666,0.5387598653930312
14322,0.8366142882177697,0.4719024963013747,0.5388515042698935
14323,0.8366727028447923,0.47199919470123486,0.538943112733636
14324,0.836731117471815,0.4720958808636706,0.5390346907993967
14325,0.8367895320988376,0.47219255479100475,0.5391262384823031
14326,0.8368479467258602,0.4722892164855596,0.5392177557974729
14327,0.8369063613528828,0.4723858659496569,0.5393092427600139
14328,0.8369647759799054,0.4724825031856177,0.5394006993850236
14329,0.837023190606928,0.47257911608313097,0.5394921256875895
14330,0.8370816052339506,0.4726757165337721,0.5395835216827893
14331,0.8371400198609732,0.47277230476635723,0.5396748873856908
14332,0.8371984344879958,0.47286888078320427,0.5397662228113514
14333,0.8372568491150184,0.4729654445866305,0.5398575279748189
14334,0.837315263742041,0.4730619961789525,0.5399488028911309
14335,0.8373736783690636,0.4731585355624866,0.540040047575315
14336,0.8374320929960862,0.47325506273954815,0.5401312620423893
14337,0.8374905076231088,0.4733515777124522,0.5402224463073612
14338,0.8375489222501314,0.473448080483513,0.5403136003852289
14339,0.837607336877154,0.4735445710550444,0.5404047242909802
14340,0.8376657515041767,0.47364104942935953,0.5404958180395932
14341,0.8377241661311993,0.47373751027522654,0.5405868816460361
14342,0.8377825807582219,0.47383395461210065,0.540677915125267
14343,0.8378409953852445,0.47393038676113364,0.5407689184922342
14344,0.8378994100122671,0.4740268067246356,0.5408598917618761
14345,0.8379578246392897,0.4741232145049162,0.5409508349491214
14346,0.8380162392663123,0.47421961010428426,0.5410417480688888
14347,0.8380746538933349,0.47431599352504833,0.541132631136087
14348,0.8381330685203575,0.47441236476951615,0.541223484165615
14349,0.8381914831473801,0.474508723839995,0.541314307172362
14350,0.8382498977744027,0.4746050707387915,0.5414057690286349
14351,0.8383083124014253,0.4747014054682117,0.5414978238030917
14352,0.8383667270284479,0.47479772803056114,0.5415910079985593
14353,0.8384251416554706,0.4748940384281447,0.5416841726186904
14354,0.8384835562824932,0.47499033666326673,0.5417773176696523
14355,0.8385419709095158,0.47508662273823093,0.5418704431576105
14356,0.8386003855365384,0.47518289665534047,0.5419635490887272
14357,0.838658800163561,0.47527915841689794,0.5420566354691625
14358,0.8387172147905836,0.47537540802520534,0.5421497023050735
14359,0.8387756294176062,0.4754716454825641,0.5422427496026152
14360,0.8388340440446288,0.475567870791275,0.5423357773679397
14361,0.8388924586716514,0.4756640839536383,0.5424287856071964
14362,0.838950873298674,0.4757602849719537,0.5425217743265325
14363,0.8390092879256966,0.4758564738485203,0.5426147435320923
14364,0.8390677025527192,0.4759526505856366,0.5427076932300176
14365,0.8391261171797418,0.47604881518560055,0.5428006234264476
14366,0.8391845318067644,0.47614496765070946,0.5428935341275193
14367,0.839242946433787,0.47624110798326014,0.5429864253393665
14368,0.8393013610608097,0.47633723618554874,0.5430792970681209
14369,0.8393597756878323,0.4764333522598709,0.5431721493199113
14370,0.8394181903148549,0.4765294562085216,0.5432649821008643
14371,0.8394766049418775,0.4766255480337954,0.5433577954171035
14372,0.8395350195689001,0.47672162773798615,0.5434505892747503
14373,0.8395934341959227,0.4768176953233871,0.5435433636799233
14374,0.8396518488229453,0.4769137507922909,0.5436361186387387
14375,0.8397102634499679,0.47700979414698985,0.5437288541573101
14376,0.8397686780769905,0.4771058253897754,0.5438215702417484
14377,0.8398270927040131,0.4772018445229386,0.543914266898162
14378,0.8398855073310357,0.47729785154876986,0.5440069441326569
14379,0.8399439219580583,0.4773938464695589,0.5440996019513363
14380,0.8400023365850809,0.4774898292875951,0.544192240360301
14381,0.8400607512121036,0.47758579824806685,0.5442848593656493
14382,0.8401191658391262,0.47768174413417797,0.5443774589734768
14383,0.8401775804661488,0.47777767792761033,0.5444700391898765
14384,0.8402359950931714,0.47787359963064996,0.5445626000209389
14385,0.840294409720194,0.4779695092455823,0.5446551414727523
14386,0.8403528243472166,0.4780654067746923,0.5447476635514019
14387,0.8404112389742392,0.47816129222026416,0.5448401662629706
14388,0.8404696536012618,0.4782571655845817,0.5449326496135388
14389,0.8405280682282844,0.47835302686992803,0.5450251136091844
14390,0.840586482855307,0.47844887607858577,0.5451175582559825
14391,0.8406448974823296,0.47854471321283687,0.5452099835600059
14392,0.8407033121093522,0.4786405382749628,0.5453023895273249
14393,0.8407617267363748,0.4787363512672444,0.5453947761640069
14394,0.8408201413633974,0.4788321521919619,0.5454871327647753
14395,0.84087855599042,0.47892794105139513,0.5455794299024951
14396,0.8409369706174427,0.479023716415237,0.5456716774395797
14397,0.8409953852444653,0.47911947688024953,0.5457639262045495
14398,0.8410537998714879,0.47921522528788885,0.5458561556945212
14399,0.8411122144985105,0.479310961640432,0.545948365915535
14400,0.8411706291255331,0.4794066859401557,0.5460405568736291
14401,0.8412290437525557,0.47950239818933565,0.5461327285748389
14402,0.8412874583795783,0.4795980983902474,0.5462248810251973
14403,0.8413458730066009,0.47969378654516576,0.5463170142307348
14404,0.8414042876336234,0.47978946265636496,0.5464091281974793
14405,0.841462702260646,0.4798851267261186,0.5465012229314562
14406,0.8415211168876686,0.47998077875669987,0.5465932984386883
14407,0.8415795315146912,0.4800764187503812,0.5466853547251961
14408,0.8416379461417138,0.4801720467094346,0.5467773917969972
14409,0.8416963607687364,0.48026766263613146,0.5468694096601073
14410,0.841754775395759,0.4803632665327426,0.546961408320539
14411,0.8418131900227817,0.4804588584015381,0.5470533877843026
14412,0.8418716046498043,0.4805544382447879,0.547145348057406
14413,0.8419300192768269,0.4806500060647608,0.5472372891458545
14414,0.8419884339038495,0.4807455618637256,0.5473292110556508
14415,0.8420468485308721,0.48084110564395005,0.5474211137927952
14416,0.8421052631578947,0.4809366374077016,0.5475129973632856
14417,0.8421636777849173,0.4810322565493104,0.5476048617731173
14418,0.8422220924119399,0.48112796154789,0.5476967070282829
14419,0.8422805070389625,0.48122365250661203,0.5477885331347729
14420,0.8423389216659851,0.4813195251579823,0.547880340098575
14421,0.8423973362930077,0.48141538173838744,0.5479721279256745
14422,0.8424557509200303,0.481511222251868,0.5480638966220541
14423,0.8425141655470529,0.48160704670246324,0.5481556461936944
14424,0.8425725801740755,0.48170285509421107,0.5482473766465729
14425,0.8426309948010982,0.481798647431148,0.5483390879866651
14426,0.8426894094281208,0.4818944237173091,0.5484307802199437
14427,0.8427478240551434,0.48199025939232715,0.5485224533523793
14428,0.842806238682166,0.48208607820937177,0.5486141073899394
14429,0.8428646533091886,0.4821818933343206,0.5487057423385897
14430,0.8429230679362112,0.4822777892913689,0.5487973582042929
14431,0.8429814825632338,0.4823736671800252,0.5488889549930095
14432,0.8430398971902564,0.4824695489409919,0.5489805327106974
14433,0.843098311817279,0.48256546636611414,0.5490720913633119
14434,0.8431567264443016,0.4826613941526888,0.5491636309568062
14435,0.8432151410713242,0.48275736896850324,0.5492551514971307
14436,0.8432735556983468,0.48285329498221224,0.5493466529902332
14437,0.8433319703253694,0.4829492005544643,0.5494381354420595
14438,0.843390384952392,0.48304508607121804,0.5495295988585527
14439,0.8434487995794147,0.4831410925434759,0.5496210432456532
14440,0.8435072142064373,0.483237081076315,0.5497124686092991
14441,0.8435656288334599,0.4833330824211648,0.5498038749554262
14442,0.8436240434604825,0.48342910820718443,0.5498952622899674
14443,0.8436824580875051,0.48352515446519045,0.5499866306188538
14444,0.8437408727145277,0.4836212632130247,0.5500779799480133
14445,0.8437992873415503,0.48371734786161175,0.5501693102833719
14446,0.8438577019685729,0.483813408420015,0.5502606216308529
14447,0.8439161165955955,0.483909444897293,0.550351913996377
14448,0.8439745312226181,0.48400545730249983,0.5504431873858625
14449,0.8440329458496407,0.48410150832220644,0.5505344418052257
14450,0.8440913604766633,0.48419776490089783,0.5506256772603797
14451,0.8441497751036859,0.4842940331989344,0.5507168937572358
14452,0.8442081897307085,0.4843902794404483,0.5508080913017023
14453,0.8442666043577312,0.4844866274402388,0.5508992698996854
14454,0.8443250189847538,0.4845829798187174,0.5509904295570888
14455,0.8443834336117764,0.4846793020359413,0.5510815702798136
14456,0.844441848238799,0.48477574542370794,0.5511726920737587
14457,0.8445002628658216,0.4848722168440734,0.5512637949448203
14458,0.8445586774928442,0.48496864686436225,0.5513548788988921
14459,0.8446170921198668,0.4850651236299411,0.5514459439418656
14460,0.8446755067468894,0.48516160878935194,0.5515369900796299
14461,0.844733921373912,0.48525810376036393,0.5516280173180713
14462,0.8447923360009346,0.48535469027187145,0.551719025663074
14463,0.8448507506279572,0.4854512405430647,0.5518099782180271
14464,0.8449091652549798,0.4855477545943365,0.5519009097104928
14465,0.8449675798820024,0.48564423244606436,0.5519918223433727
14466,0.845025994509025,0.48574067411861055,0.5520827161225337
14467,0.8450844091360477,0.4858371520690886,0.5521735910538399
14468,0.8451428237630703,0.48593362479587104,0.5522644471431534
14469,0.8452012383900929,0.4860301493054166,0.5523552843963334
14470,0.8452596530171155,0.48612675992442506,0.5524461028192371
14471,0.8453180676441381,0.4862234483936172,0.5525369024177191
14472,0.8453764822711607,0.48632013528374335,0.5526284631778356
14473,0.8454348968981833,0.4864169175218597,0.5527211387647598
14474,0.8454933115252059,0.48651373088470135,0.5528137759630747
14475,0.8455517261522285,0.48661055806909087,0.5529063747966277
14476,0.8456101407792511,0.48670748155658833,0.5529989352892464
14477,0.8456685554062737,0.48680442004999674,0.5530914574647388
14478,0.8457269700332963,0.48690147280651325,0.5531858289362834
14479,0.8457853846603189,0.48699856082324267,0.5532801418439717
14480,0.8458437992873415,0.4870956642847384,0.5533743962423007
14481,0.8459022139143642,0.4871928483951788,0.5534685921857003
14482,0.8459606285413868,0.487290000361163,0.5535637881939834
14483,0.8460190431684094,0.4873871371799486,0.5536591482393899
14484,0.846077457795432,0.48748429300759594,0.5537544801545745
14485,0.8461358724224546,0.4875815182427557,0.5538497839519828
14486,0.8461942870494772,0.4876788543260855,0.5539450596440526
14487,0.8462527016764998,0.48777617119563954,0.5540403072432145
14488,0.8463111163035224,0.4878735491613919,0.5541355267618921
14489,0.846369530930545,0.48797088738523287,0.5542307182125012
14490,0.8464279455575676,0.48806820543894214,0.5543258816074508
14491,0.8464863601845902,0.4881655201866983,0.5544210169591419
14492,0.8465447748116128,0.48826293066909143,0.5545161242799688
14493,0.8466031894386354,0.48836032711870264,0.5546112035823182
14494,0.846661604065658,0.4884577893652091,0.5547062548785696
14495,0.8467200186926807,0.4885552624689341,0.5548012781810953
14496,0.8467784333197033,0.48865271029191315,0.55489627350226
14497,0.8468368479467259,0.4887501409397447,0.5549912408544215
14498,0.8468952625737485,0.48884764821050847,0.5550861802499301
14499,0.8469536772007711,0.48894532482653014,0.5551810917011288
14500,0.8470120918277937,0.4890429684910406,0.5552759752203534
14501,0.8470705064548163,0.4891405939448184,0.5553708308199327
14502,0.8471289210818389,0.48923824078977585,0.5554656585121875
14503,0.8471873357088615,0.48933591588763903,0.5555604570117783
14504,0.8472457503358841,0.4894336160750786,0.5556552038460973
14505,0.8473041649629067,0.489531315034754,0.5557499228247608
14506,0.8473625795899293,0.4896290089175163,0.5558446139600511
14507,0.8474209942169519,0.4897267531070602,0.5559392772642439
14508,0.8474794088439745,0.4898244846463236,0.5560339127496069
14509,0.8475378234709972,0.48992220353776217,0.5561285204284014
14510,0.8475962380980198,0.49002001310110993,0.556223100312881
14511,0.8476546527250424,0.4901178966690176,0.5563176524152922
14512,0.847713067352065,0.49021577299156915,0.5564121767478744
14513,0.8477714819790876,0.49031363260050287,0.5565066733228596
14514,0.8478298966061102,0.49041147550009956,0.5566011421524729
14515,0.8478883112331328,0.4905093606171765,0.5566955832489321
14516,0.8479467258601554,0.4906074245830688,0.5567899966244478
14517,0.848005140487178,0.4907054620638794,0.5568843822912234
14518,0.8480635551142006,0.49080347673720415,0.5569787402614552
14519,0.8481219697412232,0.4909014686110009,0.5570730705473322
14520,0.8481803843682458,0.4909995359519444,0.5571673731610367
14521,0.8482387989952684,0.49109765249451603,0.5572616481147433
14522,0.848297213622291,0.49119576313687174,0.5573558954206197
14523,0.8483556282493137,0.49129393887058076,0.5574501150908264
14524,0.8484140428763363,0.49139215355292526,0.557544307137517
14525,0.8484724575033589,0.4914904167399859,0.5576384715728377
14526,0.8485308721303815,0.49158865867226614,0.5577334388092936
14527,0.8485892867574041,0.4916868879496393,0.5578289078633255
14528,0.8486477013844267,0.49178511512744344,0.5579243293897154
14529,0.8487061160114493,0.491883694386337,0.5580197034239457
14530,0.8487645306384719,0.4919822552968239,0.5581150300014635
14531,0.8488229452654945,0.49208089840324576,0.5582103091576807
14532,0.8488813598925171,0.4921795395380731,0.5583055409279738
14533,0.8489397745195397,0.49227826991247403,0.5584028082492322
14534,0.8489981891465623,0.4923769932926986,0.5585000585000585
14535,0.8490566037735849,0.49247568848088924,0.5585972916849463
14536,0.8491150184006075,0.4925743653469723,0.5586945078083875
14537,0.8491734330276302,0.4926730238960493,0.5587917068748721
14538,0.8492318476546528,0.4927717244052781,0.5588888888888889
14539,0.8492902622816754,0.4928704504353469,0.5589860538549251
14540,0.849348676908698,0.49296919034825865,0.559083201777466
14541,0.8494070915357206,0.49306806036939976,0.5591803326609956
14542,0.8494655061627432,0.49316697432235435,0.5592774465099964
14543,0.8495239207897658,0.4932658822794589,0.5593745433289493
14544,0.8495823354167884,0.49336478260326866,0.5594716231223332
14545,0.849640750043811,0.49346369139262614,0.5595686858946262
14546,0.8496991646708336,0.4935626226673323,0.5596657316503039
14547,0.8497575792978562,0.493661540947328,0.5597627603938411
14548,0.8498159939248788,0.49376082373988667,0.5598597721297108
14549,0.8498744085519014,0.4938601215816728,0.5599567668623843
14550,0.849932823178924,0.4939594059218202,0.5600537249806561
14551,0.8499912378059467,0.4940588167174305,0.5601506503364816
14552,0.8500496524329693,0.4941582897358762,0.5602475587149134
14553,0.8501080670599919,0.4942577664063249,0.5603444501204116
14554,0.8501664816870145,0.49435721425363394,0.5604413245574349
14555,0.8502248963140371,0.49445665979061965,0.5605381820304406
14556,0.8502833109410597,0.4945563077282732,0.560635022543884
14557,0.8503417255680823,0.49465598653604154,0.5607318461022192
14558,0.8504001401951049,0.4947556931274993,0.5608286527098986
14559,0.8504585548221275,0.49485537153413073,0.5609254423713731
14560,0.8505169694491501,0.4949551571528641,0.5610222150910921
14561,0.8505753840761727,0.4950549683528108,0.5611189708735032
14562,0.8506337987031953,0.49515487270813546,0.5612157097230527
14563,0.8506922133302179,0.4952549748120146,0.5613124316441852
14564,0.8507506279572405,0.4953550974054607,0.5614091366413438
14565,0.8508090425842632,0.4954555789496804,0.56150582471897
14566,0.8508674572112858,0.49555604707429984,0.5616024958815039
14567,0.8509258718383084,0.4956565012707947,0.5616991501333839
14568,0.8509842864653309,0.4957569307008682,0.5617957874790467
14569,0.8510427010923535,0.4958573467225717,0.5618924079229278
14570,0.8511011157193761,0.4959577493385902,0.5619890114694609
14571,0.8511595303463987,0.49605813855160813,0.5620855981230782
14572,0.8512179449734213,0.4961585143643091,0.5621821678882105
14573,0.8512763596004439,0.4962588767793759,0.5622787207692868
14574,0.8513347742274665,0.4963592257994908,0.5623752567707347
14575,0.8513931888544891,0.4964595614273353,0.5624717758969802
14576,0.8514516034815117,0.4965598836655902,0.5625682781524478
14577,0.8515100181085343,0.4966601925169354,0.5626647635415605
14578,0.8515684327355569,0.49676051458375453,0.5627612320687395
14579,0.8516268473625795,0.49686082161832285,0.5628576837384048
14580,0.8516852619896021,0.4969611198611619,0.5629541185549748
14581,0.8517436766166248,0.49706140266595195,0.563050536522866
14582,0.8518020912436474,0.4971616991590375,0.5631469376464936
14583,0.85186050587067,0.4972620006317324,0.5632433219302715
14584,0.8519189204976926,0.49736228837778507,0.5633396893786117
14585,0.8519773351247152,0.49746258260610204,0.5634360399959247
14586,0.8520357497517378,0.49756285523272176,0.5635323737866197
14587,0.8520941643787604,0.4976631062646224,0.5636286907551041
14588,0.852152579005783,0.49776333570877923,0.5637249909057839
14589,0.8522109936328056,0.4978635435721644,0.5638212742430635
14590,0.8522694082598282,0.4979637298617471,0.5639175407713458
14591,0.8523278228868508,0.49806389458449357,0.5640137904950322
14592,0.8523862375138734,0.49816403774736706,0.5641100234185225
14593,0.852444652140896,0.49826415935732765,0.5642062395462148
14594,0.8525030667679186,0.49836427953582035,0.5643024388825061
14595,0.8525614813949413,0.49846445123019284,0.5643986214317914
14596,0.8526198960219639,0.498564589061566,0.5644947871984645
14597,0.8526783106489865,0.49866488473411663,0.5645909361869175
14598,0.8527367252760091,0.49876516872428034,0.564687068401541
14599,0.8527951399030317,0.4988654852694411,0.5647831838467241
14600,0.8528535545300543,0.4989657512234168,0.5648792825268544
14601,0.8529119691570769,0.49906601029525577,0.5649753644463178
14602,0.8529703837840995,0.4991663706076673,0.5650714296094987
14603,0.8530287984111221,0.49926679103809274,0.5651674780207804
14604,0.8530872130381447,0.4993674952229053,0.565263509684544
14605,0.8531456276651673,0.4994685249152193,0.5653595246051695
14606,0.8532040422921899,0.49956956377637257,0.5654555227870353
14607,0.8532624569192125,0.4996706232252743,0.5655515042345183
14608,0.8533208715462351,0.4997716638196438,0.5656474689519936
14609,0.8533792861732578,0.49987268637205917,0.5657434169438352
14610,0.8534377008002804,0.4999739307371074,0.5658393482144154
14611,0.853496115427303,0.5000751583629884,0.5659352627681048
14612,0.8535545300543256,0.5001763694581227,0.5660311606092727
14613,0.8536129446813482,0.5002776743392424,0.5661269730733519
14614,0.8536713593083708,0.500379352287623,0.566222763803058
14615,0.8537297739353934,0.500481345939745,0.5663185378590079
14616,0.853788188562416,0.5005833509981107,0.5664142952455545
14617,0.8538466031894386,0.5006853817104278,0.5665100359670495
14618,0.8539050178164612,0.5007873871241769,0.566605760027843
14619,0.8539634324434838,0.5008893703752784,0.5667014674322836
14620,0.8540218470705064,0.500991334596438,0.566797158184718
14621,0.854080261697529,0.5010932829174697,0.5668928322894919
14622,0.8541386763245516,0.5011952184656165,0.5669884897509495
14623,0.8541970909515743,0.5012971443658716,0.5670841305734331
14624,0.8542555055785969,0.5013990637412981,0.5671797547612836
14625,0.8543139202056195,0.5015009797133485,0.5672753623188406
14626,0.8543723348326421,0.5016028790491507,0.567370953250442
14627,0.8544307494596647,0.5017047617527777,0.5674665275604243
14628,0.8544891640866873,0.5018066278283012,0.5675620852531224
14629,0.8545475787137099,0.5019084772797917,0.5676576263328698
14630,0.8546059933407325,0.5020103101113182,0.5677531508039982
14631,0.8546644079677551,0.5021121263269487,0.5678486586708384
14632,0.8547228225947777,0.5022139259307494,0.567944149937719
14633,0.8547812372218003,0.5023161319770403,0.5680396246089676
14634,0.8548396518488229,0.5024183948557781,0.5681350826889101
14635,0.8548980664758455,0.5025208972953249,0.5682305241818708
14636,0.8549564811028681,0.5026235793643279,0.5683259490921727
14637,0.8550148957298908,0.5027262478844116,0.5684213574241371
14638,0.8550733103569134,0.5028288771812949,0.5685167491820841
14639,0.855131724983936,0.5029314714624483,0.5686121243703318
14640,0.8551901396109586,0.5030339841587259,0.5687074829931973
14641,0.8552485542379812,0.5031365333861464,0.5688028250549959
14642,0.8553069688650038,0.5032390710437223,0.5688981505600417
14643,0.8553653834920264,0.5033417160042523,0.5689934595126469
14644,0.855423798119049,0.5034444158450406,0.5690887519171224
14645,0.8554822127460716,0.5035470751179876,0.5691840277777778
14646,0.8555406273730942,0.5036497235452307,0.5692792870989208
14647,0.8555990420001168,0.5037524228014993,0.5693745298848579
14648,0.8556574566271394,0.5038551079615853,0.5694699544435606
14649,0.855715871254162,0.5039577790283906,0.5695653431273316
14650,0.8557742858811846,0.5040604360048164,0.5696606959563979
14651,0.8558327005082073,0.5041630788937632,0.5697560129509713
14652,0.8558911151352299,0.5042657076981305,0.5698512941312485
14653,0.8559495297622525,0.5043683224208172,0.5699465395174108
14654,0.8560079443892751,0.504471104427812,0.5700417491296246
14655,0.8560663590162977,0.5045738856451196,0.5701369229880409
14656,0.8561247736433203,0.5046766908340452,0.5702320611127959
14657,0.8561831882703429,0.5047797063292409,0.5703312252736146
14658,0.8562416028973655,0.504882715713575,0.5704303636652374
14659,0.8563000175243881,0.504985943023644,0.5705294762977077
14660,0.8563584321514107,0.5050893373837338,0.5706285631810637
14661,0.8564168467784333,0.5051927034015021,0.5707276243253384
14662,0.8564752614054559,0.5052961486126095,0.5708266597405596
14663,0.8565336760324785,0.5053995696740228,0.5709256694367497
14664,0.8565920906595011,0.505502979555494,0.5710246534239264
14665,0.8566505052865238,0.5056064176259701,0.5711236117121016
14666,0.8567089199135464,0.5057098852677459,0.5712225443112823
14667,0.856767334540569,0.5058134008186614,0.5713214512314703
14668,0.8568257491675916,0.5059169758736427,0.5714203324826622
14669,0.8568841637946142,0.50602063250584,0.5715191606496894
14670,0.8569425784216368,0.5061242773692053,0.5716179224895548
14671,0.8570009930486594,0.506227923819848,0.5717166188987945
14672,0.857059407675682,0.5063316165121948,0.5718152499424096
14673,0.8571178223027046,0.506435453469733,0.5719138645785352
14674,0.8571762369297272,0.5065392787584165,0.5720124338015197
14675,0.8572346515567498,0.5066432897829356,0.5721109576427256
14676,0.8572930661837724,0.5067473945317899,0.572209514767022
14677,0.857351480810795,0.5068515223891573,0.5723080463738097
14678,0.8574098954378176,0.5069556376514278,0.5724065524729977
14679,0.8574683100648403,0.507059887277244,0.5725050330744895
14680,0.8575267246918629,0.5071641867199204,0.5726034881881839
14681,0.8575851393188855,0.5072685294287789,0.5727019178239743
14682,0.8576435539459081,0.5073728575524569,0.5728003219917489
14683,0.8577019685729307,0.5074771681458441,0.5728987007013913
14684,0.8577603831999533,0.5075814418528263,0.5729970539627793
14685,0.8578187978269759,0.5076858117061788,0.5730953817857861
14686,0.8578772124539985,0.5077901287475999,0.5731936841802796
14687,0.8579356270810211,0.5078944661907039,0.5732919611561225
14688,0.8579940417080437,0.5079990190653435,0.5733902127231726
14689,0.8580524563350663,0.5081036910472572,0.5734884388912825
14690,0.8581108709620889,0.5082084160271897,0.5735866396702997
14691,0.8581692855891115,0.5083131220591732,0.5736848150700666
14692,0.8582277002161341,0.5084178145494076,0.5737829651004206
14693,0.8582861148431568,0.5085224714864626,0.573881089771194
14694,0.8583445294701794,0.508627227012426,0.5739791890922139
14695,0.858402944097202,0.5087319663625332,0.5740772630733023
14696,0.8584613587242246,0.5088367178233777,0.5741753117242765
14697,0.8585197733512472,0.5089414375419588,0.5742733350549482
14698,0.8585781879782698,0.5090461255327022,0.5743713330751244
14699,0.8586366026052924,0.50915087485031,0.574469305794607
14700,0.858695017232315,0.5092556260113221,0.5745672532231927
14701,0.8587534318593376,0.5093604202560031,0.5746651753706731
14702,0.8588118464863602,0.5094651869959546,0.574763072246835
14703,0.8588702611133828,0.5095700228365448,0.5748609438614599
14704,0.8589286757404054,0.5096749309268135,0.5749587902243245
14705,0.858987090367428,0.5097798157265596,0.5750566113452003
14706,0.8590455049944506,0.5098846772435387,0.5751544072338535
14707,0.8591039196214733,0.5099896008911291,0.5752521779000459
14708,0.8591623342484959,0.5100945087760069,0.5753499233535336
14709,0.8592207488755185,0.5101994478802541,0.5754476436040682
14710,0.8592791635025411,0.5103043641649347,0.5755453386613959
14711,0.8593375781295637,0.5104093122596512,0.5756430085352581
14712,0.8593959927565863,0.510514241306526,0.575740653235391
14713,0.8594544073836089,0.5106191513107443,0.5758382727715259
14714,0.8595128220106315,0.5107240422774895,0.5759358671533892
14715,0.8595712366376541,0.5108289142119429,0.5760334363907019
14716,0.8596296512646767,0.5109337671192843,0.5761309804931805
14717,0.8596880658916993,0.5110386010046913,0.576228499470536
14718,0.8597464805187219,0.5111434158733399,0.5763283987699349
14719,0.8598048951457445,0.5112482117304039,0.5764287041935345
14720,0.8598633097727671,0.5113529885810554,0.5765294453973699
14721,0.8599217243997898,0.5114577464304647,0.5766306522609044
14722,0.8599801390268124,0.5115624852838,0.5767318244170097
14723,0.860038553653835,0.5116672051462279,0.5768329618835362
14724,0.8600969682808576,0.5117719060229128,0.5769340646783224
14725,0.8601553829078802,0.5118765879190176,0.5770351328191945
14726,0.8602137975349028,0.5119812508397031,0.5771361663239661
14727,0.8602722121619254,0.5120858947901282,0.5772371652104391
14728,0.860330626788948,0.5121906425180098,0.5773381294964028
14729,0.8603890414159706,0.5122953981302082,0.5774390591996347
14730,0.8604474560429932,0.5124002371584881,0.5775399543378995
14731,0.8605058706700158,0.5125050614117282,0.5776408149289505
14732,0.8605642852970384,0.5126098708930519,0.5777416409905284
14733,0.8606226999240609,0.512714665605581,0.577842391071963
14734,0.8606811145510835,0.5128194455524373,0.5779430835221524
14735,0.8607395291781061,0.5129242107367411,0.5780437415402151
14736,0.8607979438051288,0.5130289611616122,0.5781443651438095
14737,0.8608563584321514,0.5131336968301693,0.5782456340275206
14738,0.860914773059174,0.5132384177455303,0.578346888486903
14739,0.8609731876861966,0.513343123910812,0.5784481285250385
14740,0.8610316023132192,0.513447815329131,0.5785493541450076
14741,0.8610900169402418,0.5135524920036022,0.5786505653498903
14742,0.8611484315672644,0.51365715393734,0.5787517621427656
14743,0.861206846194287,0.5137618011334579,0.5788529445267114
14744,0.8612652608213096,0.5138664335950688,0.5789541125048051
14745,0.8613236754483322,0.5139710513252841,0.579055266080123
14746,0.8613820900753548,0.5140756543272148,0.5791564052557404
14747,0.8614405047023774,0.5141802426039709,0.5792575300347321
14748,0.8614989193294,0.5142848161586616,0.5793586404201716
14749,0.8615573339564226,0.514389365876152,0.5794597364151319
14750,0.8616157485834453,0.5144938824916914,0.5795608180226849
14751,0.8616741632104679,0.5145983935163013,0.5796618852459017
14752,0.8617325778374905,0.5147028898364469,0.5797629380878524
14753,0.8617909924645131,0.5148075772870842,0.5798639765516064
14754,0.8618494070915357,0.5149122724871542,0.5799650006402322
14755,0.8619078217185583,0.5150169739201844,0.5800660103567974
14756,0.8619662363455809,0.5151217309485323,0.5801670057043686
14757,0.8620246509726035,0.5152265149795493,0.5802679866860118
14758,0.8620830655996261,0.515331354248492,0.5803689533047919
14759,0.8621414802266487,0.5154362170806045,0.5804699055637729
14760,0.8621998948536713,0.5155411836509669,0.5805708434660182
14761,0.8622583094806939,0.5156462032087588,0.58067176701459
14762,0.8623167241077165,0.5157512019868701,0.5807726762125499
14763,0.8623751387347391,0.5158561947808756,0.5808735710629586
14764,0.8624335533617618,0.5159611727219708,0.5809744515688755
14765,0.8624919679887844,0.5160661413050422,0.5810753177333599
14766,0.862550382615807,0.5161711153548181,0.5811761695594695
14767,0.8626087972428296,0.5162762108466826,0.5812770070502615
14768,0.8626672118698522,0.5163813160233325,0.5813778302087923
14769,0.8627256264968748,0.5164863864248137,0.5814786390381171
14770,0.8627840411238974,0.5165914579939017,0.5815794335412907
14771,0.86284245575092,0.5166966564544675,0.5816802137213665
14772,0.8629008703779426,0.5168019688056255,0.5817809795813973
14773,0.8629592850049652,0.5169073912259239,0.5818817311244352
14774,0.8630176996319878,0.5170129601233179,0.5819824683535312
14775,0.8630761142590104,0.5171185144981333,0.5820831912717355
14776,0.863134528886033,0.5172244777656579,0.5821838998820973
14777,0.8631929435130556,0.5173304981460723,0.5822845941876651
14778,0.8632513581400783,0.5174365522909026,0.5823852741914867
14779,0.8633097727671009,0.5175426007907458,0.5824859398966086
14780,0.8633681873941235,0.517648648491911,0.5825865913060767
14781,0.8634266020211461,0.5177548196714052,0.582687228422936
14782,0.8634850166481687,0.5178611233279862,0.5827878512502307
14783,0.8635434312751913,0.5179674672813204,0.5828884597910041
14784,0.8636018459022139,0.5180738621512812,0.5829890540482985
14785,0.8636602605292365,0.5181802483339173,0.5830896340251555
14786,0.8637186751562591,0.5182866675913255,0.5831901997246157
14787,0.8637770897832817,0.5183931556361868,0.583290751149719
14788,0.8638355044103043,0.518499751693001,0.5833912685688342
14789,0.8638939190373269,0.5186063747543006,0.5834917572283858
14790,0.8639523336643495,0.5187129804439677,0.5835922316324069
14791,0.8640107482913721,0.5188195707913854,0.583692691783931
14792,0.8640691629183948,0.5189262950653302,0.5837931376859903
14793,0.8641275775454174,0.5190329854512146,0.5838935693416163
14794,0.86418599217244,0.5191396618459277,0.5839939867538398
14795,0.8642444067994626,0.5192464001019417,0.5840943899256906
14796,0.8643028214264852,0.5193532374751668,0.5841947788601977
14797,0.8643612360535078,0.5194601709595342,0.5842951535603891
14798,0.8644196506805304,0.5195670793358657,0.5843955140292921
14799,0.864478065307553,0.5196739715709852,0.584495860269933
14800,0.8645364799345756,0.5197808801927211,0.5845961922853377
14801,0.8645948945615982,0.5198877712119258,0.5846965100785303
14802,0.8646533091886208,0.51999464530081,0.584796813652535
14803,0.8647117238156434,0.5201015501566598,0.5848971030103748
14804,0.864770138442666,0.5202084336550722,0.5849973781550715
14805,0.8648285530696886,0.5203153056061179,0.5850976390896466
14806,0.8648869676967113,0.5204221477206326,0.5851978858171204
14807,0.8649453823237339,0.5205290682478032,0.5852981183405124
14808,0.8650037969507565,0.5206359829217244,0.5853983366628412
14809,0.8650622115777791,0.520742878711236,0.5854985407871249
14810,0.8651206262048017,0.5208497590537257,0.5855987307163802
14811,0.8651790408318243,0.5209566239525415,0.5856989064536234
14812,0.8652374554588469,0.5210634701462039,0.5857990680018696
14813,0.8652958700858695,0.5211702978347534,0.5858992153641334
14814,0.8653542847128921,0.5212771100914969,0.5859993485434281
14815,0.8654126993399147,0.5213840514741204,0.5860994675427665
14816,0.8654711139669373,0.5214910480636367,0.5861995723651605
14817,0.8655295285939599,0.5215980190815582,0.586299663013621
14818,0.8655879432209825,0.5217049645370511,0.5863997394911583
14819,0.8656463578480051,0.5218118344955882,0.5864998018007814
14820,0.8657047724750278,0.5219186452201748,0.5865998499454991
14821,0.8657631871020504,0.522025434606639,0.5866998839283186
14822,0.865821601729073,0.5221321985052296,0.586799903752247
14823,0.8658800163560956,0.5222389369250707,0.5868999094202898
14824,0.8659384309831182,0.5223459870891665,0.5869999009354524
14825,0.8659968456101408,0.5224530203678456,0.5870998783007387
14826,0.8660552602371634,0.5225600337584035,0.5871998415191522
14827,0.866113674864186,0.5226670407207872,0.5872997905936952
14828,0.8661720894912086,0.5227740305238082,0.5873997255273694
14829,0.8662305041182312,0.5228810119053171,0.5874996463231758
14830,0.8662889187452538,0.5229880152662324,0.5875995529841139
14831,0.8663473333722764,0.5230950171324055,0.5876994455131832
14832,0.866405747999299,0.5232021319919173,0.5877993239133817
14833,0.8664641626263216,0.5233092946074589,0.5878991881877068
14834,0.8665225772533443,0.5234166722220024,0.5879990383391551
14835,0.8665809918803669,0.5235240791064019,0.5880988743707223
14836,0.8666394065073895,0.5236314804718782,0.5881986962854032
14837,0.8666978211344121,0.5237388857420179,0.5882984888964279
14838,0.8667562357614347,0.5238463503995835,0.588398219458772
14839,0.8668146503884573,0.5239538939178306,0.588497888030288
14840,0.8668730650154799,0.5240614254653085,0.5885975816476438
14841,0.8669314796425025,0.5241689926230719,0.5886972611833835
14842,0.8669898942695251,0.524276596224486,0.5887969266404904
14843,0.8670483088965477,0.5243842264104536,0.588896578021947
14844,0.8671067235235703,0.5244920496158744,0.5889977690548135
14845,0.8671651381505929,0.5246000231996119,0.5890989172325197
14846,0.8672235527776155,0.5247080382528724,0.5892015466681719
14847,0.8672819674046381,0.5248161075503011,0.5893041037143623
14848,0.8673403820316608,0.5249242236997862,0.5894065884476535
14849,0.8673987966586834,0.5250323341179897,0.5895090009445001
14850,0.867457211285706,0.5251404156243474,0.5896116710127564
14851,0.8675156259127286,0.5252486308985765,0.5897143179287697
14852,0.8675740405397512,0.5253568309095737,0.5898169417003706
14853,0.8676324551667738,0.5254651002473575,0.5899195423353859
14854,0.8676908697937964,0.5255733545525705,0.5900221198416389
14855,0.867749284420819,0.5256817962715123,0.5901246742269494
14856,0.8678076990478416,0.5257902380123254,0.5902272054991338
14857,0.8678661136748642,0.5258988815504295,0.5903297136660047
14858,0.8679245283018868,0.5260075448833665,0.5904321987353716
14859,0.8679829429289094,0.5261162889878432,0.59053466071504
14860,0.868041357555932,0.5262251240774333,0.5906370996128124
14861,0.8680997721829546,0.5263339165665187,0.5907395154364873
14862,0.8681581868099773,0.5264431825075454,0.5908419081938598
14863,0.8682166014369999,0.5265524117269407,0.590944277892722
14864,0.8682750160640225,0.526661636714028,0.5910466245408615
14865,0.8683334306910451,0.5267708455088684,0.5911489481460634
14866,0.8683918453180677,0.5268800381150626,0.5912512487161088
14867,0.8684502599450903,0.5269892145362096,0.5913535262587752
14868,0.8685086745721129,0.5270983747759078,0.5914557807818368
14869,0.8685670891991355,0.5272075188377545,0.5915580122930644
14870,0.8686255038261581,0.5273166467253456,0.5916602208002251
14871,0.8686839184531807,0.5274257578685677,0.5917624063110823
14872,0.8687423330802033,0.5275348475225372,0.5918645688333966
14873,0.8688007477072259,0.5276439210147802,0.5919667083749245
14874,0.8688591623342485,0.5277529783488879,0.5920688249434191
14875,0.8689175769612711,0.5278620195284507,0.5921709185466302
14876,0.8689759915882938,0.5279710445570577,0.5922729891923039
14877,0.8690344062153164,0.528080053438297,0.5923750368881832
14878,0.869092820842339,0.5281890461757557,0.5924770616420071
14879,0.8691512354693616,0.5282980227730197,0.5925790634615115
14880,0.8692096500963842,0.528406983233674,0.5926810088187384
14881,0.8692680647234068,0.5285159275613023,0.5927829261443415
14882,0.8693264793504294,0.5286248557594876,0.5928848205761779
14883,0.869384893977452,0.5287337678318115,0.5929866921219608
14884,0.8694433086044746,0.5288426637818546,0.5930885407893998
14885,0.8695017232314972,0.5289515436131967,0.5931903665862011
14886,0.8695601378585198,0.5290604073294163,0.5932921695200674
14887,0.8696185524855424,0.5291692549340908,0.5933939495986978
14888,0.869676967112565,0.5292780864307968,0.5934957068297885
14889,0.8697353817395876,0.5293869018231095,0.5935974412210314
14890,0.8697937963666103,0.5294957011146033,0.5936991527801155
14891,0.8698522109936329,0.5296044843088515,0.5938008415147266
14892,0.8699106256206555,0.5297132514094262,0.5939025074325461
14893,0.8699690402476781,0.5298220024198986,0.594004150541253
14894,0.8700274548747007,0.5299307373438389,0.5941057708485222
14895,0.8700858695017233,0.530039456184816,0.5942073683620255
14896,0.8701442841287459,0.5301481589463978,0.5943089430894309
14897,0.8702026987557684,0.5302568456321514,0.5944104950384033
14898,0.870261113382791,0.5303655162456425,0.5945120242166041
14899,0.8703195280098136,0.5304741707904361,0.5946135306316911
14900,0.8703779426368362,0.5305828092700959,0.5947150142913187
14901,0.8704363572638588,0.5306914316881846,0.5948164752031382
14902,0.8704947718908814,0.5308000380482638,0.5949179133747969
14903,0.870553186517904,0.5309086283538941,0.5950193288139392
14904,0.8706116011449266,0.531017202608635,0.5951207215282057
14905,0.8706700157719492,0.5311257608160452,0.5952220915252339
14906,0.8707284303989719,0.531234302979682,0.5953234388126575
14907,0.8707868450259945,0.531342814472702,0.5954247633981072
14908,0.8708452596530171,0.5314513074599916,0.5955260652892099
14909,0.8709036742800397,0.5315597844192265,0.5956273444935893
14910,0.8709620889070623,0.5316683941918879,0.5957286010188658
14911,0.8710205035340849,0.5317770653811177,0.5958298348726561
14912,0.8710789181611075,0.5318858241946839,0.5959310460625734
14913,0.8711373327881301,0.531994580210437,0.5960322345962281
14914,0.8711957474151527,0.5321034228758982,0.5961334004812265
14915,0.8712541620421753,0.5322124289665058,0.596234543725172
14916,0.8713125766691979,0.5323214609123899,0.5963356643356643
14917,0.8713709912962205,0.5324304821475385,0.5964367623202999
14918,0.8714294059232431,0.5325395227333773,0.5965383217291614
14919,0.8714878205502657,0.5326486660757715,0.596639830034664
14920,0.8715462351772884,0.5327578027734224,0.5967431077344209
14921,0.871604649804311,0.5328671392999875,0.5968469411978272
14922,0.8716630644313336,0.5329765180379387,0.5969507427677874
14923,0.8717214790583562,0.5330860100448135,0.5970545124589935
14924,0.8717798936853788,0.5331954871403637,0.597158250286129
14925,0.8718383083124014,0.5333049405608624,0.5972619562638681
14926,0.871896722939424,0.5334145284085756,0.5973656304068762
14927,0.8719551375664466,0.5335242962722558,0.5974692727298093
14928,0.8720135521934692,0.5336342292615324,0.5975728832473148
14929,0.8720719668204918,0.5337441397608359,0.597676461974031
14930,0.8721303814475144,0.5338540484956029,0.5977800089245873
14931,0.872188796074537,0.5339639054258388,0.5978835241136037
14932,0.8722472107015596,0.5340737105881616,0.5979870075556919
14933,0.8723056253285822,0.5341834640191543,0.598090459265454
14934,0.8723640399556049,0.5342932717254409,0.5981938792574837
14935,0.8724224545826275,0.5344030913195669,0.5982972675463654
14936,0.8724808692096501,0.5345128915177483,0.5984006241466745
14937,0.8725392838366727,0.5346226723251233,0.5985039490729778
14938,0.8725976984636953,0.534732433746828,0.5986072423398329
14939,0.8726561130907179,0.5348421757879968,0.5987105039617886
14940,0.8727145277177405,0.5349518984537622,0.5988137339533848
14941,0.8727729423447631,0.5350616017492551,0.5989169323291523
14942,0.8728313569717857,0.5351712856796044,0.5990200991036134
14943,0.8728897715988083,0.535280950249937,0.599123234291281
14944,0.8729481862258309,0.5353905954653786,0.5992264455451055
14945,0.8730066008528535,0.5355002213310526,0.5993296897381339
14946,0.8730650154798761,0.5356098445753685,0.5994354917200817
14947,0.8731234301068987,0.535719514011162,0.5995412525196357
14948,0.8731818447339214,0.5358293113861936,0.5996469721608362
14949,0.873240259360944,0.5359390941770714,0.5997526506677042
14950,0.8732986739879666,0.5360488516916736,0.5998582880642428
14951,0.8733570886149892,0.5361585214766311,0.5999638843744357
14952,0.8734155032420118,0.5362682704333911,0.6000694396222485
14953,0.8734739178690344,0.5363780063621837,0.6001749538316278
14954,0.873532332496057,0.5364879625648467,0.6002804270265018
14955,0.8735907471230796,0.5365980114986384,0.6003858592307799
14956,0.8736491617501022,0.5367081373346807,0.6004912504683532
14957,0.8737075763771248,0.5368183666025315,0.600596600763094
14958,0.8737659910041474,0.536928643472055,0.6007019101388561
14959,0.87382440563117,0.5370390012825768,0.600807178619475
14960,0.8738828202581926,0.5371494739355621,0.6009146341463415
14961,0.8739412348852152,0.5372598838213716,0.6010224863876305
14962,0.8739996495122379,0.5373702748298486,0.6011302878355542
14963,0.8740580641392605,0.5374807830863885,0.6012380385259863
14964,0.8741164787662831,0.5375913993360798,0.6013459248386829
14965,0.8741748933933057,0.5377019766980458,0.6014537902388369
14966,0.8742333080203283,0.53781263801574,0.6015616347325285
14967,0.8742917226473509,0.5379232825858213,0.6016694583258351
14968,0.8743501372743735,0.5380339104120915,0.6017772610248319
14969,0.8744085519013961,0.5381446499319485,0.6018850428355916
14970,0.8744669665284187,0.5382555183820815,0.6019928037641848
14971,0.8745253811554413,0.5383664181200881,0.6021005438166798
14972,0.8745837957824639,0.5384775228859334,0.6022082629991422
14973,0.8746422104094865,0.5385886714864646,0.6023159613176353
14974,0.8747006250365091,0.5386998695506323,0.6024236387782205
14975,0.8747590396635317,0.5388110507638698,0.6025312953869563
14976,0.8748174542905544,0.5389222150602242,0.6026389311498991
14977,0.874875868917577,0.5390333624435562,0.602746546073103
14978,0.8749342835445996,0.539144499998727,0.6028541401626196
14979,0.8749926981716222,0.5392557717679768,0.6029617134244984
14980,0.8750511127986448,0.5393671696784808,0.6030692658647864
14981,0.8751095274256674,0.539478424512254,0.6031767974895281
14982,0.87516794205269,0.5395896868292559,0.6032843083047661
14983,0.8752263566797126,0.5397009070678671,0.6033917983165402
14984,0.8752847713067352,0.5398121959191345,0.6034992675308881
14985,0.8753431859337578,0.539923489180397,0.6036067159538451
14986,0.8754016005607804,0.5400350420087878,0.6037141435914442
14987,0.875460015187803,0.5401466262067185,0.6038215504497161
14988,0.8755184298148256,0.5402581835555863,0.603928936534689
14989,0.8755768444418482,0.5403697708827386,0.604036301852389
14990,0.8756352590688709,0.5404813416084557,0.6041436464088398
14991,0.8756936736958935,0.5405930267991857,0.6042509702100626
14992,0.8757520883229161,0.5407047800838511,0.6043582732620764
14993,0.8758105029499387,0.5408166242132241,0.604465555570898
14994,0.8758689175769613,0.5409284422658466,0.6045728171425415
14995,0.8759273322039839,0.5410402342508375,0.6046800579830193
14996,0.8759857468310065,0.5411520001773111,0.6047872780983408
14997,0.8760441614580291,0.5412637400543778,0.6048944774945134
14998,0.8761025760850517,0.5413754538911435,0.6050016561775422
14999,0.8761609907120743,0.54148714169671,0.60510881415343
15000,0.8762194053390969,0.5415988034801746,0.6052159514281772
15001,0.8762778199661195,0.5417104392506309,0.6053230680077818
15002,0.8763362345931421,0.5418220490171677,0.6054301638982396
15003,0.8763946492201647,0.5419336327888697,0.6055372391055441
15004,0.8764530638471874,0.5420451905748178,0.6056442936356865
15005,0.87651147847421,0.5421567775729595,0.6057513274946555
15006,0.8765698931012326,0.5422683715610134,0.6058583406884378
15007,0.8766283077282552,0.5423800156282303,0.6059653332230174
15008,0.8766867223552778,0.542491698610607,0.6060723051043764
15009,0.8767451369823004,0.5426033644799731,0.6061792563384942
15010,0.876803551609323,0.542715180304998,0.6062861869313482
15011,0.8768619662363456,0.542826989904932,0.6063930968889134
15012,0.8769203808633682,0.5429389009301029,0.6064999862171624
15013,0.8769787954903908,0.5430508385836287,0.6066068549220656
15014,0.8770372101174134,0.5431629183090793,0.606713703009591
15015,0.877095624744436,0.5432750216433884,0.6068205304857044
15016,0.8771540393714586,0.5433871032530482,0.6069273373563694
15017,0.8772124539984812,0.543499254266055,0.6070341236275468
15018,0.8772708686255039,0.5436113838888875,0.6071408893051958
15019,0.8773292832525265,0.5437235293626833,0.607247634395273
15020,0.8773876978795491,0.5438356760100999,0.6073543589037322
15021,0.8774461125065717,0.5439477947029995,0.6074610628365259
15022,0.8775045271335943,0.5440598565215377,0.6075677461996034
15023,0.8775629417606169,0.544171969962932,0.6076744089989123
15024,0.8776213563876395,0.5442841560412425,0.6077810512403976
15025,0.8776797710146621,0.5443963650508544,0.607887672930002
15026,0.8777381856416847,0.5445085845852498,0.6079942740736662
15027,0.8777966002687073,0.5446207845808656,0.6081008546773283
15028,0.8778550148957299,0.5447333977065874,0.6082074147469243
15029,0.8779134295227525,0.5448459934062875,0.6083139542883877
15030,0.8779718441497751,0.5449585716840105,0.6084204733076499
15031,0.8780302587767977,0.5450711325437995,0.6085269718106402
15032,0.8780886734038204,0.5451836759896966,0.608633449803285
15033,0.878147088030843,0.5452962020257425,0.6087398932951983
15034,0.8782055026578656,0.5454087106559767,0.6088462490034913
15035,0.8782639172848882,0.5455211983406364,0.6089525982325696
15036,0.8783223319119108,0.5456336566706619,0.6090589270008795
15037,0.8783807465389334,0.5457461011541092,0.609165235314325
15038,0.878439161165956,0.545858528251587,0.609271523178808
15039,0.8784975757929786,0.5459709379671274,0.609377790600228
15040,0.8785559904200012,0.546083330304761,0.6094840375844827
15041,0.8786144050470238,0.5461957052685175,0.6095902641374669
15042,0.8786728196740464,0.5463080628624248,0.6096964702650735
15043,0.878731234301069,0.5464204030905103,0.609802655973193
15044,0.8787896489280916,0.5465329252803822,0.609908821267714
15045,0.8788480635551142,0.5466458119624362,0.6100149661545221
15046,0.8789064781821369,0.5467586770610986,0.6101210906395014
15047,0.8789648928091595,0.5468715738933129,0.6102271947285332
15048,0.8790233074361821,0.5469844941983569,0.6103332784274969
15049,0.8790817220632047,0.547097396955049,0.6104393417422693
15050,0.8791401366902273,0.5472103291030387,0.6105453846787253
15051,0.8791985513172499,0.5473233067689736,0.6106514072427374
15052,0.8792569659442725,0.5474363879155899,0.6107574094401756
15053,0.8793153805712951,0.547549444680219,0.6108633912769081
15054,0.8793737951983177,0.547662630902797,0.6109693527588005
15055,0.8794322098253403,0.5477759609010046,0.6110752938917161
15056,0.8794906244523629,0.5478892679459654,0.6111812146815164
15057,0.8795490390793855,0.5480026095157668,0.6112871151340602
15058,0.8796074537064081,0.5481160029729426,0.6113929952552042
15059,0.8796658683334307,0.5482293787206209,0.6114988550508028
15060,0.8797242829604534,0.5483430483196324,0.6116046945267083
15061,0.879782697587476,0.5484566971014775,0.6117111683754591
15062,0.8798411122144985,0.5485703250718742,0.611818854277965
15063,0.8798995268415211,0.5486842384646151,0.6119268065523475
15064,0.8799579414685437,0.5487981932418112,0.6120347292596752
15065,0.8800163560955663,0.5489121315555893,0.6121426224120933
15066,0.8800747707225889,0.5490260044981377,0.6122504860217409
15067,0.8801331853496115,0.5491400222749988,0.6123583201007502
15068,0.8801915999766341,0.5492543960201554,0.6124661246612466
15069,0.8802500146036567,0.5493687498848161,0.6125738997153493
15070,0.8803084292306793,0.5494833527212407,0.6126816452751703
15071,0.8803668438577019,0.5495980048698987,0.6127893613528156
15072,0.8804252584847245,0.5497127903995814,0.6128970479603841
15073,0.8804836731117471,0.5498275627551745,0.6130047051099683
15074,0.8805420877387697,0.5499425361172939,0.6131123328136538
15075,0.8806005023657923,0.5500574851498478,0.6132199310835202
15076,0.880658916992815,0.5501724098605577,0.6133274999316398
15077,0.8807173316198376,0.5502874380664229,0.6134350393700787
15078,0.8807757462468602,0.5504024480212374,0.6135425494108964
15079,0.8808341608738828,0.5505174397293446,0.6136500300661455
15080,0.8808925755009054,0.5506324131950864,0.6137574813478724
15081,0.880950990127928,0.5507473646537967,0.6138649032681167
15082,0.8810094047549506,0.5508622825918215,0.6139722958389116
15083,0.8810678193819732,0.5509771823065427,0.6140796590722832
15084,0.8811262340089958,0.5510920638022946,0.6141869929802518
15085,0.8811846486360184,0.551207115115736,0.6142942975748307
15086,0.881243063263041,0.5513221662416973,0.6144015728680265
15087,0.8813014778900636,0.5514372836064131,0.6145088188718397
15088,0.8813598925170862,0.5515525378908626,0.6146160355982637
15089,0.8814183071441088,0.5516678036605867,0.614723223059286
15090,0.8814767217711315,0.5517830373331255,0.6148303812668868
15091,0.8815351363981541,0.5518983701759878,0.6149375102330404
15092,0.8815935510251767,0.55201367175193,0.6150446099697143
15093,0.8816519656521993,0.552128971569469,0.6151516804888695
15094,0.8817103802792219,0.5522442956967343,0.6152587218024603
15095,0.8817687949062445,0.552359635553507,0.615365733922435
15096,0.8818272095332671,0.5524749575994014,0.6154727168607347
15097,0.8818856241602897,0.5525903920836585,0.6155796706292943
15098,0.8819440387873123,0.552705814943178,0.6156865952400425
15099,0.8820024534143349,0.5528212732964187,0.6157934907049011
15100,0.8820608680413575,0.552936782219436,0.6159003570357854
15101,0.8821192826683801,0.5530522919590575,0.6160071942446043
15102,0.8821776972954027,0.553167826307048,0.6161140023432604
15103,0.8822361119224253,0.55328336475025,0.6162207813436495
15104,0.882294526549448,0.5533990372323704,0.6163275312576612
15105,0.8823529411764706,0.5535148271564234,0.6164342520971784
15106,0.8824113558034932,0.5536306650267238,0.6165409438740775
15107,0.8824697704305158,0.553746484345382,0.6166476066002288
15108,0.8825281850575384,0.5538623628660349,0.6167542402874956
15109,0.882586599684561,0.5539783470206232,0.6168608449477352
15110,0.8826450143115836,0.5540942995138338,0.6169674205927982
15111,0.8827034289386062,0.5542102776803004,0.6170739672345289
15112,0.8827618435656288,0.5543262431289643,0.6171804848847651
15113,0.8828202581926514,0.5544422013592281,0.6172886519421172
15114,0.882878672819674,0.554558156972141,0.6173970982173209
15115,0.8829370874466966,0.5546742306657334,0.6175055061587406
15116,0.8829955020737192,0.5547902688129591,0.6176138757866978
15117,0.8830539167007418,0.5549065027091927,0.6177222071215004
15118,0.8831123313277645,0.5550227174100485,0.6178305001834413
15119,0.8831707459547871,0.5551390444814052,0.6179387549927995
15120,0.8832291605818097,0.5552554069302359,0.6180469715698393
15121,0.8832875752088323,0.5553717897788183,0.6181551499348109
15122,0.8833459898358549,0.5554881492568169,0.6182632901079503
15123,0.8834044044628775,0.5556044727430276,0.6183713921094789
15124,0.8834628190899001,0.555720755486219,0.6184794559596042
15125,0.8835212337169227,0.5558370148919834,0.6185874816785191
15126,0.8835796483439453,0.5559532509673456,0.6186954692864024
15127,0.8836380629709679,0.5560694637193276,0.6188034188034188
15128,0.8836964775979905,0.5561856531549487,0.6189113302497186
15129,0.8837548922250131,0.5563018192812252,0.6190192036454378
15130,0.8838133068520357,0.5564179621051709,0.6191270390106984
15131,0.8838717214790583,0.5565342639692064,0.6192367654036467
15132,0.883930136106081,0.5566505565617983,0.619346444206503
15133,0.8839885507331036,0.5567668640020926,0.6194560754502215
15134,0.8840469653601262,0.5568832984860149,0.6195656591657296
15135,0.8841053799871488,0.5569998588184396,0.6196751953839277
15136,0.8841637946141714,0.557116416980871,0.6197846841356897
15137,0.884222209241194,0.5572330664949,0.6198941254518623
15138,0.8842806238682166,0.5573498187604048,0.6200037885963251
15139,0.8843390384952392,0.5574665539857563,0.6201143753295388
15140,0.8843974531222618,0.557583543869943,0.6202254480577406
15141,0.8844558677492844,0.5577005147798408,0.6203364637524491
15142,0.884514282376307,0.5578174667200656,0.6204483117374444
15143,0.8845726970033296,0.5579343996952315,0.6205601415890944
15144,0.8846311116303522,0.5580513137099512,0.6206719533118085
15145,0.8846895262573748,0.5581682068090824,0.6207837469099947
15146,0.8847479408843975,0.5582850749295,0.6208955223880597
15147,0.8848063555114201,0.5584019241058901,0.6210072797504086
15148,0.8848647701384427,0.5585187543428584,0.6211190190014451
15149,0.8849231847654653,0.5586355656450093,0.6212307401455714
15150,0.8849815993924879,0.5587523580169456,0.6213424431871886
15151,0.8850400140195105,0.5588691314632686,0.621454128130696
15152,0.8850984286465331,0.5589860294067084,0.6215657949804917
15153,0.8851568432735557,0.5591029534376433,0.6216774437409722
15154,0.8852152579005783,0.5592198738135111,0.6217890744165329
15155,0.8852736725276009,0.5593367837485173,0.6219006870115672
15156,0.8853320871546235,0.5594536550314098,0.6220122815304676
15157,0.8853905017816461,0.5595706738574519,0.6221238579776251
15158,0.8854489164086687,0.5596876659384747,0.6222354163574291
15159,0.8855073310356913,0.5598046312836464,0.6223469566742676
15160,0.885565745662714,0.5599215821301525,0.6224584789325274
15161,0.8856241602897366,0.5600384892065411,0.6225699831365936
15162,0.8856825749167592,0.5601556652469366,0.62268146929085
15163,0.8857409895437818,0.560272822218618,0.622792937399679
15164,0.8857994041708044,0.5603899872672653,0.6229043874674616
15165,0.885857818797827,0.5605071858322449,0.6230158194985772
15166,0.8859162334248496,0.5606244115013382,0.6231272334974041
15167,0.8859746480518722,0.5607416861379144,0.623238629468319
15168,0.8860330626788948,0.5608589332041577,0.623350007415697
15169,0.8860914773059174,0.5609766297079984,0.6234613673439122
15170,0.88614989193294,0.5610944445337606,0.623572709257337
15171,0.8862083065599626,0.5612123327387201,0.6236840331603424
15172,0.8862667211869852,0.561330215629554,0.623795339057298
15173,0.8863251358140078,0.5614480873572812,0.6239066269525722
15174,0.8863835504410305,0.5615659725678368,0.6240178968505317
15175,0.8864419650680531,0.5616839935144379,0.6241291487555418
15176,0.8865003796950757,0.561802122852637,0.6242403826719666
15177,0.8865587943220983,0.5619203960412372,0.6243515986041687
15178,0.8866172089491209,0.5620387011410121,0.624462796556509
15179,0.8866756235761435,0.5621570080000153,0.6245739765333477
15180,0.8867340382031661,0.5622753357174755,0.6246851385390428
15181,0.8867924528301887,0.5623940075856295,0.6247962825779514
15182,0.8868508674572113,0.5625127491017441,0.6249074086544288
15183,0.8869092820842339,0.5626315586905375,0.6250185087967263
15184,0.8869676967112565,0.5627503462881184,0.6251295232199809
15185,0.8870261113382791,0.5628691119005921,0.6252404719303674
15186,0.8870845259653017,0.5629878475635325,0.6253514306084289
15187,0.8871429405923243,0.5631065874398942,0.6254623713766898
15188,0.887201355219347,0.563225453462717,0.6255732942394857
15189,0.8872597698463696,0.5633444273125741,0.6256841992011511
15190,0.8873181844733922,0.5634633821139625,0.6257950862660194
15191,0.8873765991004148,0.5635823287017683,0.6259059554384219
15192,0.8874350137274374,0.56370124146851,0.6260168067226891
15193,0.88749342835446,0.5638201204286104,0.6261276401231497
15194,0.8875518429814826,0.5639390442424778,0.6262384556441314
15195,0.8876102576085052,0.5640581029717714,0.62634925328996
15196,0.8876686722355278,0.5641771364503997,0.6264600330649606
15197,0.8877270868625504,0.5642961469113491,0.6265707949734561
15198,0.887785501489573,0.564415137645191,0.6266815390197685
15199,0.8878439161165956,0.5645343680223444,0.6267922652082185
15200,0.8879023307436182,0.5646539908014797,0.6269029735431251
15201,0.8879607453706408,0.5647735878147976,0.627013664028806
15202,0.8880191599976635,0.5648931648994658,0.6271243366695775
15203,0.8880775746246861,0.5650127645770145,0.6272349914697546
15204,0.8881359892517087,0.5651323785039484,0.6273456284336508
15205,0.8881944038787313,0.5652520367917918,0.6274562439600558
15206,0.8882528185057539,0.5653717182504125,0.6275667695611328
15207,0.8883112331327765,0.565491386040789,0.6276772773632509
15208,0.8883696477597991,0.5656110645081734,0.6277877673707093
15209,0.8884280623868217,0.5657307135375038,0.6278982395878059
15210,0.8884864770138443,0.5658503331396403,0.6280086940188371
15211,0.8885448916408669,0.5659699889295943,0.6281191306680977
15212,0.8886033062678895,0.5660896952800031,0.6282295495398814
15213,0.8886617208949121,0.566209374463551,0.6283399506384805
15214,0.8887201355219347,0.5663290490370821,0.6284503339681858
15215,0.8887785501489573,0.566448686276961,0.6285606995332869
15216,0.88883696477598,0.5665682862006546,0.6286710006031767
15217,0.8888953794030026,0.5666878488256193,0.6287812788998941
15218,0.8889537940300252,0.5668075269926323,0.6288915394615168
15219,0.8890122086570478,0.566927347631137,0.6290017822923227
15220,0.8890706232840704,0.5670472035276881,0.6291120073965885
15221,0.889129037911093,0.5671671061897858,0.6292222147785891
15222,0.8891874525381156,0.5672872232137633,0.6293324044425985
15223,0.8892458671651382,0.5674073112300517,0.6294425763928893
15224,0.8893042817921608,0.5675275494718831,0.6295527306337321
15225,0.8893626964191834,0.5676478590745484,0.6296628671693969
15226,0.889421111046206,0.5677682210019084,0.6297729860041519
15227,0.8894795256732285,0.5678885579462063,0.629883087142264
15228,0.8895379403002511,0.5680088699152198,0.629993170587999
15229,0.8895963549272737,0.5681292113809671,0.6301032363456208
15230,0.8896547695542963,0.5682495686917515,0.6302132844193924
15231,0.889713184181319,0.5683699006822179,0.6303233148135752
15232,0.8897715988083416,0.5684902385707353,0.6304333275324293
15233,0.8898300134353642,0.5686105961717652,0.6305433225802134
15234,0.8898884280623868,0.5687309129332381,0.6306532999611848
15235,0.8899468426894094,0.5688512313810419,0.6307632596795996
15236,0.890005257316432,0.5689715085225937,0.6308732017397123
15237,0.8900636719434546,0.569091775790268,0.6309831261457762
15238,0.8901220865704772,0.5692121964482222,0.6310930329020432
15239,0.8901805011974998,0.5693327183397047,0.6312030175757738
15240,0.8902389158245224,0.5694536337475004,0.6313142796003798
15241,0.890297330451545,0.5695745461132834,0.631425514843541
15242,0.8903557450785676,0.5696957257633334,0.6315367233149259
15243,0.8904141597055902,0.5698168848834583,0.6316479050241985
15244,0.8904725743326128,0.5699380234788749,0.6317590599810178
15245,0.8905309889596355,0.5700591415547982,0.6318701881950385
15246,0.8905894035866581,0.5701802391164413,0.6319812896759105
15247,0.8906478182136807,0.5703013161690158,0.632092364433279
15248,0.8907062328407033,0.5704223727177312,0.6322034124767847
15249,0.8907646474677259,0.5705434087677956,0.6323144338160637
15250,0.8908230620947485,0.5706644243244151,0.6324254284607472
15251,0.8908814767217711,0.570785419392794,0.6325363964204621
15252,0.8909398913487937,0.5709063939781349,0.6326473377048305
15253,0.8909983059758163,0.5710273480856389,0.6327582523234697
15254,0.8910567206028389,0.5711482817205048,0.6328691402859927
15255,0.8911151352298615,0.5712691948879303,0.6329800016020078
15256,0.8911735498568841,0.5713900875931106,0.6330908362811186
15257,0.8912319644839067,0.5715109503543763,0.633201644332924
15258,0.8912903791109293,0.5716317681832999,0.6333124257670185
15259,0.891348793737952,0.5717525523922816,0.633423180592992
15260,0.8914072083649746,0.5718733149123049,0.6335339088204294
15261,0.8914656229919972,0.5719940490697512,0.6336446104589114
15262,0.8915240376190198,0.5721147548746113,0.6337552855180141
15263,0.8915824522460424,0.5722354588616958,0.6338659340073088
15264,0.891640866873065,0.5723561424434698,0.6339765559363623
15265,0.8916992815000876,0.5724768056251069,0.6340871513147368
15266,0.8917576961271102,0.5725974484117795,0.6341977201519898
15267,0.8918161107541328,0.5727180612709801,0.6343082624576746
15268,0.8918745253811554,0.5728386444748197,0.6344187782413393
15269,0.891932940008178,0.5729591909535319,0.634529267512528
15270,0.8919913546352006,0.5730797147854577,0.6346397302807798
15271,0.8920497692622232,0.5732002182608985,0.6347501665556295
15272,0.8921081838892458,0.5733207013850115,0.6348605763466073
15273,0.8921665985162684,0.5734411641629514,0.6349709596632387
15274,0.8922250131432911,0.5735616065998719,0.6350813165150445
15275,0.8922834277703137,0.5736820287009246,0.6351916469115414
15276,0.8923418423973363,0.5738024304712593,0.6353019508622412
15277,0.8924002570243589,0.5739228119160243,0.635412228376651
15278,0.8924586716513815,0.5740431730403662,0.6355224794642739
15279,0.8925170862784041,0.5741635138494294,0.6356327041346077
15280,0.8925755009054267,0.5742838343483571,0.6357429023971464
15281,0.8926339155324493,0.5744041345422902,0.6358530742613787
15282,0.8926923301594719,0.5745244144363687,0.6359632197367896
15283,0.8927507447864945,0.5746446740357299,0.6360733388328588
15284,0.8928091594135171,0.5747649133455102,0.6361834315590619
15285,0.8928675740405397,0.5748851323708436,0.6362934979248697
15286,0.8929259886675623,0.5750053311168628,0.6364035379397486
15287,0.892984403294585,0.5751255083485861,0.6365135516131606
15288,0.8930428179216076,0.575245662160745,0.636623538954563
15289,0.8931012325486302,0.5753657957104578,0.6367334999734084
15290,0.8931596471756528,0.5754859090028496,0.6368434346791455
15291,0.8932180618026754,0.5756060020430437,0.6369533430812176
15292,0.893276476429698,0.5757260748361619,0.6370632251890642
15293,0.8933348910567206,0.575846127387324,0.6371730810121199
15294,0.8933933056837432,0.5759661597016481,0.637282910559815
15295,0.8934517203107658,0.5760861717842507,0.6373927138415753
15296,0.8935101349377884,0.5762061636402466,0.6375024908668216
15297,0.893568549564811,0.5763261352747486,0.637612241644971
15298,0.8936269641918336,0.5764460866928683,0.6377219661854355
15299,0.8936853788188562,0.576566017899715,0.6378316644976229
15300,0.8937437934458788,0.5766859289003966,0.6379413365909362
15301,0.8938022080729014,0.5768058197000192,0.6380509824747743
15302,0.8938606226999241,0.5769256903036871,0.6381606021585312
15303,0.8939190373269467,0.5770455407165033,0.6382701956515968
15304,0.8939774519539693,0.5771653709435683,0.6383803003767977
15305,0.8940358665809919,0.5772851809899817,0.6384903058112087
15306,0.8940942812080145,0.5774049708608409,0.6386008645151025
15307,0.8941526958350371,0.5775247405612416,0.6387113880418931
15308,0.8942111104620597,0.5776444900962779,0.6388218764083667
15309,0.8942695250890823,0.5777642194710423,0.6389323296312985
15310,0.8943279397161049,0.5778839264569987,0.6390427477274534
15311,0.8943863543431275,0.5780036130083928,0.6391531307135854
15312,0.8944447689701501,0.5781232794156295,0.639263478606438
15313,0.8945031835971727,0.5782429197587058,0.6393737914227438
15314,0.8945615982241953,0.5783625176612848,0.6394840691792251
15315,0.894620012851218,0.5784820954444561,0.6395943118925933
15316,0.8946784274782406,0.5786016531132961,0.6397045195795493
15317,0.8947368421052632,0.5787211906728796,0.6398146922567836
15318,0.8947952567322858,0.5788407081282797,0.6399248299409757
15319,0.8948536713593084,0.5789602054845677,0.6400349326487945
15320,0.894912085986331,0.5790800462393937,0.6401450003968989
15321,0.8949705006133536,0.5791999619464061,0.6402550332019366
15322,0.8950289152403762,0.579319959579142,0.6403650310805449
15323,0.8950873298673988,0.5794400102059046,0.6404749940493507
15324,0.8951457444944214,0.5795603252547704,0.6405849221249702
15325,0.895204159121444,0.5796807455513506,0.6406948153240092
15326,0.8952625737484666,0.5798012654118793,0.6408046736630627
15327,0.8953209883754892,0.5799217616537627,0.6409155180843894
15328,0.8953794030025118,0.5800423214742372,0.6410263185709756
15329,0.8954378176295344,0.5801628925442175,0.6411370751489373
15330,0.8954962322565571,0.5802834677445127,0.6412477878443699
15331,0.8955546468835797,0.5804040035538649,0.6413584566833481
15332,0.8956130615106023,0.5805245099467871,0.6414690816919258
15333,0.8956714761376249,0.5806450259094769,0.6415796628961367
15334,0.8957298907646475,0.5807655694504789,0.6416906313484421
15335,0.8957883053916701,0.5808865963368789,0.6418020679468243
15336,0.8958467200186927,0.5810077030382499,0.6419134516494818
15337,0.8959051346457153,0.5811289388875177,0.6420257569566191
15338,0.8959635492727379,0.5812503598258539,0.6421380001054241
15339,0.8960219638997605,0.5813719324375174,0.642250181147487
15340,0.8960803785267831,0.5814936453745128,0.6423663217755312
15341,0.8961387931538057,0.5816156559661018,0.6424829546950273
15342,0.8961972077808283,0.5817376418256096,0.6425995630544076
15343,0.896255622407851,0.5818595924198354,0.6427161468614291
15344,0.8963140370348736,0.581981522043796,0.6428327061238454
15345,0.8963724516618962,0.5821035153220054,0.6429492408494066
15346,0.8964308662889188,0.582225637344402,0.64306575104586
15347,0.8964892809159414,0.5823477287296085,0.6431822367209492
15348,0.896547695542964,0.5824697894891524,0.6432986978824148
15349,0.8966061101699866,0.5825918196345558,0.6434151345379941
15350,0.8966645247970092,0.5827138191773347,0.6435315466954212
15351,0.8967229394240318,0.5828359589165054,0.6436479343624267
15352,0.8967813540510544,0.5829580834082347,0.6437642975467381
15353,0.896839768678077,0.5830802235546662,0.6438806362560799
15354,0.8968981833050996,0.5832024656160137,0.643996950498173
15355,0.8969565979321222,0.5833247077178598,0.6441132402807349
15356,0.8970150125591448,0.5834469827106508,0.6442295056114805
15357,0.8970734271861674,0.583569618174289,0.6443457464981209
15358,0.8971318418131901,0.5836922661611299,0.6444619629483642
15359,0.8971902564402127,0.5838149808007583,0.6445781549699151
15360,0.8972486710672353,0.5839377694644337,0.6446943225704753
15361,0.8973070856942579,0.5840605507675446,0.6448104657577429
15362,0.8973655003212805,0.584183297919396,0.6449265845394132
15363,0.8974239149483031,0.5843062198481893,0.6450426789231779
15364,0.8974823295753257,0.5844291115829041,0.6451587489167258
15365,0.8975407442023483,0.5845521859900874,0.6452747945277421
15366,0.8975991588293709,0.5846752341641747,0.645390815763909
15367,0.8976575734563935,0.5847982561135522,0.6455068126329054
15368,0.8977159880834161,0.584921512824766,0.6456227851424071
15369,0.8977744027104387,0.5850447238674213,0.6457387333000866
15370,0.8978328173374613,0.5851679058971402,0.6458546571136131
15371,0.897891231964484,0.5852911265664178,0.6459705565906526
15372,0.8979496465915066,0.5854143351666551,0.646086431738868
15373,0.8980080612185292,0.585537697634725,0.6462022825659189
15374,0.8980664758455518,0.5856610369516394,0.6463181090794616
15375,0.8981248904725744,0.5857844327166641,0.6464339112871494
15376,0.898183305099597,0.5859078149004884,0.6465496891966324
15377,0.8982417197266196,0.5860312427968063,0.6466654428155569
15378,0.8983001343536422,0.5861547181662908,0.6467811721515668
15379,0.8983585489806648,0.5862781599906663,0.6468968772123024
15380,0.8984169636076874,0.5864015708435328,0.6470125580054007
15381,0.89847537823471,0.5865249577304181,0.6471282145384958
15382,0.8985337928617326,0.5866483206583025,0.6472438468192183
15383,0.8985922074887552,0.5867717348317889,0.6473594548551959
15384,0.8986506221157778,0.5868951352977398,0.6474750386540528
15385,0.8987090367428004,0.5870186249116378,0.6475905982234101
15386,0.8987674513698231,0.5871421570610548,0.6477061335708858
15387,0.8988258659968457,0.5872657356784621,0.6478216447040948
15388,0.8988842806238683,0.5873894051962777,0.6479371316306484
15389,0.8989426952508909,0.5875133602057864,0.648052594358155
15390,0.8990011098779135,0.5876372896900424,0.64816803289422
15391,0.899059524504936,0.5877611457263315,0.6482834472464452
15392,0.8991179391319586,0.5878849800416102,0.6483988374224293
15393,0.8991763537589812,0.5880087907876952,0.6485142034297683
15394,0.8992347683860038,0.5881325759442482,0.6486295452760543
15395,0.8992931830130264,0.588256336098202,0.6487448629688768
15396,0.899351597640049,0.588380047100609,0.6488601565158217
15397,0.8994100122670716,0.5885037170284115,0.648975425924472
15398,0.8994684268940942,0.5886273766337832,0.6490906712024074
15399,0.8995268415211168,0.5887510145736944,0.6492058923572045
15400,0.8995852561481394,0.5888746308538385,0.6493210893964367
15401,0.899643670775162,0.5889983089723072,0.6494362623276742
15402,0.8997020854021847,0.5891220377530912,0.6495514111584839
15403,0.8997605000292073,0.5892457344454627,0.64966653589643
15404,0.8998189146562299,0.5893694258197455,0.649781636549073
15405,0.8998773292832525,0.5894931438050669,0.6498967131239703
15406,0.8999357439102751,0.5896169282191316,0.6500117656286768
15407,0.8999941585372977,0.5897407293923981,0.6501267940707433
15408,0.9000525731643203,0.589864565797801,0.6502417984577179
15409,0.9001109877913429,0.5899884184254006,0.6503567787971458
15410,0.9001694024183655,0.5901122346363651,0.6504717350965685
15411,0.9002278170453881,0.5902360278587446,0.6505866673635247
15412,0.9002862316724107,0.5903601316189269,0.6507015756055499
15413,0.9003446462994333,0.5904842909004634,0.6508164598301763
15414,0.900403060926456,0.5906084856615721,0.6509313200449333
15415,0.9004614755534786,0.5907328683376991,0.6510461562573466
15416,0.9005198901805012,0.5908572600698945,0.6511609684749393
15417,0.9005783048075238,0.590981778023584,0.651275756705231
15418,0.9006367194345464,0.5911062488803221,0.6513905209557384
15419,0.900695134061569,0.5912306831383999,0.6515058550149476
15420,0.9007535486885916,0.5913551563891609,0.6516211559546807
15421,0.9008119633156142,0.5914796220355059,0.6517364237892017
15422,0.9008703779426368,0.5916041320222057,0.6518516585327662
15423,0.9009287925696594,0.5917287911773791,0.6519668601996216
15424,0.900987207196682,0.5918535510616754,0.6520820288040076
15425,0.9010456218237046,0.5919782998304,0.652197150417791
15426,0.9011040364507272,0.5921031716229049,0.6523121839320161
15427,0.9011624510777498,0.592228057071096,0.6524271844660194
15428,0.9012208657047724,0.5923530719103649,0.6525421520339822
15429,0.901279280331795,0.5924781509911975,0.6526570866500775
15430,0.9013376949588177,0.5926032054003403,0.6527719883284702
15431,0.9013961095858403,0.5927282900882942,0.6528868570833171
15432,0.9014545242128629,0.5928533759466815,0.6530016929287668
15433,0.9015129388398855,0.5929787749088911,0.6531164958789599
15434,0.9015713534669081,0.5931042477965686,0.6532312659480289
15435,0.9016297680939307,0.593230011829141,0.6533460031500983
15436,0.9016881827209533,0.593355916222768,0.6534607074992842
15437,0.9017465973479759,0.593482258548008,0.6535753790096949
15438,0.9018050119749985,0.5936086122311073,0.6536900176954304
15439,0.9018634266020211,0.5937349489112482,0.653804623570583
15440,0.9019218412290437,0.593861308201808,0.6539191966492365
15441,0.9019802558560663,0.5939878554988425,0.6540337369454668
15442,0.902038670483089,0.5941145653394294,0.654148244473342
15443,0.9020970851101116,0.5942415537322605,0.6542627192469218
15444,0.9021554997371342,0.5943685142256477,0.6543771612802579
15445,0.9022139143641568,0.5944954468287842,0.6544915705873943
15446,0.9022723289911794,0.5946223515508593,0.6546059471823664
15447,0.902330743618202,0.5947492284010581,0.6547202910792022
15448,0.9023891582452246,0.5948760773885619,0.6548346022919211
15449,0.9024475728722472,0.5950028985225477,0.654948880834535
15450,0.9025059874992698,0.5951296624763205,0.6550631267210474
15451,0.9025644021262924,0.5952563858565155,0.6551777875899327
15452,0.902622816753315,0.5953830814291676,0.6552924067726187
15453,0.9026812313803376,0.595509749203429,0.6554069842918343
15454,0.9027396460073602,0.5956363891884474,0.6555215201702923
15455,0.9027980606343828,0.5957630013933667,0.6556360144306885
15456,0.9028564752614054,0.5958895858273269,0.6557504670957027
15457,0.902914889888428,0.5960162152116633,0.6558648781879978
15458,0.9029733045154507,0.5961429587779505,0.6559792477302205
15459,0.9030317191424733,0.5962696942913888,0.6560935757450009
15460,0.9030901337694959,0.5963968116889703,0.6562078622549528
15461,0.9031485483965185,0.5965239694666371,0.6563221072826735
15462,0.9032069630235411,0.5966511556908454,0.6564367086146787
15463,0.9032653776505637,0.596778310118773,0.6565512594588991
15464,0.9033237922775863,0.5969055302422729,0.6566657598486909
15465,0.9033822069046089,0.5970328234619523,0.6567802098173812
15466,0.9034406215316315,0.5971601524810087,0.6568946093982675
15467,0.9034990361586541,0.5972875577202781,0.6570089586246181
15468,0.9035574507856767,0.5974149672873558,0.6571232575296722
15469,0.9036158654126993,0.5975424130111262,0.6572375061466394
15470,0.9036742800397219,0.5976700209965855,0.6573520660301689
15471,0.9037326946667446,0.5977978478970787,0.6574672805338575
15472,0.9037911092937672,0.5979256714979041,0.6575824175824175
15473,0.9038495239207898,0.5980534717962641,0.6576974772539289
15474,0.9039079385478124,0.5981812487985301,0.6578128027905175
15475,0.903966353174835,0.5983090025110714,0.6579283804899466
15476,0.9040247678018576,0.5984367329402549,0.6580445304937077
15477,0.9040831824288802,0.598564440092445,0.6581657675331045
15478,0.9041415970559028,0.5986921239740043,0.6582869826685078
15479,0.9042000116829254,0.5988197845912924,0.6584081759058532
15480,0.904258426309948,0.5989474219506671,0.6585293472510741
15481,0.9043168409369706,0.5990750360584836,0.6586504967101019
15482,0.9043752555639932,0.5992026269210949,0.6587716242888657
15483,0.9044336701910158,0.5993302250423391,0.6588927299932924
15484,0.9044920848180384,0.5994578870298258,0.659013813829307
15485,0.904550499445061,0.5995856279364092,0.6591348758028321
15486,0.9046089140720837,0.5997135603799693,0.6592559159197885
15487,0.9046673286991063,0.5998414561517753,0.6593769341860944
15488,0.9047257433261289,0.5999693940307067,0.6594979306076664
15489,0.9047841579531515,0.6000973158985269,0.6596189051904184
15490,0.9048425725801741,0.6002252018336722,0.6597398579402627
15491,0.9049009872071967,0.6003532633046766,0.6598607888631091
15492,0.9049594018342193,0.600481241507071,0.6599816979648653
15493,0.9050178164612419,0.6006093097462878,0.660102585251437
15494,0.9050762310882645,0.600737339583205,0.6602234507287277
15495,0.9051346457152871,0.6008653310350929,0.6603442944026389
15496,0.9051930603423097,0.6009932841192116,0.6604651162790698
15497,0.9052514749693323,0.6011212497717006,0.6605859163639174
15498,0.9053098895963549,0.6012495538771566,0.660706694663077
15499,0.9053683042233776,0.6013778729547696,0.6608274511824411
15500,0.9054267188504002,0.6015065631501981,0.6609481859279007
15501,0.9054851334774228,0.6016352112929819,0.6610688989053445
15502,0.9055435481044454,0.6017638814367202,0.6611895901206588
15503,0.905601962731468,0.6018925360605558,0.6613102595797281
15504,0.9056603773584906,0.6020211970122001,0.6614309072884346
15505,0.9057187919855132,0.6021499048099482,0.6615515332526584
15506,0.9057772066125358,0.6022788536823159,0.6616721374782777
15507,0.9058356212395584,0.6024077682506367,0.6617927199711682
15508,0.905894035866581,0.6025367535897901,0.6619132807372038
15509,0.9059524504936036,0.6026657126123076,0.6620338197822562
15510,0.9060108651206262,0.6027948624981528,0.6621543371121948
15511,0.9060692797476488,0.6029240682674184,0.6622748327328873
15512,0.9061276943746714,0.6030532432341944,0.6623953066501987
15513,0.906186109001694,0.6031824505042801,0.6625157588699926
15514,0.9062445236287167,0.6033116881283539,0.6626361893981297
15515,0.9063029382557393,0.6034409079454863,0.6627565982404692
15516,0.9063613528827619,0.6035701485093607,0.662876985402868
15517,0.9064197675097845,0.603699413767407,0.6629973508911808
15518,0.9064781821368071,0.6038290295141463,0.6631176947112603
15519,0.9065365967638297,0.6039586211991863,0.663238016868957
15520,0.9065950113908523,0.6040881888292265,0.6633583173701194
15521,0.9066534260178749,0.6042177324109642,0.6634785962205939
15522,0.9067118406448975,0.6043473438898125,0.6635988534262247
15523,0.9067702552719201,0.6044772203400851,0.6637190889928538
15524,0.9068286698989427,0.6046071102770431,0.6638393029263214
15525,0.9068870845259653,0.6047370481073577,0.6639594952324654
15526,0.9069454991529879,0.6048671950072815,0.6640796659171218
15527,0.9070039137800106,0.604997317287633,0.6641998149861239
15528,0.9070623284070332,0.6051274311128689,0.6643199424453038
15529,0.9071207430340558,0.605257577187316,0.6644400483004907
15530,0.9071791576610784,0.6053880076893957,0.6645601325575122
15531,0.907237572288101,0.605518433835044,0.6646801952221937
15532,0.9072959869151236,0.6056488305178802,0.6648002363003583
15533,0.9073544015421462,0.6057792196602858,0.6649202557978272
15534,0.9074128161691688,0.6059098381605851,0.6650402537204196
15535,0.9074712307961914,0.6060404755573868,0.6651602300739523
15536,0.907529645423214,0.6061714454833746,0.6652801848642403
15537,0.9075880600502366,0.6063024907788509,0.6654001180970963
15538,0.9076464746772592,0.6064339799932149,0.6655200739295616
15539,0.9077048893042818,0.6065657402974736,0.6656399989733323
15540,0.9077633039313044,0.6066978074004804,0.6657598932402607
15541,0.907821718558327,0.6068298494717118,0.6658797567421929
15542,0.9078801331853497,0.6069618665182838,0.6659995894909688
15543,0.9079385478123723,0.6070938585473097,0.6661193914984223
15544,0.9079969624393949,0.6072258255659001,0.6662391627763813
15545,0.9080553770664175,0.6073577675811631,0.6663589033366675
15546,0.9081137916934401,0.6074896846002039,0.6664786131910965
15547,0.9081722063204627,0.6076215766301251,0.6665982923514782
15548,0.9082306209474853,0.6077534436780265,0.6667179171791718
15549,0.9082890355745079,0.6078852857510054,0.6668374470047264
15550,0.9083474502015305,0.6080171028561563,0.6669569003047453
15551,0.9084058648285531,0.6081488950005709,0.6670762928827445
15552,0.9084642794555757,0.6082806621913385,0.6671956182334724
15553,0.9085226940825983,0.6084124044355455,0.6673149261751836
15554,0.9085811087096209,0.6085441217402755,0.667434185278993
15555,0.9086395233366436,0.6086758141126097,0.6675533955748817
15556,0.908697937963666,0.6088074815596266,0.6676725570928062
15557,0.9087563525906887,0.6089391240884019,0.6677916698626984
15558,0.9088147672177113,0.6090707417060085,0.6679107339144661
15559,0.9088731818447339,0.6092023344195169,0.6680297492779922
15560,0.9089315964717565,0.6093339022359947,0.6681487159831353
15561,0.9089900110987791,0.609465445162507,0.6682676340597297
15562,0.9090484257258017,0.6095969632061161,0.6683865694325598
15563,0.9091068403528243,0.6097284563738817,0.6685054653182143
15564,0.9091652549798469,0.6098599246728609,0.6686243217363549
15565,0.9092236696068695,0.6099913681101079,0.6687431387066303
15566,0.9092820842338921,0.6101229218193165,0.6688619162486759
15567,0.9093404988609147,0.6102545712647924,0.6689806543821142
15568,0.9093989134879373,0.6103862224628959,0.669099353126555
15569,0.9094573281149599,0.61051784344026,0.6692180125015946
15570,0.9095157427419825,0.6106494230135334,0.6693366325268165
15571,0.9095741573690052,0.6107809741816348,0.6694552132217915
15572,0.9096325719960278,0.6109126471548456,0.6695737546060768
15573,0.9096909866230504,0.6110443503619228,0.6696922566992173
15574,0.909749401250073,0.6111762544230199,0.6698107195207443
15575,0.9098078158770956,0.6113081300181744,0.6699291430901769
15576,0.9098662305041182,0.6114399771566003,0.6700475274270206
15577,0.9099246451311408,0.6115720186380105,0.6701658725507682
15578,0.9099830597581634,0.611704307995982,0.6702841784808998
15579,0.910041474385186,0.6118368028940199,0.6704024452368823
15580,0.9100998890122086,0.6119692656441127,0.67052067283817
15581,0.9101583036392312,0.6121019782146011,0.6706388613042039
15582,0.9102167182662538,0.6122350989158285,0.6707570106544126
15583,0.9102751328932764,0.6123681837454718,0.6708751209082116
15584,0.910333547520299,0.6125012321868467,0.6709931920850035
15585,0.9103919621473217,0.6126341880088728,0.6711112242041782
15586,0.9104503767743443,0.6127671080336473,0.6712293914105435
15587,0.9105087914013669,0.6128999922756256,0.6713475285558015
15588,0.9105672060283895,0.6130328447282669,0.6714656356514219
15589,0.9106256206554121,0.6131656242423017,0.6715837127088685
15590,0.9106840352824347,0.6132986921967918,0.6717017597395992
15591,0.9107424499094573,0.6134317600215504,0.6718197767550662
15592,0.9108008645364799,0.6135648610010169,0.6719377637667158
15593,0.9108592791635025,0.6136979825309019,0.6720557207859884
15594,0.9109176937905251,0.6138312470042616,0.6721736478243189
15595,0.9109761084175477,0.6139644720817031,0.6722915448931358
15596,0.9110345230445703,0.6140979328020063,0.6724094120038624
15597,0.9110929376715929,0.6142316950347715,0.6725272491679158
15598,0.9111513522986155,0.6143654994245682,0.6726450563967077
15599,0.9112097669256382,0.6144992606911301,0.6727628337016435
15600,0.9112681815526608,0.6146330286838215,0.6728805810941231
15601,0.9113265961796834,0.6147669479736299,0.6729982985855405
15602,0.911385010806706,0.614900841374785,0.6731159861872842
15603,0.9114434254337286,0.6150350450911347,0.6732336439107365
15604,0.9115018400607512,0.615169280568868,0.6733512717672742
15605,0.9115602546877738,0.6153034895434825,0.6734688697682683
15606,0.9116186693147964,0.6154376470838775,0.6735864379250838
15607,0.911677083941819,0.6155717507723769,0.6737039762490802
15608,0.9117354985688416,0.6157058968258945,0.6738214847516111
15609,0.9117939131958642,0.6158401127138856,0.6739389634440245
15610,0.9118523278228868,0.6159743860305897,0.6740564123376623
15611,0.9119107424499094,0.6161086746810615,0.6741738314438611
15612,0.911969157076932,0.6162429392579276,0.6742912207739514
15613,0.9120275717039547,0.6163775288445327,0.6744085803392581
15614,0.9120859863309773,0.6165122564034585,0.6745259101511003
15615,0.9121444009579999,0.6166471451655353,0.6746432102207914
15616,0.9122028155850225,0.6167820050150886,0.6747604805596391
15617,0.9122612302120451,0.6169170447757293,0.6748777211789453
15618,0.9123196448390677,0.6170520838205346,0.674994932090006
15619,0.9123780594660903,0.6171876910848646,0.6751121133041121
15620,0.9124364740931129,0.6173232402547111,0.675229264832548
15621,0.9124948887201355,0.6174589159433624,0.6753463866865929
15622,0.9125533033471581,0.6175945677049427,0.67546347887752
15623,0.9126117179741807,0.6177301889684781,0.6755805414165971
15624,0.9126701326012033,0.6178658186562026,0.6756975743150858
15625,0.9127285472282259,0.618001421730299,0.6758175722689607
15626,0.9127869618552485,0.6181369981985998,0.6759391556134383
15627,0.9128453764822712,0.6182725480689344,0.6760613222451121
15628,0.9129037911092938,0.6184080713491292,0.676184099149748
15629,0.9129622057363164,0.6185435680470075,0.6763075135456004
15630,0.913020620363339,0.6186790381703895,0.676431223010682
15631,0.9130790349903616,0.6188146655133344,0.676554866887994
15632,0.9131374496173842,0.6189504156285903,0.676678445229682
15633,0.9131958642444068,0.6190861144478458,0.6768019580878364
15634,0.9132542788714294,0.6192218257924926,0.6769257937158643
15635,0.913312693498452,0.6193577440217092,0.6770495731238256
15636,0.9133711081254746,0.619493650942266,0.6771732963499969
15637,0.9134295227524972,0.6196295276023028,0.6772969634326195
15638,0.9134879373795198,0.6197653740119249,0.6774205744099003
15639,0.9135463520065424,0.61990170051742,0.6775441293200116
15640,0.913604766633565,0.6200379864687435,0.6776676282010908
15641,0.9136631812605877,0.6201743356569511,0.6777910710912411
15642,0.9137215958876103,0.6203107892964475,0.6779148829010325
15643,0.9137800105146329,0.6204474287648809,0.678038647951155
15644,0.9138384251416555,0.6205840458690822,0.6781623662680931
15645,0.9138968397686781,0.6207207093439502,0.6782860378783112
15646,0.9139552543957007,0.6208574888360043,0.6784096628082537
15647,0.9140136690227233,0.6209942306211843,0.6785332410843449
15648,0.9140720836497459,0.621131007257938,0.6786567727329895
15649,0.9141304982767685,0.6212677976496205,0.6787802577805722
15650,0.9141889129037911,0.6214046684457953,0.6789036962534574
15651,0.9142473275308137,0.6215416190649014,0.6790270881779901
15652,0.9143057421578363,0.6216785330864617,0.6791504335804952
15653,0.9143641567848589,0.6218154334014274,0.6792737324872777
15654,0.9144225714118815,0.6219524354192015,0.6793969849246231
15655,0.9144809860389042,0.6220896515594397,0.6795206752750842
15656,0.9145394006659268,0.6222272246980819,0.6796443283432131
15657,0.9145978152929494,0.6223647559200882,0.6797679441458637
15658,0.914656229919972,0.6225023033095977,0.6798915226998795
15659,0.9147146445469946,0.6226398447887671,0.6800150640220939
15660,0.9147730591740172,0.6227776923297149,0.6801385681293303
15661,0.9148314738010398,0.6229155290927635,0.6802620350384017
15662,0.9148898884280624,0.6230533975203314,0.6803854647661112
15663,0.914948303055085,0.6231912170360183,0.6805088573292518
15664,0.9150067176821076,0.6233290168913952,0.6806322127446062
15665,0.9150651323091302,0.6234669561232863,0.6807555310289469
15666,0.9151235469361528,0.6236048725961788,0.6808788121990369
15667,0.9151819615631754,0.6237430075922612,0.6810020562716285
15668,0.915240376190198,0.6238811095274501,0.681125263263464
15669,0.9152987908172207,0.6240191784136133,0.681248433191276
15670,0.9153572054442433,0.6241572142626126,0.6813715660717866
15671,0.9154156200712659,0.6242952170863045,0.6814946619217082
15672,0.9154740346982885,0.6244331868965395,0.6816177207577429
15673,0.9155324493253111,0.6245711237051624,0.6817407425965827
15674,0.9155908639523337,0.6247090275240128,0.6818637274549099
15675,0.9156492785793563,0.6248468983649241,0.6819866753493964
15676,0.9157076932063789,0.6249847362397244,0.6821095862967044
15677,0.9157661078334015,0.6251225411602359,0.6822324603134859
15678,0.9158245224604241,0.6252603131382753,0.6823552974163829
15679,0.9158829370874467,0.6253980521856537,0.6824780976220275
15680,0.9159413517144693,0.6255357583141764,0.6826008609470418
15681,0.9159997663414919,0.6256736740647026,0.6827235874080376
15682,0.9160581809685145,0.6258117938488711,0.6828462770216173
15683,0.9161165955955372,0.6259498574258212,0.6829689298043728
15684,0.9161750102225598,0.6260879418112313,0.6830915457728864
15685,0.9162334248495824,0.6262259895588783,0.6832147457139641
15686,0.916291839476605,0.626364000683342,0.68333791792743
15687,0.9163502541036276,0.626501975199194,0.6834610624226437
15688,0.9164086687306502,0.6266400393282966,0.6835841792089604
15689,0.9164670833576728,0.626778324673878,0.6837072682957315
15690,0.9165254979846954,0.6269166337296749,0.6838303296923038
15691,0.916583912611718,0.6270549019248273,0.6839533634080202
15692,0.9166423272387406,0.6271931844162363,0.6840763694522191
15693,0.9167007418657632,0.62733152682518,0.684199347834235
15694,0.9167591564927858,0.6274698386843076,0.6843222985633979
15695,0.9168175711198084,0.6276084329871948,0.6844452216490339
15696,0.916875985746831,0.6277470012574327,0.6845681171004646
15697,0.9169344003738537,0.6278856176026628,0.6846909849270078
15698,0.9169928150008763,0.628024612380079,0.6848138251379767
15699,0.9170512296278989,0.6281635853001216,0.6849366377426805
15700,0.9171096442549215,0.6283027076895539,0.6850594227504244
15701,0.9171680588819441,0.6284418324501888,0.6851821801705091
15702,0.9172264735089667,0.6285810003813719,0.6853049100122314
15703,0.9172848881359893,0.6287201400735075,0.6854276122848835
15704,0.9173433027630119,0.6288592515351901,0.6855502869977539
15705,0.9174017173900345,0.62899833477501,0.6856729341601268
15706,0.9174601320170571,0.6291373898015549,0.685795553781282
15707,0.9175185466440797,0.6292764166234084,0.6859181458704954
15708,0.9175769612711023,0.6294155500529681,0.6860407104370385
15709,0.9176353758981249,0.6295546770861652,0.686163247490179
15710,0.9176937905251475,0.629693769594979,0.6862857570391799
15711,0.9177522051521702,0.62983282270581,0.6864082390933007
15712,0.9178106197791928,0.6299719550661161,0.6865306936617962
15713,0.9178690344062154,0.6301113106325639,0.6866531207539173
15714,0.917927449033238,0.6302506835040397,0.6867755203789107
15715,0.9179858636602606,0.6303901567911298,0.6868978925460187
15716,0.9180442782872832,0.6305295590281994,0.6870202372644801
15717,0.9181026929143058,0.6306689397675594,0.6871425545435289
15718,0.9181611075413284,0.6308082914859529,0.6872648443923953
15719,0.918219522168351,0.6309477444155468,0.6873871068203052
15720,0.9182779367953735,0.6310871384573464,0.6875093418364805
15721,0.9183363514223961,0.6312264985218743,0.6876315494501388
15722,0.9183947660494187,0.6313660788049602,0.6877537296704939
15723,0.9184531806764413,0.6315056306236305,0.687875882506755
15724,0.9185115953034639,0.6316451517754504,0.6879980079681275
15725,0.9185700099304865,0.6317849868887399,0.6881201060638126
15726,0.9186284245575091,0.631924914165415,0.6882421768030073
15727,0.9186868391845318,0.6320649647300098,0.6883642201949046
15728,0.9187452538115544,0.6322052708091633,0.6884862362486933
15729,0.918803668438577,0.6323456281568859,0.6886082249735581
15730,0.9188620830655996,0.6324861365375154,0.6887301863786797
15731,0.9189204976926222,0.6326266018975335,0.6888521204732344
15732,0.9189789123196448,0.6327670384044752,0.6889740272663947
15733,0.9190373269466674,0.6329077684018427,0.6890959067673288
15734,0.91909574157369,0.6330487420328701,0.6892177589852009
15735,0.9191541562007126,0.6331896865926833,0.6893395839291709
15736,0.9192125708277352,0.6333306020902739,0.6894613816083951
15737,0.9192709854547578,0.6334715492169002,0.689583152032025
15738,0.9193294000817804,0.6336127073590359,0.6897048772910842
15739,0.919387814708803,0.6337539297117333,0.6898265493762735
15740,0.9194462293358256,0.63389511925101,0.6899481942529164
15741,0.9195046439628483,0.6340364456549893,0.6900698119301384
15742,0.9195630585898709,0.6341781085801432,0.690191402417061
15743,0.9196214732168935,0.6343197532439028,0.6903129657228018
15744,0.9196798878439161,0.6344614306030327,0.690434501856474
15745,0.9197383024709387,0.6346032325494956,0.6905560108271872
15746,0.9197967170979613,0.6347450472078323,0.6906774926440463
15747,0.9198551317249839,0.6348872767136454,0.6908003325928592
15748,0.9199135463520065,0.6350295073420864,0.6909230750145762
15749,0.9199719609790291,0.6351717519158858,0.6910475340104418
15750,0.9200303756060517,0.6353139641090122,0.6911746472586604
15751,0.9200887902330743,0.6354561876255526,0.6913017069330987
15752,0.9201472048600969,0.6355984019214176,0.6914287130676184
15753,0.9202056194871195,0.6357407294655119,0.6915556656960535
15754,0.9202640341141421,0.6358830217142327,0.6916825648522088
15755,0.9203224487411648,0.636025462463724,0.6918103448275862
15756,0.9203808633681874,0.6361682516363961,0.691938080495356
15757,0.92043927799521,0.6363109903685836,0.6920657718785598
15758,0.9204976926222326,0.6364540716741083,0.6921934190002228
15759,0.9205561072492552,0.6365971089155326,0.6923210218833548
15760,0.9206145218762778,0.6367401196280887,0.6924485805509492
15761,0.9206729365033004,0.6368831003422943,0.6925760950259837
15762,0.920731351130323,0.6370260510675874,0.69270356533142
15763,0.9207897657573456,0.6371689718134016,0.6928309914902039
15764,0.9208481803843682,0.637311862589167,0.6929583735252652
15765,0.9209065950113908,0.6374547234043095,0.6930857114595182
15766,0.9209650096384134,0.6375975313001673,0.693213005315861
15767,0.921023424265436,0.637740306597056,0.6933402551171759
15768,0.9210818388924586,0.6378830467557036,0.6934674608863294
15769,0.9211402535194813,0.6380257457551133,0.6935946226461721
15770,0.9211986681465039,0.6381684148586007,0.6937227431649432
15771,0.9212570827735265,0.6383110540755595,0.6938508288657756
15772,0.9213154974005491,0.6384536634153799,0.6939788797628605
15773,0.9213739120275717,0.6385962428874481,0.6941068958703813
15774,0.9214323266545943,0.6387387925011461,0.694234877202514
15775,0.9214907412816169,0.638881312265852,0.6943628237734265
15776,0.9215491559086395,0.6390238021909403,0.6944907355972794
15777,0.9216075705356621,0.6391662622857816,0.6946186126882251
15778,0.9216659851626847,0.6393086925597419,0.694746455060409
15779,0.9217243997897073,0.639451093022184,0.6948742627279683
15780,0.9217828144167299,0.6395934636824664,0.6950020357050325
15781,0.9218412290437525,0.6397358045499438,0.6951297740057238
15782,0.9218996436707751,0.6398781156339672,0.6952574776441567
15783,0.9219580582977978,0.6400203969438832,0.6953851466344375
15784,0.9220164729248204,0.6401626459276626,0.6955127809906655
15785,0.922074887551843,0.6403048350010634,0.695640380726932
15786,0.9221333021788656,0.6404469943420573,0.6957678802439475
15787,0.9221917168058882,0.6405891239599691,0.6958953385237016
15788,0.9222501314329108,0.6407312238641196,0.6960227622648947
15789,0.9223085460599334,0.640873294063826,0.6961501514815636
15790,0.922366960686956,0.6410153345684013,0.6962775061877378
15791,0.9224253753139786,0.6411573957094946,0.6964048263974391
15792,0.9224837899410012,0.6412997009507253,0.6965321121246815
15793,0.9225422045680238,0.6414419727427211,0.6966593633834716
15794,0.9226006191950464,0.641584211097274,0.6967865801878085
15795,0.922659033822069,0.6417264385764407,0.6969137625516834
15796,0.9227174484490916,0.6418687651928321,0.6970409104890802
15797,0.9227758630761143,0.6420110886944961,0.6971680240139754
15798,0.9228342777031369,0.6421535044936352,0.6972951031403373
15799,0.9228926923301595,0.6422959683855824,0.6974221478821272
15800,0.9229511069571821,0.6424386247870656,0.6975491582532988
15801,0.9230095215842047,0.6425812402498291,0.6976761342677978
15802,0.9230679362112273,0.642723814791493,0.697803075939563
15803,0.9231263508382499,0.642866347869488,0.6979299832825253
15804,0.9231847654652725,0.6430088319521032,0.698056856310608
15805,0.9232431800922951,0.643151428443836,0.698183695037727
15806,0.9233015947193177,0.6432941079279448,0.6983104994777908
15807,0.9233600093463403,0.6434367606856856,0.6984372696447
15808,0.9234184239733629,0.6435794289055539,0.6985640055523481
15809,0.9234768386003855,0.6437222180642888,0.6986907072146209
15810,0.9235352532274081,0.643864972555087,0.6988173746453966
15811,0.9235936678544308,0.6440077559233189,0.6989451969006717
15812,0.9236520824814534,0.6441506916322297,0.6990729940450611
15813,0.923710497108476,0.6442936528266541,0.6992007660859637
15814,0.9237689117354986,0.6444367744985171,0.6993285130307755
15815,0.9238273263625212,0.6445799494035338,0.6994562348868895
15816,0.9238857409895438,0.6447236110876106,0.699583931661696
15817,0.9239441556165664,0.644867473042469,0.6997116033625821
15818,0.924002570243589,0.6450112970525259,0.6998392499969323
15819,0.9240609848706116,0.6451550537423313,0.699966871572128
15820,0.9241193994976342,0.6452989005232466,0.700094444921439
15821,0.9241778141246568,0.6454427167623648,0.7002219306742523
15822,0.9242362287516794,0.6455865024694117,0.7003494145773309
15823,0.924294643378702,0.6457305077151908,0.7004768734752921
15824,0.9243530580057246,0.6458745340016961,0.7006043073754918
15825,0.9244114726327473,0.6460187844873622,0.7007317162852835
15826,0.9244698872597699,0.6461630042432521,0.7008591002120176
15827,0.9245283018867925,0.6463072682918233,0.7009864591630415
15828,0.9245867165138151,0.6464514923740184,0.7011137931456999
15829,0.9246451311408377,0.6465960934694619,0.7012411021673344
15830,0.9247035457678603,0.6467406460115218,0.7013683862352841
15831,0.9247619603948829,0.6468851114872248,0.7014956453568848
15832,0.9248203750219055,0.6470308861942903,0.7016228795394697
15833,0.9248787896489281,0.6471766068667296,0.701750088790369
15834,0.9249372042759507,0.6473223670081748,0.7018772731169102
15835,0.9249956189029733,0.6474682119588598,0.7020044325264176
15836,0.9250540335299959,0.6476139994680894,0.702131567026213
15837,0.9251124481570185,0.64776006340598,0.7022586766236151
15838,0.9251708627840411,0.6479060957961174,0.7023857613259398
15839,0.9252292774110638,0.648052096648721,0.7025128211405001
15840,0.9252876920380864,0.6481980659740064,0.7026398560746062
15841,0.925346106665109,0.6483440037821843,0.7027668661355654
15842,0.9254045212921316,0.6484899100834612,0.7028938513306822
15843,0.9254629359191542,0.6486357848880393,0.703020811667258
15844,0.9255213505461768,0.6487816282061162,0.7031477471525918
15845,0.9255797651731994,0.6489276697566455,0.7032746577939791
15846,0.925638179800222,0.6490739037951583,0.7034015435987132
15847,0.9256965944272446,0.6492202191042752,0.7035284045740843
15848,0.9257550090542672,0.6493664674362931,0.7036552407273795
15849,0.9258134236812898,0.6495126951460782,0.7037820520658833
15850,0.9258718383083124,0.6496589372407948,0.7039088385968774
15851,0.925930252935335,0.6498051364630772,0.7040356003276403
15852,0.9259886675623576,0.6499512928317754,0.7041623372654483
15853,0.9260470821893803,0.6500973979701729,0.7042890494175742
15854,0.9261054968164029,0.6502434393179264,0.7044157367912883
15855,0.9261639114434255,0.6503896213916905,0.7045423993938579
15856,0.9262223260704481,0.6505358820551851,0.7046690372325476
15857,0.9262807406974707,0.6506821974696319,0.7047956503146191
15858,0.9263391553244933,0.6508284624887453,0.7049222386473312
15859,0.9263975699515159,0.6509748253357177,0.70504880223794
15860,0.9264559845785385,0.6511214513590654,0.7051753410936985
15861,0.9265143992055611,0.6512687659184269,0.7053018552218572
15862,0.9265728138325837,0.6514161879902062,0.7054283446296635
15863,0.9266312284596063,0.6515635778377863,0.7055548093243623
15864,0.9266896430866289,0.6517115155562483,0.7056812493131952
15865,0.9267480577136515,0.6518594208176106,0.7058076646034014
15866,0.9268064723406741,0.6520072936325535,0.7059340444748212
15867,0.9268648869676968,0.6521551340117525,0.7060603841741719
15868,0.9269233015947194,0.6523032199301002,0.7061866992068334
15869,0.926981716221742,0.6524512676436154,0.7063129895800287
15870,0.9270401308487646,0.6525992771670809,0.7064392553009785
15871,0.9270985454757872,0.6527472485152719,0.7065668146558033
15872,0.9271569601028098,0.6528953592778974,0.7066957698733035
15873,0.9272153747298324,0.6530434996935949,0.706824665350011
15874,0.927273789356855,0.6531918785701244,0.70695350112743
15875,0.9273322039838776,0.6533402128618252,0.7070822772470267
15876,0.9273906186109002,0.6534885067890756,0.7072124756335283
15877,0.9274490332379228,0.6536367887818336,0.7073426232703177
15878,0.9275074478649454,0.6537852176963478,0.7074727201870615
15879,0.927565862491968,0.6539336461578713,0.7076027664134035
15880,0.9276242771189906,0.6540821921382012,0.7077327619789637
15881,0.9276826917460133,0.6542308713491161,0.7078627069133399
15882,0.9277411063730359,0.6543798521607442,0.7079941099874655
15883,0.9277995210000585,0.654528893726121,0.7081254714914949
15884,0.9278579356270811,0.6546784654328277,0.7082567914451514
15885,0.9279163502541036,0.6548283911328598,0.7083880698681457
15886,0.9279747648811262,0.65497836364873,0.7085193067801764
15887,0.9280331795081488,0.6551283027276051,0.708650502200929
15888,0.9280915941351714,0.6552782083806663,0.7087816561500772
15889,0.928150008762194,0.6554280806190897,0.7089127686472819
15890,0.9282084233892166,0.6555779907455793,0.7090438397121918
15891,0.9282668380162392,0.6557278943606842,0.7091748693644429
15892,0.9283252526432618,0.6558777921527417,0.7093058576236589
15893,0.9283836672702844,0.6560277425569518,0.7094368045094513
15894,0.928442081897307,0.6561776941712858,0.7095677100414192
15895,0.9285004965243296,0.6563278737622888,0.709698574239149
15896,0.9285589111513523,0.6564781184719761,0.7098293971222148
15897,0.9286173257783749,0.6566284068692659,0.7099601787101787
15898,0.9286757404053975,0.656778820354579,0.7100909190225901
15899,0.9287341550324201,0.6569291855312068,0.7102216180789863
15900,0.9287925696594427,0.6570795699694494,0.710352275898892
15901,0.9288509842864653,0.6572299043501517,0.71048289250182
15902,0.9289093989134879,0.6573802908725949,0.7106140914769489
15903,0.9289678135405105,0.6575306329026245,0.7107462071140109
15904,0.9290262281675331,0.6576809838850297,0.7108782907102235
15905,0.9290846427945557,0.6578313831461096,0.7110103422772409
15906,0.9291430574215783,0.6579817445502695,0.7111423618267121
15907,0.9292014720486009,0.6581323421704299,0.7112743493702801
15908,0.9292598866756235,0.6582829031190102,0.7114063049195826
15909,0.9293183013026461,0.6584335470730256,0.7115382284862514
15910,0.9293767159296688,0.6585842316429154,0.7116701200819125
15911,0.9294351305566914,0.6587349674064971,0.711801979718187
15912,0.929493545183714,0.6588858043843476,0.7119338074066895
15913,0.9295519598107366,0.6590368315266101,0.7120656031590296
15914,0.9296103744377592,0.6591879111086494,0.7121973669868107
15915,0.9296687890647818,0.6593389566517689,0.7123290989016312
15916,0.9297272036918044,0.6594899681674711,0.7124607989150835
15917,0.929785618318827,0.6596409456672532,0.7125924670387545
15918,0.9298440329458496,0.6597918891626071,0.7127241032842253
15919,0.9299024475728722,0.6599428280646855,0.7128557076630717
15920,0.9299608621998948,0.6600942423414342,0.7129872801868639
15921,0.9300192768269174,0.6602456224051754,0.713118820867166
15922,0.93007769145394,0.6603969682675036,0.7132503297155371
15923,0.9301361060809626,0.6605482799400085,0.7133818067435305
15924,0.9301945207079853,0.6606995574342742,0.7135132519626937
15925,0.9302529353350079,0.6608508379372415,0.7136446653845688
15926,0.9303113499620305,0.6610021547505632,0.7137760470206925
15927,0.9303697645890531,0.6611534315957659,0.7139073968825955
15928,0.9304281792160757,0.6613047370090765,0.7140387149818033
15929,0.9304865938430983,0.6614559986023827,0.7141700013298354
15930,0.9305450084701209,0.6616074749232855,0.7143012506797173
15931,0.9306034230971435,0.6617589859361979,0.7144324291669184
15932,0.9306618377241661,0.661910515501293,0.7145635759589248
15933,0.9307202523511887,0.6620619998552512,0.7146946910672223
15934,0.9307786669782113,0.6622136051540557,0.7148257745032912
15935,0.9308370816052339,0.6623651784514868,0.7149568262786063
15936,0.9308954962322565,0.6625177464862425,0.7150878464046369
15937,0.9309539108592791,0.6626704172810871,0.7152188348928463
15938,0.9310123254863018,0.6628232896354316,0.715349791754693
15939,0.9310707401133244,0.6629764535462379,0.7154807170016295
15940,0.931129154740347,0.6631298124990542,0.7156116106451029
15941,0.9311875693673696,0.6632831362748219,0.7157424726965547
15942,0.9312459839943922,0.6634364188729915,0.7158733031674208
15943,0.9313043986214148,0.663589659186025,0.7160041020691319
15944,0.9313628132484374,0.6637428643643266,0.716134869413113
15945,0.93142122787546,0.6638960344199785,0.7162656052107834
15946,0.9314796425024826,0.6640491608146176,0.7163963094735573
15947,0.9315380571295052,0.6642022446132211,0.7165269822128429
15948,0.9315964717565278,0.6643552933327427,0.7166576234400434
15949,0.9316548863835504,0.6645083069852388,0.7167892009159937
15950,0.931713301010573,0.6646612855827597,0.7169206674296729
15951,0.9317717156375956,0.6648142291373509,0.7170524895815769
15952,0.9318301302646183,0.6649671376610516,0.7171842450660469
15953,0.9318885448916409,0.6651200111658963,0.7173159339336447
15954,0.9319469595186635,0.6652728496639132,0.7174475562348807
15955,0.9320053741456861,0.6654256468685216,0.7175809498598192
15956,0.9320637887727087,0.6655784087095922,0.7177142857142857
15957,0.9321222033997313,0.6657311355829456,0.7178476112620519
15958,0.9321806180267539,0.665883827500587,0.7179819975724363
15959,0.9322390326537765,0.6660364844745157,0.71811693461178
15960,0.9322974472807991,0.6661891101592866,0.7182518230199061
15961,0.9323558619078217,0.6663417002482639,0.7183866628230998
15962,0.9324142765348443,0.666494251551383,0.7185214540476276
15963,0.9324726911618669,0.666646764209886,0.7186561967197368
15964,0.9325311057888895,0.6667992168070122,0.7187908908656558
15965,0.9325895204159121,0.6669515950672336,0.7189255365115944
15966,0.9326479350429348,0.6671039275637397,0.7190601336837431
15967,0.9327063496699574,0.667256209648945,0.7191946824082739
15968,0.93276476429698,0.6674084536649288,0.7193291827113398
15969,0.9328231789240026,0.6675606683248949,0.719463634619075
15970,0.9328815935510252,0.6677134638192732,0.7195980381575949
15971,0.9329400081780478,0.6678664005638637,0.7197323933529962
15972,0.9329984228050704,0.6680195779977366,0.7198667002313566
15973,0.933056837432093,0.668172809018182,0.7200009585315297
15974,0.9331152520591156,0.6683260906302111,0.7201350882025365
15975,0.9331736666861382,0.6684793593622063,0.7202691699794052
15976,0.9332320813131608,0.6686326122272555,0.7204041081132844
15977,0.9332904959401834,0.6687860854746661,0.7205396870963112
15978,0.933348910567206,0.6689395863851499,0.7206754688097972
15979,0.9334073251942286,0.6690931483148189,0.7208112115559382
15980,0.9334657398212513,0.6692467727371784,0.7209469153515065
15981,0.9335241544482739,0.6694010567095534,0.7210825802132644
15982,0.9335825690752965,0.6695553323805531,0.7212182061579652
15983,0.9336409837023191,0.6697095892805346,0.7213537932023519
15984,0.9336993983293417,0.6698638602619396,0.7214893413631583
15985,0.9337578129563643,0.6700180985176787,0.7216248506571087
15986,0.9338162275833869,0.6701723134090936,0.7217603211009175
15987,0.9338746422104095,0.670326577345595,0.7218957527112895
15988,0.9339330568374321,0.6704808054961038,0.7220311455049202
15989,0.9339914714644547,0.6706353481147093,0.7221664994984955
15990,0.9340498860914773,0.6707898323176461,0.7223018147086915
15991,0.9341083007184999,0.6709447394024055,0.7224370911521749
15992,0.9341667153455225,0.6710995660852078,0.722572328845603
15993,0.9342251299725451,0.6712545859166129,0.7227075278056232
15994,0.9342835445995678,0.6714095823152244,0.7228426880488736
15995,0.9343419592265904,0.6715646824403433,0.7229778095919828
15996,0.934400373853613,0.6717197733422796,0.7231128924515698
15997,0.9344587884806356,0.6718749697333346,0.723247936644244
15998,0.9345172031076582,0.6720307487770438,0.7233829421866056
15999,0.9345756177346808,0.6721865898374281,0.7235179090952449
16000,0.9346340323617034,0.6723426662397899,0.723652837386743
16001,0.934692446988726,0.6724987637088653,0.7237877270776713
16002,0.9347508616157486,0.6726548881412571,0.7239225781845919
16003,0.9348092762427712,0.6728110066887657,0.7240594425178458
16004,0.9348676908697938,0.6729672017522057,0.7241962774957699
16005,0.9349261054968164,0.6731233600552038,0.7243330831278074
16006,0.934984520123839,0.6732794816107357,0.7244698594233977
16007,0.9350429347508616,0.6734355664317713,0.724606606391976
16008,0.9351013493778843,0.673591614531274,0.7247433240429738
16009,0.9351597640049069,0.6737476259222015,0.7248800123858182
16010,0.9352181786319295,0.6739040491162677,0.7250166714299323
16011,0.9352765932589521,0.6740606771168257,0.7251533011847354
16012,0.9353350078859747,0.6742172894352001,0.7252899016596424
16013,0.9353934225129973,0.6743739672164365,0.7254264728640644
16014,0.9354518371400199,0.6745306950773688,0.7255630148074085
16015,0.9355102517670425,0.6746874809762398,0.7256995274990776
16016,0.9355686663940651,0.6748441846419646,0.7258360109484708
16017,0.9356270810210877,0.675000848704246,0.7259724651649829
16018,0.9356854956481103,0.675157441999806,0.726108890158005
16019,0.9357439102751329,0.675313995908389,0.7262452859369237
16020,0.9358023249021555,0.6754706053705483,0.7263816525111222
16021,0.9358607395291781,0.6756271816594964,0.7265179898899792
16022,0.9359191541562007,0.6757838665070033,0.7266542980828695
16023,0.9359775687832234,0.6759405113108546,0.7267905770991641
16024,0.936035983410246,0.6760971220059264,0.7269268269482295
16025,0.9360943980372686,0.6762536924352368,0.7270630476394289
16026,0.9361528126642912,0.6764102541800339,0.7271992391821208
16027,0.9362112272913138,0.6765668276455503,0.7273353770110026
16028,0.9362696419183364,0.6767233704111524,0.7274714049861627
16029,0.936328056545359,0.6768800315572268,0.7276073765333143
16030,0.9363864711723816,0.677036767410794,0.727743283511213
16031,0.9364448857994042,0.6771934913159959,0.727879125965841
16032,0.9365033004264268,0.6773502997901225,0.7280149039431372
16033,0.9365617150534494,0.6775071152754244,0.7281507320661589
16034,0.936620129680472,0.6776638717834469,0.7282865311836376
16035,0.9366785443074946,0.6778205693474552,0.7284223013048636
16036,0.9367369589345172,0.6779773925448973,0.7285580424391227
16037,0.9367953735615399,0.6781344097636475,0.7286937545956973
16038,0.9368537881885625,0.6782913797699054,0.7288294377838652
16039,0.9369122028155851,0.6784484501706193,0.7289650920129008
16040,0.9369706174426077,0.6786054772904865,0.7291007172920743
16041,0.9370290320696303,0.6787624611473934,0.7292377701934016
16042,0.9370874466966529,0.6789194725813534,0.7293752443691426
16043,0.9371458613236755,0.6790764359715439,0.7295126631760999
16044,0.9372042759506981,0.6792335154053528,0.7296500266477172
16045,0.9372626905777207,0.679390557484972,0.7297873348174111
16046,0.9373211052047433,0.6795483347633534,0.7299245877185713
16047,0.9373795198317659,0.6797061035675339,0.7300636731602244
16048,0.9374379344587885,0.6798649515928664,0.7302026763213005
16049,0.9374963490858111,0.6800240754799514,0.7303419966167058
16050,0.9375547637128336,0.6801836560868044,0.7304812707724697
16051,0.9376131783398562,0.6803431981128149,0.7306204988115088
16052,0.9376715929668789,0.6805029253567991,0.7307596807567248
16053,0.9377300075939015,0.68066259320518,0.730898816631004
16054,0.9377884222209241,0.6808222999314386,0.7310379064572178
16055,0.9378468368479467,0.6809824008961309,0.7311769502582224
16056,0.9379052514749693,0.6811426122553474,0.7313159480568586
16057,0.9379636661019919,0.6813030055421642,0.7314548998759525
16058,0.9380220807290145,0.6814633852900118,0.7315938057383149
16059,0.9380804953560371,0.6816237229959206,0.7317326656667414
16060,0.9381389099830597,0.6817841916041306,0.7318714796840129
16061,0.9381973246100823,0.6819448494999449,0.7320102478128948
16062,0.9382557392371049,0.6821054524316601,0.7321489700761377
16063,0.9383141538641275,0.6822662116602319,0.732287646496477
16064,0.9383725684911501,0.6824270143030532,0.7324262770966333
16065,0.9384309831181727,0.682587863793628,0.7325648618993121
16066,0.9384893977451954,0.6827488141314562,0.7327034009272039
16067,0.938547812372218,0.6829097691284414,0.7328435130258394
16068,0.9386062269992406,0.6830707850891607,0.7329842931937173
16069,0.9386646416262632,0.6832320393461051,0.7331250368448977
16070,0.9387230562532858,0.6833933039397709,0.7332657439935869
16071,0.9387814708803084,0.6835551334872518,0.7334064146539835
16072,0.938839885507331,0.6837171165191365,0.7335470488402791
16073,0.9388983001343536,0.6838792214937167,0.7336876465666576
16074,0.9389567147613762,0.6840413682993498,0.7338282078472959
16075,0.9390151293883988,0.6842034707804979,0.7339687326963631
16076,0.9390735440154214,0.6843658329214327,0.7341092211280215
16077,0.939131958642444,0.6845284620964633,0.7342496731564255
16078,0.9391903732694666,0.6846911534235841,0.7343900887957228
16079,0.9392487878964892,0.6848538696875741,0.734530468060053
16080,0.9393072025235119,0.6850168730455252,0.734670810963549
16081,0.9393656171505345,0.6851798160548233,0.7348111175203362
16082,0.9394240317775571,0.6853427104780753,0.7349513877445326
16083,0.9394824464045797,0.6855056733483197,0.7350916216502489
16084,0.9395408610316023,0.6856687076723755,0.7352318192515886
16085,0.9395992756586249,0.6858319354647624,0.7353719805626479
16086,0.9396576902856475,0.6859951227194189,0.7355121055975153
16087,0.9397161049126701,0.6861582694514445,0.7356521943702727
16088,0.9397745195396927,0.6863213756759312,0.7357922468949943
16089,0.9398329341667153,0.6864844414079636,0.735932263185747
16090,0.9398913487937379,0.6866474666626186,0.7360722432565906
16091,0.9399497634207605,0.6868104514549656,0.7362121871215773
16092,0.9400081780477831,0.6869733958000669,0.7363520947947524
16093,0.9400665926748057,0.6871362997129769,0.7364919662901539
16094,0.9401250073018284,0.6872991190739539,0.7366318016218122
16095,0.940183421928851,0.6874617487711331,0.7367716008037508
16096,0.9402418365558736,0.6876243217502005,0.736912562530825
16097,0.9403002511828962,0.6877868494095062,0.7370533827879243
16098,0.9403586658099188,0.6879493368181893,0.7371940774808176
16099,0.9404170804369414,0.6881117839912001,0.7373347565481566
16100,0.940475495063964,0.6882741909434819,0.7374753729242893
16101,0.9405339096909866,0.6884365576899701,0.7376159266511121
16102,0.9405923243180092,0.6885988842455933,0.737757565812607
16103,0.9406507389450318,0.6887611706252723,0.7378991153553225
16104,0.9407091535720544,0.6889234168439206,0.7380419629573224
16105,0.940767568199077,0.6890856229164443,0.7381847570188692
16106,0.9408259828260996,0.6892477888577422,0.7383274975700584
16107,0.9408843974531222,0.6894099146827057,0.7384701846409629
16108,0.9409428120801449,0.6895720004062188,0.738612818261633
16109,0.9410012267071675,0.6897340460431582,0.7387553984620967
16110,0.9410596413341901,0.689896129133517,0.7388979252723592
16111,0.9411180559612127,0.6900584679419018,0.7390403987224036
16112,0.9411764705882353,0.6902215063369073,0.7391838310116144
16113,0.9412348852152579,0.6903845010768193,0.7393271827972077
16114,0.9412932998422805,0.6905475546153796,0.7394720228213342
16115,0.9413517144693031,0.6907108546458313,0.7396168188247396
16116,0.9414101290963257,0.6908742060867531,0.7397615708274895
16117,0.9414685437233483,0.6910375565749424,0.7399062788496371
16118,0.9415269583503709,0.6912012362580762,0.7400509429112238
16119,0.9415853729773935,0.6913649650236451,0.7401955630322784
16120,0.9416437876044161,0.691529117497081,0.7403401392328178
16121,0.9417022022314387,0.6916932459755406,0.7404846715328467
16122,0.9417606168584614,0.6918578712076242,0.7406291599523576
16123,0.941819031485484,0.6920227143638192,0.7407736045113309
16124,0.9418774461125066,0.6921875123990223,0.7409180052297348
16125,0.9419358607395292,0.692352562491404,0.7410623621275255
16126,0.9419942753665518,0.6925179566452915,0.741206675224647
16127,0.9420526899935744,0.6926835150520139,0.7413509445410312
16128,0.942111104620597,0.6928490190556176,0.741495170096598
16129,0.9421695192476196,0.6930145985320305,0.7416393519112552
16130,0.9422279338746422,0.6931804378368052,0.7417834900048984
16131,0.9422863485016648,0.693346312576035,0.7419275843974112
16132,0.9423447631286874,0.6935122718783421,0.7420716351086653
16133,0.94240317775571,0.693678184858542,0.74221564215852
16134,0.9424615923827326,0.6938443861556872,0.7423596055668229
16135,0.9425200070097552,0.6940105451671461,0.7425042242032279
16136,0.9425784216367779,0.6941766619090544,0.742648772076984
16137,0.9426368362638005,0.6943427363975397,0.7427952379842975
16138,0.9426952508908231,0.6945087686487214,0.7429416697726425
16139,0.9427536655178457,0.6946747586787104,0.7430880674539398
16140,0.9428120801448683,0.6948409512166445,0.7432344310401043
16141,0.9428704947718909,0.6950074159593156,0.7433807605430455
16142,0.9429289093989135,0.6951739128523543,0.7435270559746671
16143,0.9429873240259361,0.6953405710338705,0.7436733173468675
16144,0.9430457386529587,0.6955075113843364,0.7438195446715397
16145,0.9431041532799813,0.6956744314583446,0.7439657379605707
16146,0.9431625679070039,0.6958414874501561,0.7441118972258425
16147,0.9432209825340265,0.6960086558831726,0.7442580224792311
16148,0.9432793971610491,0.6961763126249418,0.7444041137326074
16149,0.9433378117880717,0.6963439199443417,0.7445501709978364
16150,0.9433962264150944,0.6965114778632226,0.7446961942867777
16151,0.943454641042117,0.6966790749162712,0.7448421836112855
16152,0.9435130556691396,0.6968470786965252,0.7449881389832085
16153,0.9435714702961622,0.6970150391695143,0.7451340604143897
16154,0.9436298849231848,0.6971829563519817,0.7452799479166666
16155,0.9436882995502074,0.6973508587172187,0.7454258015018715
16156,0.94374671417723,0.6975186883011966,0.7455716211818308
16157,0.9438051288042526,0.6976865027532495,0.7457174069683657
16158,0.9438635434312752,0.6978546423410723,0.7458631588732918
16159,0.9439219580582978,0.6980229537568101,0.7460092478564956
16160,0.9439803726853204,0.698191476894467,0.7461552757515216
16161,0.944038787312343,0.6983600541055933,0.7463012425966786
16162,0.9440972019393656,0.698528584489172,0.7464471484302434
16163,0.9441556165663882,0.6986971704940824,0.7465929932904604
16164,0.9442140311934109,0.6988660242126373,0.7467387772155425
16165,0.9442724458204335,0.6990348214048321,0.7468872927279268
16166,0.9443308604474561,0.6992040082476311,0.7470357565491798
16167,0.9443892750744787,0.6993731504434962,0.7471841687062836
16168,0.9444476897015013,0.6995425202930031,0.7473325292262015
16169,0.9445061043285239,0.6997118535406551,0.7474808381358782
16170,0.9445645189555465,0.6998815261212129,0.7476290954622394
16171,0.9446229335825691,0.7000511506729681,0.7477773012321923
16172,0.9446813482095917,0.7002207222783856,0.7479254554726252
16173,0.9447397628366143,0.7003902496500949,0.748073558210408
16174,0.9447981774636369,0.7005598841098958,0.7482216094723915
16175,0.9448565920906595,0.700729578216439,0.7483696092854082
16176,0.9449150067176821,0.7009000226255361,0.7485175576762717
16177,0.9449734213447047,0.7010705310082568,0.7486654546717771
16178,0.9450318359717274,0.7012411587752024,0.748813300298701
16179,0.94509025059875,0.7014117536249419,0.7489611907820873
16180,0.9451486652257726,0.7015832189370211,0.749109002545707
16181,0.9452070798527952,0.7017549659216571,0.7492567356523953
16182,0.9452654944798178,0.701926667476927,0.7494043901649203
16183,0.9453239091068404,0.7020983236208537,0.7495519661459839
16184,0.945382323733863,0.7022699669411571,0.7496994914470643
16185,0.9454407383608856,0.7024415390543053,0.7498469676495386
16186,0.9454991529879082,0.7026132016424425,0.7499971129972862
16187,0.9455575676149308,0.7027855652294307,0.7501471895455017
16188,0.9456159822419534,0.7029582261647083,0.7502971965421327
16189,0.945674396868976,0.7031308612510496,0.7504471343018358
16190,0.9457328114959986,0.7033039414944953,0.7505970028725356
16191,0.9457912261230212,0.703477027802859,0.7507468712151797
16192,0.9458496407500439,0.7036503849916201,0.7508966980751266
16193,0.9459080553770665,0.7038236914835365,0.7510464834695972
16194,0.9459664700040891,0.7039971682692265,0.7511962274158028
16195,0.9460248846311117,0.704170827508803,0.7513459299309454
16196,0.9460832992581343,0.7043444402153158,0.7514955910322172
16197,0.9461417138851569,0.704518006407466,0.7516452107368009
16198,0.9462001285121795,0.704691526103944,0.7517947890618698
16199,0.9462585431392021,0.7048649993234306,0.7519443260245878
16200,0.9463169577662247,0.7050384260845965,0.7520938216421091
16201,0.9463753723932473,0.7052118064061025,0.7522432759315787
16202,0.9464337870202699,0.705385140306599,0.7523926889101317
16203,0.9464922016472925,0.7055584278047271,0.752542060594894
16204,0.9465506162743151,0.7057316689191172,0.7526913910029821
16205,0.9466090309013377,0.7059048636683902,0.752840680151503
16206,0.9466674455283604,0.706078012071157,0.7529899280575539
16207,0.946725860155383,0.7062511141460183,0.7531391347382232
16208,0.9467842747824056,0.7064241699115649,0.7532883002105893
16209,0.9468426894094282,0.7065978583527611,0.7534385206311238
16210,0.9469011040364508,0.7067716167517921,0.7535895343089356
16211,0.9469595186634734,0.7069454588862312,0.7537407773461742
16212,0.947017933290496,0.7071196698805899,0.7538919335010742
16213,0.9470763479175186,0.7072938271002323,0.7540433743797096
16214,0.9471347625445411,0.7074685647896336,0.7541947561241716
16215,0.9471931771715637,0.7076433317841531,0.7543460787690894
16216,0.9472515917985863,0.7078183969919793,0.754497342349065
16217,0.9473100064256089,0.7079934898206353,0.7546485468986731
16218,0.9473684210526315,0.7081685517751007,0.7547996924524621
16219,0.9474268356796541,0.708343566295539,0.7549507790449529
16220,0.9474852503066767,0.7085185334012263,0.7551018067106395
16221,0.9475436649336993,0.7086936660229353,0.7552527754839894
16222,0.947602079560722,0.7088687525002557,0.7554036853994427
16223,0.9476604941877446,0.70904405245871,0.7555545364914131
16224,0.9477189088147672,0.7092193847995542,0.7557053287942872
16225,0.9477773234417898,0.7093947350507148,0.755856062342425
16226,0.9478357380688124,0.7095700115841677,0.7560067371701594
16227,0.947894152695835,0.7097451926003822,0.7561573533117969
16228,0.9479525673228576,0.7099205488465554,0.7563104127536763
16229,0.9480109819498802,0.7100958635738169,0.7564633950857588
16230,0.9480693965769028,0.7102712274844569,0.7566169063101017
16231,0.9481278112039254,0.7104465908723506,0.7567703683355081
16232,0.948186225830948,0.7106218587513603,0.756923781185626
16233,0.9482446404579706,0.7107978507781144,0.7570771448840882
16234,0.9483030550849932,0.7109739313955974,0.7572304594545122
16235,0.9483614697120158,0.7111499629918754,0.7573837249205005
16236,0.9484198843390385,0.7113262444313343,0.7575369413056406
16237,0.9484782989660611,0.711502750588734,0.7576901086335048
16238,0.9485367135930837,0.7116792084016137,0.7578432269276503
16239,0.9485951282201063,0.7118556178898329,0.7579962962116189
16240,0.9486535428471289,0.7120319678931714,0.7581493165089379
16241,0.9487119574741515,0.712208488814438,0.7583022878431194
16242,0.9487703721011741,0.7123849669398329,0.7584552102376599
16243,0.9488287867281967,0.7125613294457063,0.7586080837160417
16244,0.9488872013552193,0.712737893876641,0.7587608618701257
16245,0.9489456159822419,0.7129144295334772,0.7589135870123643
16246,0.9490040306092645,0.7130912811897957,0.7590677714624848
16247,0.9490624452362871,0.7132680996319317,0.759221860916196
16248,0.9491208598633097,0.7134449634633679,0.7593758554612647
16249,0.9491792744903323,0.7136219329732291,0.7595306245794894
16250,0.949237689117355,0.7137988738811826,0.7596853266446243
16251,0.9492961037443776,0.7139760002978972,0.7598399617002359
16252,0.9493545183714002,0.7141532168141886,0.7599945297898527
16253,0.9494129329984228,0.7143304580831927,0.7601490309569656
16254,0.9494713476254454,0.714507643858324,0.7603034652450277
16255,0.949529762252468,0.7146847773688784,0.760458178671464
16256,0.9495881768794906,0.7148621437570262,0.7606134089279005
16257,0.9496465915065132,0.7150400390334043,0.7607686003096257
16258,0.9497050061335358,0.7152178850662727,0.7609237528312409
16259,0.9497634207605584,0.7153956818760754,0.7610788665073404
16260,0.949821835387581,0.7155742036424663,0.7612339413525108
16261,0.9498802500146036,0.7157527484732563,0.7613889773813316
16262,0.9499386646416262,0.7159313517845292,0.7615439746083752
16263,0.9499970792686488,0.716110005397718,0.7616989330482062
16264,0.9500554938956715,0.7162890415191224,0.7618538527153824
16265,0.9501139085226941,0.7164684576239836,0.7620087336244541
16266,0.9501723231497167,0.7166478191057405,0.7621635757899644
16267,0.9502307377767393,0.7168274774856062,0.762318379226449
16268,0.9502891524037619,0.7170072619158001,0.7624731439484363
16269,0.9503475670307845,0.7171870114188309,0.7626278699704478
16270,0.9504059816578071,0.7173667105624842,0.7627825573069973
16271,0.9504643962848297,0.7175463593679204,0.7629372059725915
16272,0.9505228109118523,0.7177264709227597,0.7630918159817299
16273,0.9505812255388749,0.7179069708504252,0.7632484749343966
16274,0.9506396401658975,0.7180878868944978,0.7634050769492873
16275,0.9506980547929201,0.7182689924013963,0.7635616220574375
16276,0.9507564694199427,0.718450307988537,0.76371811028986
16277,0.9508148840469653,0.7186315677609247,0.7638745416775453
16278,0.950873298673988,0.7188137824912609,0.7640309162514612
16279,0.9509317133010106,0.7189961497522043,0.7641872340425532
16280,0.9509901279280332,0.7191785376400179,0.764343495081744
16281,0.9510485425550558,0.719360968450455,0.7644996993999342
16282,0.9511069571820784,0.7195435365386736,0.7646558470280018
16283,0.951165371809101,0.719726302249027,0.7648119379968024
16284,0.9512237864361236,0.7199092522991937,0.7649679723371691
16285,0.9512822010631462,0.7200922578865129,0.765123950079913
16286,0.9513406156901688,0.7202752986366312,0.7652804532577904
16287,0.9513990303171914,0.7204583092895308,0.7654368536118442
16288,0.951457444944214,0.7206415387484575,0.7655931512433755
16289,0.9515158595712366,0.7208251274183476,0.7657507726794145
16290,0.9515742741982592,0.7210087273317544,0.7659083191850594
16291,0.9516326888252818,0.7211922745485496,0.7660657908137285
16292,0.9516911034523045,0.7213757690914175,0.766223187618789
16293,0.9517495180793271,0.7215592109830291,0.7663805096535578
16294,0.9518079327063497,0.7217426002460424,0.7665377569713007
16295,0.9518663473333723,0.7219259369031027,0.7666956747776359
16296,0.9519247619603949,0.7221092209768419,0.7668542500056501
16297,0.9519831765874175,0.7222924524898793,0.7670127786502763
16298,0.9520415912144401,0.7224756314648209,0.767171260732038
16299,0.9521000058414627,0.7226587579242598,0.7673296962714468
16300,0.9521584204684853,0.7228418318907766,0.7674880852890024
16301,0.9522168350955079,0.7230248533869382,0.767646427805192
16302,0.9522752497225305,0.7232078224352991,0.7678047238404914
16303,0.9523336643495531,0.7233907390584009,0.7679629734153638
16304,0.9523920789765757,0.7235735083224806,0.7681211765502607
16305,0.9524504936035983,0.7237562176851826,0.7682793332656217
16306,0.952508908230621,0.723938874748855,0.7684374435818739
16307,0.9525673228576436,0.7241214795359497,0.7685955075194332
16308,0.9526257374846662,0.724304032068906,0.7687535250987028
16309,0.9526841521116888,0.7244865323701503,0.7689114963400742
16310,0.9527425667387114,0.7246689804620958,0.7690694212639271
16311,0.952800981365734,0.7248514375777511,0.7692272998906291
16312,0.9528593959927566,0.7250342613133646,0.7693851096206955
16313,0.9529178106197792,0.7252178199167082,0.7695428725994049
16314,0.9529762252468018,0.7254014913390578,0.7697005893555403
16315,0.9530346398738244,0.7255852082753319,0.7698582599094125
16316,0.953093054500847,0.7257691974942875,0.7700158842813207
16317,0.9531514691278696,0.725953160511742,0.7701734624915522
16318,0.9532098837548922,0.7261373596292919,0.770330994560382
16319,0.9532682983819148,0.7263218005954898,0.7704884805080737
16320,0.9533267130089375,0.7265062683733009,0.770645920354879
16321,0.9533851276359601,0.7266909838162322,0.7708033141210374
16322,0.9534435422629827,0.7268767061175926,0.7709606618267769
16323,0.9535019568900053,0.7270623810697534,0.7711179634923135
16324,0.9535603715170279,0.7272483291991345,0.7712759376933026
16325,0.9536187861440505,0.7274341831915868,0.7714346755422622
16326,0.9536772007710731,0.7276199427140375,0.7715933491472833
16327,0.9537356153980957,0.7278060090228122,0.7717519585473592
16328,0.9537940300251183,0.7279922615237832,0.7719105037814512
16329,0.9538524446521409,0.7281785071224276,0.7720689848884894
16330,0.9539108592791635,0.7283647608254138,0.7722274019073723
16331,0.9539692739061861,0.7285509599840122,0.7723868446760013
16332,0.9540276885332087,0.7287370495737994,0.7725486674001392
16333,0.9540861031602313,0.7289237447470848,0.772710435631784
16334,0.954144517787254,0.7291111142212313,0.7728721493984557
16335,0.9542029324142766,0.7292984214707798,0.7730338087276563
16336,0.9542613470412992,0.7294862189862589,0.7731954136468687
16337,0.9543197616683218,0.7296740062087691,0.7733569641835578
16338,0.9543781762953444,0.7298620562202099,0.7735184603651698
16339,0.954436590922367,0.7300502097337837,0.7736799022191323
16340,0.9544950055493896,0.7302384960707654,0.7738412897728547
16341,0.9545534201764122,0.7304267593435074,0.7740026230537278
16342,0.9546118348034348,0.7306149527522827,0.774163902089124
16343,0.9546702494304574,0.7308031216253834,0.7743251269063974
16344,0.95472866405748,0.7309914554566925,0.7744862975328837
16345,0.9547870786845026,0.7311799116329137,0.7746474139959
16346,0.9548454933115252,0.7313685491635878,0.7748088612270941
16347,0.9549039079385478,0.7315571290178541,0.7749725821974529
16348,0.9549623225655705,0.7317459686134744,0.7751370706053485
16349,0.9550207371925931,0.7319348633019722,0.7753015148463896
16350,0.9550791518196157,0.732123796416376,0.7754659149383627
16351,0.9551375664466383,0.7323126272651267,0.7756302708990448
16352,0.9551959810736609,0.7325014084722657,0.7757945827462033
16353,0.9552543957006835,0.7326901671624799,0.7759588504975958
16354,0.9553128103277061,0.7328796621687286,0.7761230741709712
16355,0.9553712249547287,0.7330691673794734,0.7762872537840678
16356,0.9554296395817513,0.733258615915483,0.7764513893546151
16357,0.9554880542087739,0.733448007802178,0.776615480900333
16358,0.9555464688357965,0.7336373430649635,0.7767795284389317
16359,0.9556048834628191,0.7338266217292297,0.776943531988112
16360,0.9556632980898417,0.7340158438203516,0.7771074915655651
16361,0.9557217127168643,0.7342050724633117,0.777271407188973
16362,0.955780127343887,0.7343943480677373,0.7774352788760079
16363,0.9558385419709096,0.7345840235564518,0.7775991066443327
16364,0.9558969565979322,0.7347742505706719,0.7777628905116009
16365,0.9559553712249548,0.7349645274134278,0.7779266005893384
16366,0.9560137858519774,0.7351549733712448,0.7780902638275077
16367,0.956072200479,0.7353459400531935,0.7782538832351366
16368,0.9561306151060226,0.7355375235563723,0.7784174588298299
16369,0.9561890297330452,0.7357294960655226,0.7785809906291834
16370,0.9562474443600678,0.7359216046202873,0.778744478650783
16371,0.9563058589870904,0.7361137616202874,0.7789079229122056
16372,0.956364273614113,0.7363058021262812,0.7790713234310184
16373,0.9564226882411356,0.7364978749374543,0.7792346802247793
16374,0.9564811028681582,0.7366900675353537,0.7793991416309013
16375,0.9565395174951808,0.736882196907958,0.779563540714652
16376,0.9565979321222035,0.7370746299176689,0.7797278775114499
16377,0.9566563467492261,0.7372671481403617,0.779892152056687
16378,0.9567147613762487,0.7374596638715735,0.7800563643857285
16379,0.9567731760032712,0.7376522757052634,0.7802205145339125
16380,0.9568315906302938,0.7378448381764017,0.7803856945619739
16381,0.9568900052573164,0.7380373634722763,0.7805507936861322
16382,0.956948419884339,0.7382298300426668,0.780715811965812
16383,0.9570068345113616,0.7384222379144384,0.7808807494603797
16384,0.9570652491383842,0.7386145871144398,0.781048369154096
16385,0.9571236637654068,0.7388068776695036,0.7812159366449403
16386,0.9571820783924294,0.7389992933674943,0.7813834519572954
16387,0.957240493019452,0.7391916750098286,0.7815509151155292
16388,0.9572989076464746,0.7393840597249356,0.7817183261439943
16389,0.9573573222734972,0.7395766594463552,0.7818856850670283
16390,0.9574157369005198,0.7397697795107159,0.7820529919089535
16391,0.9574741515275424,0.7399640051332661,0.7822202466940771
16392,0.9575325661545651,0.7401582794267574,0.7823874494466913
16393,0.9575909807815877,0.7403524938224633,0.7825546001910729
16394,0.9576493954086103,0.7405468061145567,0.7827216700905002
16395,0.9577078100356329,0.7407413787916424,0.7828886742386393
16396,0.9577662246626555,0.7409362394332284,0.7830556264778038
16397,0.9578246392896781,0.7411311049064829,0.783222526832192
16398,0.9578830539167007,0.7413261625536771,0.7833893753259868
16399,0.9579414685437233,0.7415212716331195,0.7835561719833565
16400,0.9579998831707459,0.7417163181532291,0.7837229168284539
16401,0.9580582977977685,0.7419115297292233,0.783889609885417
16402,0.9581167124247911,0.7421067258298749,0.7840571352526283
16403,0.9581751270518137,0.7423022072204581,0.7842245900366999
16404,0.9582335416788363,0.7424980170733417,0.7843919742822304
16405,0.958291956305859,0.7426937659647921,0.7845592880337807
16406,0.9583503709328816,0.7428898965717186,0.7847265313358744
16407,0.9584087855599042,0.743085978726225,0.7848939586909575
16408,0.9584672001869268,0.7432819865884057,0.7850618363799422
16409,0.9585256148139494,0.7434781478385877,0.7852304422898128
16410,0.958584029440972,0.7436743367052984,0.7853989399957954
16411,0.9586424440679946,0.7438706679733005,0.7855673296020176
16412,0.9587008586950172,0.7440670092371876,0.7857356046118302
16413,0.9587592733220398,0.7442635492979884,0.7859037262962472
16414,0.9588176879490624,0.74446056609999,0.7860725095552659
16415,0.958876102576085,0.7446576170704143,0.7862428486227386
16416,0.9589345172031076,0.7448547142260459,0.7864131274983989
16417,0.9589929318301302,0.7450525247622549,0.7865833462141454
16418,0.9590513464571528,0.745250361442114,0.7867535048018545
16419,0.9591097610841754,0.7454482979753739,0.7869236032933802
16420,0.9591681757111981,0.7456469341369796,0.7870936417205535
16421,0.9592265903382207,0.7458456185197481,0.7872636201151835
16422,0.9592850049652433,0.7460446366650874,0.7874335385090564
16423,0.9593434195922659,0.7462436186510683,0.7876033969339362
16424,0.9594018342192885,0.7464425414442949,0.7877731954215645
16425,0.9594602488463111,0.7466415425679042,0.7879429340036603
16426,0.9595186634733337,0.7468405568894946,0.7881126127119205
16427,0.9595770781003563,0.7470396113014739,0.7882822315780192
16428,0.9596354927273789,0.7472389560663242,0.7884524268635337
16429,0.9596939073544015,0.7474384143136508,0.7886225434035428
16430,0.9597523219814241,0.7476382865948774,0.7887925812526846
16431,0.9598107366084467,0.7478387745852878,0.7889625404655465
16432,0.9598691512354693,0.7480393110378603,0.7891330192417771
16433,0.959927565862492,0.7482403892516503,0.7893034716416597
16434,0.9599859804895146,0.7484414028852093,0.7894765785682075
16435,0.9600443951165372,0.7486423824811786,0.789649635999736
16436,0.9601028097435598,0.7488432744745822,0.7898226439574697
16437,0.9601612243705824,0.7490445437333181,0.7899956024626209
16438,0.960219638997605,0.7492464069456162,0.7901685115363899
16439,0.9602780536246276,0.7494485093869934,0.7903413711999648
16440,0.9603364682516502,0.7496505487429982,0.7905141814745217
16441,0.9603948828786728,0.749852680408497,0.7906869423812245
16442,0.9604532975056954,0.7500550180486633,0.7908596539412249
16443,0.960511712132718,0.7502577605593731,0.7910323161756629
16444,0.9605701267597406,0.7504604373106135,0.7912049291056661
16445,0.9606285413867632,0.7506630483343726,0.79137749275235
16446,0.9606869560137858,0.7508655936626182,0.7915500071368183
16447,0.9607453706408084,0.7510680733272972,0.7917224722801625
16448,0.9608037852678311,0.7512704873603357,0.791894888203462
16449,0.9608621998948537,0.7514728184538998,0.7920672549277844
16450,0.9609206145218763,0.751675059551124,0.792239572474185
16451,0.9609790291488989,0.7518776920427599,0.7924118408637072
16452,0.9610374437759215,0.7520802550068114,0.7925844668714348
16453,0.9610958584029441,0.7522828475097046,0.7927570247208756
16454,0.9611542730299667,0.7524857099728356,0.7929295144523882
16455,0.9612126876569893,0.7526888138069595,0.7931019361062994
16456,0.9612711022840119,0.7528921639363119,0.7932742897229043
16457,0.9613295169110345,0.753095395049146,0.7934465753424658
16458,0.9613879315380571,0.7532987612144114,0.7936191425722832
16459,0.9614463461650797,0.7535022618124745,0.7937916228531371
16460,0.9615047607921023,0.7537059567745705,0.7939640162507254
16461,0.961563175419125,0.7539097468190837,0.7941366437868786
16462,0.9616215900461476,0.7541134702282909,0.7943127339594142
16463,0.9616800046731702,0.7543174998707732,0.7944887663197522
16464,0.9617384193001928,0.7545221112684153,0.7946647408963585
16465,0.9617968339272154,0.7547268264550694,0.7948406577176803
16466,0.961855248554238,0.7549326709295556,0.7950165168121459
16467,0.9619136631812606,0.7551384473628351,0.7951923182081652
16468,0.9619720778082832,0.7553447569055372,0.7953680619341293
16469,0.9620304924353058,0.7555510379021839,0.795543748018411
16470,0.9620889070623284,0.755757244387866,0.7957193764893641
16471,0.962147321689351,0.755964138292854,0.7958949473753237
16472,0.9622057363163736,0.7561715576897161,0.7960704607046071
16473,0.9622641509433962,0.7563791757642878,0.7962461215749683
16474,0.9623225655704188,0.7565867245397995,0.7964217056973086
16475,0.9623809801974414,0.756794680935564,0.796597213121915
16476,0.9624393948244641,0.7570025554717913,0.7967728200705263
16477,0.9624978094514867,0.7572113791007787,0.7969483311868328
16478,0.9625562240785093,0.7574208970533816,0.7971237465492597
16479,0.9626146387055319,0.7576304088112646,0.7972990662361462
16480,0.9626730533325545,0.7578398499293363,0.7974742903257468
16481,0.9627314679595771,0.7580503340127661,0.7976535752447826
16482,0.9627898825865997,0.7582608078086944,0.7978327937120494
16483,0.9628482972136223,0.7584716024530842,0.7980119457644853
16484,0.9629067118406449,0.7586827019211643,0.7981910314390018
16485,0.9629651264676675,0.758894110279777,0.7983700507724826
16486,0.9630235410946901,0.7591056628174702,0.7985490038017843
16487,0.9630819557217127,0.7593177046672795,0.7987278905637362
16488,0.9631403703487353,0.7595301894280416,0.7989067110951401
16489,0.963198784975758,0.759742715406794,0.7990854654327708
16490,0.9632571996027806,0.7599558123268014,0.7992641536133759
16491,0.9633156142298032,0.7601690018253981,0.7994427756736755
16492,0.9633740288568258,0.7603820576274931,0.7996213316503629
16493,0.9634324434838484,0.7605950615766952,0.799799821580104
16494,0.963490858110871,0.7608080898544071,0.7999782454995377
16495,0.9635492727378936,0.761021044914324,0.8001565353509
16496,0.9636076873649162,0.7612339267941867,0.8003347316712675
16497,0.9636661019919388,0.7614467355317104,0.8005128428006433
16498,0.9637245166189614,0.761659471164584,0.8006909063257037
16499,0.963782931245984,0.7618721337304709,0.8008689040947106
16500,0.9638413458730066,0.7620850090540552,0.8010468361440811
16501,0.9638997605000292,0.762298508084502,0.8012247025102058
16502,0.9639581751270518,0.7625122867758126,0.8014065094472722
16503,0.9640165897540744,0.7627259975698971,0.8015881625480029
16504,0.9640750043810971,0.7629397765820354,0.8017696620075688
16505,0.9641334190081197,0.7631541633247901,0.8019514310494362
16506,0.9641918336351423,0.7633685585483221,0.8021331252235554
16507,0.9642502482621649,0.7635829529417483,0.802314744576172
16508,0.9643086628891875,0.7637973329199013,0.8024962891534936
16509,0.9643670775162101,0.7640122457194022,0.8026777590016898
16510,0.9644254921432327,0.7642278327738635,0.8028591541668922
16511,0.9644839067702553,0.7644436314735518,0.8030404746951946
16512,0.9645423213972779,0.7646597852949127,0.8032217206326524
16513,0.9646007360243005,0.7648759141424775,0.8034028920252836
16514,0.9646591506513231,0.7650919673776608,0.8035839889190681
16515,0.9647175652783457,0.7653079450401351,0.803765011359948
16516,0.9647759799053683,0.765523847169545,0.8039461728181385
16517,0.964834394532391,0.7657399997998661,0.8041272794133553
16518,0.9648928091594136,0.7659562390777607,0.8043083311705165
16519,0.9649512237864362,0.7661723568416328,0.8044893281145254
16520,0.9650096384134588,0.7663886441998932,0.8046702702702703
16521,0.9650680530404814,0.7666053307296347,0.804851157662624
16522,0.965126467667504,0.7668221937912492,0.8050319903164448
16523,0.9651848822945266,0.7670393157605622,0.8052127682565754
16524,0.9652432969215492,0.7672568289752978,0.8053934915078439
16525,0.9653017115485718,0.7674742010484829,0.8055741600950632
16526,0.9653601261755944,0.7676915382696,0.8057547740430312
16527,0.965418540802617,0.7679088694145033,0.8059353333765308
16528,0.9654769554296396,0.7681260837773005,0.8061158381203299
16529,0.9655353700566622,0.7683433626369043,0.8062962882991817
16530,0.9655937846836848,0.7685606540663534,0.8064766839378238
16531,0.9656521993107074,0.7687783120453299,0.8066576057644597
16532,0.9657106139377301,0.7689963821926025,0.8068397446955322
16533,0.9657690285647527,0.7692150164796608,0.8070232167108582
16534,0.9658274431917753,0.7694335349356214,0.8072069742130842
16535,0.9658858578187979,0.7696519348014921,0.8073906485671192
16536,0.9659442724458205,0.7698704936736993,0.8075746477659529
16537,0.9660026870728431,0.7700890059386235,0.8077585835523198
16538,0.9660611016998657,0.7703078819907025,0.8079424559589956
16539,0.9661195163268883,0.770526686876441,0.8081262650187331
16540,0.9661779309539109,0.7707455020949823,0.8083100107642627
16541,0.9662363455809335,0.7709647796084014,0.8084936932282922
16542,0.9662947602079561,0.7711840106780049,0.808677312443507
16543,0.9663531748349786,0.7714036659419521,0.80886086844257
16544,0.9664115894620012,0.7716237275115109,0.8090443612581214
16545,0.9664700040890238,0.7718438700694579,0.8092277909227791
16546,0.9665284187160464,0.7720639337361673,0.8094111574691385
16547,0.966586833343069,0.7722842166472604,0.8095964916052196
16548,0.9666452479700917,0.7725062164589779,0.8097821999204874
16549,0.9667036625971143,0.7727283301957574,0.8099683119394168
16550,0.9667620772241369,0.7729503635645754,0.8101543120389163
16551,0.9668204918511595,0.7731728220875941,0.810340755373285
16552,0.9668789064781821,0.773396194089195,0.8105271066556473
16553,0.9669373211052047,0.7736194714320098,0.8107133659541591
16554,0.9669957357322273,0.7738428998481534,0.8109001180130887
16555,0.9670541503592499,0.774066343146094,0.8110867979576951
16556,0.9671125649862725,0.7742900370063279,0.8112734058297407
16557,0.9671709796132951,0.774513760075293,0.8114599416709556
16558,0.9672293942403177,0.7747374014889252,0.8116464055230377
16559,0.9672878088673403,0.7749618584341665,0.8118327974276527
16560,0.967346223494363,0.7751863939052045,0.8120191174264343
16561,0.9674046381213856,0.7754108415691552,0.812205365560984
16562,0.9674630527484082,0.7756355638887968,0.812391541872871
16563,0.9675214673754308,0.7758603813934414,0.8125782931294767
16564,0.9675798820024534,0.7760851485165182,0.812766913913239
16565,0.967638296629476,0.776310048233806,0.8129559506236228
16566,0.9676967112564986,0.7765350635040806,0.8131456804910915
16567,0.9677551258835212,0.7767601191465605,0.8133353292132669
16568,0.9678135405105438,0.7769850920065668,0.8135248968421953
16569,0.9678719551375664,0.7772099821297662,0.8137143834298783
16570,0.967930369764589,0.7774347895617916,0.8139037890282734
16571,0.9679887843916116,0.7776597549415185,0.8140931136892934
16572,0.9680471990186342,0.7778847504636649,0.8142823574648068
16573,0.9681056136456568,0.7781098600452042,0.8144715204066377
16574,0.9681640282726794,0.7783361824582039,0.8146613852083578
16575,0.968222442899702,0.7785626822607361,0.814851189205346
16576,0.9682808575267247,0.7787892070298005,0.8150409324268073
16577,0.9683392721537473,0.7790156477929882,0.8152306149019273
16578,0.9683976867807699,0.7792422945796267,0.8154202366598735
16579,0.9684561014077925,0.7794694001632968,0.8156097977297944
16580,0.9685145160348151,0.779696460440834,0.8157992981408199
16581,0.9685729306618377,0.7799234326260438,0.8159887379220613
16582,0.9686313452888603,0.7801503794061837,0.8161781171026115
16583,0.9686897599158829,0.7803775483379948,0.8163696060037523
16584,0.9687481745429055,0.7806046644435679,0.8165618672066504
16585,0.9688065891699281,0.7808318402826295,0.8167540382730256
16586,0.9688650037969507,0.7810588786615833,0.8169461192662505
16587,0.9689234184239733,0.7812865018436997,0.8171390229095441
16588,0.9689818330509959,0.7815147302829313,0.8173318567108233
16589,0.9690402476780186,0.7817428564823211,0.8175246207080117
16590,0.9690986623050412,0.7819711063110523,0.8177173149390049
16591,0.9691570769320638,0.7822001821289695,0.8179099394416713
16592,0.9692154915590864,0.7824298319216916,0.8181024942538521
16593,0.969273906186109,0.7826594945730648,0.8182949794133606
16594,0.9693323208131316,0.7828891875797985,0.8184873949579832
16595,0.9693907354401542,0.7831189180475917,0.8186797409254789
16596,0.9694491500671768,0.783348724355728,0.8188720173535792
16597,0.9695075646941994,0.7835784832709256,0.8190642242799885
16598,0.969565979321222,0.7838081932460191,0.8192571337478081
16599,0.9696243939482446,0.78403791758938,0.8194499038553474
16600,0.9696828085752672,0.7842681634156082,0.8196435778160114
16601,0.9697412232022898,0.7844984416923475,0.8198374121792287
16602,0.9697996378293124,0.7847287274554088,0.8200318302387268
16603,0.969858052456335,0.7849589729219533,0.8202261493094597
16604,0.9699164670833577,0.7851894670693604,0.8204214522817176
16605,0.9699748817103803,0.7854198737835462,0.8206166765628976
16606,0.9700332963374029,0.7856501931142501,0.8208118222005492
16607,0.9700917109644255,0.7858807593542323,0.8210068892421833
16608,0.9701501255914481,0.7861116197710548,0.8212018777352732
16609,0.9702085402184707,0.7863423629214448,0.8213967877272534
16610,0.9702669548454933,0.7865730715315887,0.8215916192655206
16611,0.9703253694725159,0.7868042354214062,0.8217863723974329
16612,0.9703837840995385,0.7870355042612553,0.8219810471703107
16613,0.9704421987265611,0.7872673268848305,0.8221782345905092
16614,0.9705006133535837,0.7874991024638279,0.8223764974812683
16615,0.9705590279806063,0.78773090327253,0.8225746722673072
16616,0.9706174426076289,0.7879627228467582,0.8227727590073413
16617,0.9706758572346516,0.7881951213443158,0.8229707577600338
16618,0.9707342718616742,0.7884279668406784,0.823168668583996
16619,0.9707926864886968,0.7886607747125266,0.8233664915377866
16620,0.9708511011157194,0.7888937450959305,0.8235642204258466
16621,0.970909515742742,0.7891270978065095,0.8237630875532218
16622,0.9709679303697646,0.7893608917332909,0.8239618874581428
16623,0.9710263449967872,0.7895949035866106,0.8241606201746882
16624,0.9710847596238098,0.7898291996644007,0.8243592857369137
16625,0.9711431742508324,0.7900635482946538,0.8245578841788523
16626,0.971201588877855,0.7902981195184596,0.8247564155345135
16627,0.9712600035048776,0.7905328746317376,0.8249548798378841
16628,0.9713184181319002,0.7907675313407125,0.8251532771229277
16629,0.9713768327589228,0.7910022326613947,0.8253516074235854
16630,0.9714352473859454,0.7912368428928578,0.825549870773775
16631,0.971493662012968,0.7914715888816315,0.8257480672073916
16632,0.9715520766399907,0.7917065846329564,0.8259461967583073
16633,0.9716104912670133,0.7919416132011314,0.8261456093756587
16634,0.9716689058940359,0.792176784274323,0.8263452867557204
16635,0.9717273205210585,0.7924130745182133,0.8265453358189305
16636,0.9717857351480811,0.7926492284758817,0.8267452879856797
16637,0.9718441497751037,0.7928854825454907,0.8269453389741324
16638,0.9719025644021263,0.7931220072461623,0.8271464646464647
16639,0.9719609790291489,0.7933591182420129,0.8273475141492562
16640,0.9720193936561715,0.7935964416150725,0.8275484875257688
16641,0.9720778082831941,0.793833887245726,0.8277493350714338
16642,0.9721362229102167,0.7940712695075404,0.8279500951219768
16643,0.9721946375372393,0.7943088755191988,0.828150779222144
16644,0.9722530521642619,0.7945463879175387,0.8283513874150268
16645,0.9723114667912846,0.7947841665534573,0.828551919743684
16646,0.9723698814183072,0.7950219411084791,0.8287535306656026
16647,0.9724282960453298,0.7952613624148338,0.8289559320610527
16648,0.9724867106723524,0.795500688597175,0.829158227250307
16649,0.972545125299375,0.7957399197121818,0.8293619566243823
16650,0.9726035399263976,0.7959790558164882,0.8295656005119221
16651,0.9726619545534202,0.796218166487886,0.8297691589667215
16652,0.9727203691804428,0.7964574013267173,0.8299726320425305
16653,0.9727787838074654,0.7966964339198216,0.8301760197930536
16654,0.972837198434488,0.7969357102670146,0.8303793222719507
16655,0.9728956130615106,0.7971757606670598,0.8305825395328367
16656,0.9729540276885332,0.7974163298931121,0.8307856716292812
16657,0.9730124423155558,0.7976568259706133,0.8309887186148093
16658,0.9730708569425784,0.7978975211030171,0.8311916805429012
16659,0.973129271569601,0.7981381552548137,0.831394557466992
16660,0.9731876861966237,0.798378744159105,0.8315973494404724
16661,0.9732461008236463,0.7986196415718378,0.8318000565166881
16662,0.9733045154506689,0.7988605474151022,0.8320028458134109
16663,0.9733629300776915,0.799102059445213,0.8322071836495617
16664,0.9734213447047141,0.7993435085566437,0.8324114061045873
16665,0.9734797593317367,0.799585285314883,0.8326156033113137
16666,0.9735381739587593,0.7998276990356508,0.8328212845110456
16667,0.9735965885857819,0.8000713263766921,0.8330285965040591
16668,0.9736550032128045,0.8003152927468707,0.8332358348654522
16669,0.9737134178398271,0.8005595461559234,0.8334429446828057
16670,0.9737718324668497,0.8008037056963532,0.8336498925090271
16671,0.9738302470938723,0.8010492338503525,0.8338567151099102
16672,0.9738886617208949,0.8012959015657497,0.8340635039846456
16673,0.9739470763479176,0.8015425638084995,0.8342702195338165
16674,0.9740054909749402,0.8017891018160319,0.8344768617964172
16675,0.9740639056019628,0.8020363756298746,0.8346834308114138
16676,0.9741223202289854,0.8022842485694145,0.8348899266177452
16677,0.974180734856008,0.8025334085475555,0.8350979574822843
16678,0.9742391494830306,0.802782548224752,0.8353058843140524
16679,0.9742975641100532,0.8030316862593134,0.8355137071910674
16680,0.9743559787370758,0.8032821811506172,0.8357229875363134
16681,0.9744143933640984,0.8035329091523398,0.8359321328198189
16682,0.974472807991121,0.803783660107337,0.8361414938234345
16683,0.9745312226181436,0.8040343381573087,0.8363507720481126
16684,0.9745896372451662,0.8042849111655471,0.836559967542938
16685,0.9746480518721888,0.8045353791980618,0.8367690803569571
16686,0.9747064664992114,0.8047861776435876,0.8369781105391775
16687,0.974764881126234,0.8050369164178828,0.8371870581385678
16688,0.9748232957532567,0.8052877180690039,0.8373959232040581
16689,0.9748817103802793,0.8055393891517619,0.8376047057845399
16690,0.9749401250073019,0.8057913795778242,0.8378134059288661
16691,0.9749985396343245,0.8060433225267559,0.8380220236858508
16692,0.9750569542613471,0.8062951690019649,0.8382313235996594
16693,0.9751153688883697,0.8065482110821635,0.8384404583956153
16694,0.9751737835153923,0.8068013843990164,0.838650090284552
16695,0.9752321981424149,0.8070547183161245,0.8388595608749313
16696,0.9752906127694375,0.8073080721899742,0.8390688993726995
16697,0.9753490273964601,0.8075615105813969,0.8392781250323932
16698,0.9754074420234827,0.8078148412880586,0.8394892840857273
16699,0.9754658566505053,0.8080686880053153,0.8397003512480185
16700,0.9755242712775279,0.8083236609408678,0.8399113265792363
16701,0.9755826859045506,0.8085798975519976,0.8401222101392989
16702,0.9756411005315732,0.8088369936653256,0.8403363084760505
16703,0.9756995151585958,0.8090941717971798,0.8405503048622686
16704,0.9757579297856184,0.8093515435289599,0.8407641993707567
16705,0.975816344412641,0.8096096540234506,0.8409779920742496
16706,0.9758747590396636,0.8098682979005718,0.8411918625696821
16707,0.9759331736666862,0.8101267777920498,0.8414075506426629
16708,0.9759915882937087,0.8103851359953033,0.8416231584388731
16709,0.9760500029207313,0.8106434689346452,0.8418386860031217
16710,0.9761084175477539,0.8109016898575363,0.8420541333801842
16711,0.9761668321747765,0.8111598892792207,0.8422705763230219
16712,0.9762252468017991,0.8114179765950043,0.8424869074795219
16713,0.9762836614288217,0.8116759518778832,0.8427031269362634
16714,0.9763420760558443,0.8119340964996655,0.842919234779736
16715,0.9764004906828669,0.8121931268498039,0.843136243072255
16716,0.9764589053098895,0.8124522269042064,0.8433538591659704
16717,0.9765173199369122,0.8127115043645959,0.8435715022167234
16718,0.9765757345639348,0.812970811877455,0.8437893000721575
16719,0.9766341491909574,0.8132300061479063,0.8440070081418118
16720,0.97669256381798,0.8134894597513046,0.8442246264811952
16721,0.9767509784450026,0.8137490069037796,0.8444421551457711
16722,0.9768093930720252,0.8140085352740434,0.8446595941909568
16723,0.9768678076990478,0.8142685928876554,0.844877827774746
16724,0.9769262223260704,0.8145287698529128,0.8450959400477641
16725,0.976984636953093,0.8147898807515059,0.8453162628903115
16726,0.9770430515801156,0.8150524740006447,0.8455364859859242
16727,0.9771014662071382,0.8153151319176976,0.8457566094023249
16728,0.9771598808341608,0.8155796179256851,0.845976680581546
16729,0.9772182954611834,0.8158443621323348,0.8461996958112386
16730,0.977276710088206,0.8161094167907802,0.8464225537336127
16731,0.9773351247152287,0.816374357606091,0.8466453017790377
16732,0.9773935393422513,0.8166399980436062,0.8468679400287533
16733,0.9774519539692739,0.8169059497540203,0.8470909408130382
16734,0.9775103685962965,0.8171721305544848,0.8473139902326917
16735,0.9775687832233191,0.8174387445554263,0.8475375874305171
16736,0.9776271978503417,0.8177054906339486,0.8477621122789029
16737,0.9776856124773643,0.8179722403506795,0.8479865496596408
16738,0.9777440271043869,0.8182393330123431,0.8482108996238328
16739,0.9778024417314095,0.8185062969705302,0.848435162222541
16740,0.9778608563584321,0.8187734720745489,0.8486593375067878
16741,0.9779192709854547,0.8190419851831946,0.8488840177409938
16742,0.9779776856124773,0.8193104311553908,0.849108578333487
16743,0.9780361002394999,0.8195788834277394,0.8493330193798053
16744,0.9780945148665225,0.8198476367897913,0.8495598771750256
16745,0.9781529294935452,0.8201162678024075,0.8497866374678933
16746,0.9782113441205678,0.8203849433106501,0.8500133003212539
16747,0.9782697587475904,0.8206543131274893,0.850239865797899
16748,0.978328173374613,0.8209244786831583,0.8504663339605661
16749,0.9783865880016356,0.8211951077018533,0.850692704871939
16750,0.9784450026286582,0.821466535278325,0.8509189785946476
16751,0.9785034172556808,0.8217377840560337,0.851145155191268
16752,0.9785618318827034,0.8220088559530487,0.8513712347243225
16753,0.978620246509726,0.8222799441440288,0.8515972172562801
16754,0.9786786611367486,0.8225510890292882,0.8518261295857504
16755,0.9787370757637712,0.8228229800404414,0.8520549343952621
16756,0.9787954903907938,0.8230972769384028,0.8522836317605504
16757,0.9788539050178164,0.8233714542776003,0.8525122217572795
16758,0.978912319644839,0.8236462807969738,0.8527407044610424
16759,0.9789707342718617,0.8239216692734561,0.8529693779709081
16760,0.9790291488988843,0.8241970451250415,0.8531984746834153
16761,0.9790875635259069,0.8244731485486271,0.8534295587290909
16762,0.9791459781529295,0.824749445114881,0.8536607734243644
16763,0.9792043927799521,0.8250259133073596,0.85389183737916
16764,0.9792628074069747,0.8253023844917792,0.8541238267809516
16765,0.9793212220339973,0.8255788914349789,0.8543570745211391
16766,0.9793796366610199,0.8258588572052248,0.8545902273236055
16767,0.9794380512880425,0.8261390616504487,0.8548232852463019
16768,0.9794964659150651,0.8264191323880704,0.8550562483471327
16769,0.9795548805420877,0.8266990695137708,0.8552891166839547
16770,0.9796132951691103,0.8269793845850651,0.8555218903145779
16771,0.9796717097961329,0.8272608034307474,0.855754668076153
16772,0.9797301244231555,0.8275424122169996,0.8559873181042191
16773,0.9797885390501782,0.8278238857908019,0.856222696332419
16774,0.9798469536772008,0.8281060576442789,0.8564581154225016
16775,0.9799053683042234,0.8283882636764902,0.8566933928752665
16776,0.979963782931246,0.828670232838344,0.8569312255210342
16777,0.9800221975582686,0.8289530585957123,0.8571689349532483
16778,0.9800806121852912,0.8292357525417323,0.8574064125046883
16779,0.9801390268123138,0.829518751504683,0.8576437800861414
16780,0.9801974414393364,0.8298017400677614,0.8578837543809891
16781,0.980255856066359,0.8300858949736016,0.858123639309402
16782,0.9803142706933816,0.8303700211475663,0.8583633639713325
16783,0.9803726853204042,0.8306543353978125,0.8586030319590341
16784,0.9804310999474268,0.8309401122778334,0.8588425738567381
16785,0.9804895145744494,0.8312257495097185,0.8590819897639229
16786,0.980547929201472,0.8315113530586944,0.8593239704350816
16787,0.9806063438284947,0.8317967111341512,0.859565951338839
16788,0.9806647584555173,0.8320825349113729,0.8598079838302173
16789,0.9807231730825399,0.832369622663993,0.8600499136110578
16790,0.9807815877095625,0.8326568088843761,0.860291740746727
16791,0.9808400023365851,0.8329454876366437,0.860533465302536
16792,0.9808984169636077,0.833234049765863,0.8607750873437405
16793,0.9809568315906303,0.8335224692324767,0.8610188652582491
16794,0.9810152462176529,0.8338127641275396,0.8612627521417544
16795,0.9810736608446755,0.8341029305828291,0.861506491410356
16796,0.9811320754716981,0.8343935797295887,0.8617504084555339
16797,0.9811904900987207,0.8346850903013877,0.8619942123677868
16798,0.9812489047257433,0.8349764569840372,0.8622379032258064
16799,0.9813073193527659,0.8352678113278851,0.8624814811082108
16800,0.9813657339797885,0.8355591485823414,0.8627249460935453
16801,0.9814241486068112,0.8358503401274727,0.8629682982602827
16802,0.9814825632338338,0.8361413957275745,0.8632117258597085
16803,0.9815409778608564,0.8364323056529925,0.8634566037735849
16804,0.981599392487879,0.836723158832018,0.8637022132796781
16805,0.9816578071149016,0.8370153041850771,0.8639476992708072
16806,0.9817162217419242,0.8373076234315907,0.8641930618401207
16807,0.9817746363689468,0.8376011776581248,0.8644383010806735
16808,0.9818330509959694,0.8378946174355656,0.8646834170854272
16809,0.981891465622992,0.8381898784987463,0.8649284099472494
16810,0.9819498802500146,0.8384870181377357,0.8651759884281581
16811,0.9820082948770372,0.8387839950541822,0.8654238070857051
16812,0.9820667095040598,0.8390817773357151,0.8656737389349445
16813,0.9821251241310824,0.839379901613278,0.8659235253393801
16814,0.982183538758105,0.8396779452030472,0.866173800519616
16815,0.9822419533851277,0.839975884293365,0.8664239652596002
16816,0.9823003680121503,0.8402737745601111,0.8666740196324185
16817,0.9823587826391729,0.8405723908335222,0.8669239637110921
16818,0.9824171972661955,0.840873844799327,0.8671750523583819
16819,0.9824756118932181,0.8411755701258138,0.8674259498552553
16820,0.9825340265202407,0.841477518572703,0.8676807835204342
16821,0.9825924411472633,0.8417794978199254,0.8679354845168847
16822,0.9826508557742859,0.8420815040700717,0.8681900529481829
16823,0.9827092704013085,0.8423844478942336,0.8684444889177966
16824,0.9827676850283311,0.8426892882999961,0.8686987925290863
16825,0.9828260996553537,0.8429945412162895,0.8689529638853051
16826,0.9828845142823763,0.8432999239277735,0.8692070030895983
16827,0.9829429289093989,0.843608126956773,0.8694635199568177
16828,0.9830013435364215,0.8439164507419471,0.8697198932736412
16829,0.9830597581634442,0.8442281239467493,0.8699761231605343
16830,0.9831181727904668,0.8445407253424246,0.8702322097378277
16831,0.9831765874174894,0.8448535487302643,0.8704888738032724
16832,0.983235002044512,0.8451678420393025,0.8707472130460384
16833,0.9832934166715346,0.8454823602323663,0.8710053976394058
16834,0.9833518312985572,0.8457968541118972,0.8712644136775326
16835,0.9834102459255798,0.8461120041474725,0.8715233108950386
16836,0.9834686605526024,0.846428207383329,0.8717820893736665
16837,0.983527075179625,0.8467443647942788,0.8720412210849438
16838,0.9835854898066476,0.8470605299300825,0.8723012085404857
16839,0.9836439044336702,0.8473771617024253,0.8725610302686229
16840,0.9837023190606928,0.84769369214389,0.8728206864277678
16841,0.9837607336877154,0.8480101310826252,0.8730812877023234
16842,0.983819148314738,0.8483268251927558,0.8733417593025686
16843,0.9838775629417607,0.8486435821197755,0.8736023238231666
16844,0.9839359775687833,0.8489602265552711,0.8738628568019805
16845,0.9839943921958059,0.8492793692178086,0.8741241365601551
16846,0.9840528068228285,0.8495988861081258,0.8743865365892428
16847,0.9841112214498511,0.8499193604525328,0.874649929489344
16848,0.9841696360768737,0.8502396905856473,0.8749131617077867
16849,0.9842280507038963,0.8505606394929192,0.8751773471837764
16850,0.9842864653309189,0.8508826043486192,0.8754413806784368
16851,0.9843448799579415,0.8512045595162309,0.8757052623228787
16852,0.9844032945849641,0.8515268911070343,0.8759714512291832
16853,0.9844617092119867,0.8518490906029175,0.8762374765882808
16854,0.9845201238390093,0.8521729972148689,0.8765033385508509
16855,0.9845785384660319,0.8524975693638694,0.8767703979557475
16856,0.9846369530930545,0.8528231885590432,0.8770373304287553
16857,0.9846953677200772,0.8531486230090186,0.8773062000158366
16858,0.9847537823470998,0.8534741393295721,0.8775752538146411
16859,0.9848121969741224,0.8538011624805206,0.8778451524833569
16860,0.984870611601145,0.8541282883271729,0.8781163160965576
16861,0.9849290262281676,0.8544559187984467,0.8783873295830903
16862,0.9849874408551902,0.8547836866569836,0.8786581930675944
16863,0.9850458554822128,0.8551131256484451,0.8789297923212204
16864,0.9851042701092354,0.855442434090313,0.8792020541181118
16865,0.985162684736258,0.8557716990764108,0.8794747753973738
16866,0.9852210993632806,0.8561009420201084,0.879747335175681
16867,0.9852795139903032,0.8564301217583726,0.8800220957416377
16868,0.9853379286173258,0.8567596425776335,0.8802966206155273
16869,0.9853963432443484,0.8570903825810869,0.8805725890726975
16870,0.985454757871371,0.857421488013873,0.8808484215298791
16871,0.9855131724983937,0.857753771978096,0.881124806636911
16872,0.9855715871254163,0.8580862589790899,0.8814013253118815
16873,0.9856300017524388,0.8584191184286138,0.8816778866973741
16874,0.9856884163794614,0.8587524985904347,0.8819548280475329
16875,0.985746831006484,0.8590877433256978,0.882232034853417
16876,0.9858052456335066,0.8594234471713669,0.8825114047506686
16877,0.9858636602605292,0.8597592337916978,0.8827911547911548
16878,0.9859220748875518,0.8600949201994227,0.883071724652771
16879,0.9859804895145744,0.8604306517273705,0.8833532981167646
16880,0.986038904141597,0.8607663157436363,0.883638291188943
16881,0.9860973187686196,0.861102332241325,0.8839231388250997
16882,0.9861557333956422,0.8614382375174439,0.8842078411365331
16883,0.9862141480226648,0.8617754500850909,0.8844923982344286
16884,0.9862725626496874,0.8621125144617822,0.884776810229858
16885,0.98633097727671,0.8624493792666759,0.8850610772337797
16886,0.9863893919037326,0.8627883819344674,0.8853455119221458
16887,0.9864478065307553,0.8631271826093654,0.8856317052858472
16888,0.9865062211577779,0.8634664484626245,0.8859177416669115
16889,0.9865646357848005,0.8638056178900586,0.8862038578282581
16890,0.9866230504118231,0.8641454567605268,0.8864897667544315
16891,0.9866814650388457,0.8644856267685036,0.88677768428468
16892,0.9867398796658683,0.8648290252613957,0.8870653821702773
16893,0.9867982942928909,0.8651723038804077,0.8873531309260816
16894,0.9868567089199135,0.8655180876751339,0.8876424257822425
16895,0.9869151235469361,0.8658646142115126,0.887931623931624
16896,0.9869735381739587,0.8662120967577198,0.8882207666702459
16897,0.9870319528009813,0.8665595598476888,0.8885115684495057
16898,0.9870903674280039,0.8669087204472327,0.8888021773273113
16899,0.9871487820550265,0.86725845712778,0.8890947565506548
16900,0.9872071966820491,0.8676084762990238,0.8893871741376957
16901,0.9872656113090718,0.8679585318217712,0.8896794378222435
16902,0.9873240259360944,0.8683092557166097,0.8899715477257668
16903,0.987382440563117,0.868660020067981,0.8902656418948537
16904,0.9874408551901396,0.8690132273602356,0.8905595699511131
16905,0.9874992698171622,0.8693705356654757,0.8908533320352432
16906,0.9875576844441848,0.8697280030263034,0.8911469282877832
16907,0.9876160990712074,0.8700855353690273,0.8914424714181465
16908,0.98767451369823,0.8704473815269601,0.8917417986947938
16909,0.9877329283252526,0.8708089684338792,0.8920411457016743
16910,0.9877913429522752,0.8711716933944932,0.8923417776870828
16911,0.9878497575792978,0.871537306360654,0.8926424165897723
16912,0.9879081722063204,0.8719051388000816,0.8929434955283881
16913,0.987966586833343,0.8722746454394594,0.8932453416149069
16914,0.9880250014603656,0.8726439100948449,0.8935501397081652
16915,0.9880834160873883,0.8730130968389795,0.8938568075572711
16916,0.9881418307144109,0.8733837882871524,0.8941634844637423
16917,0.9882002453414335,0.8737545467691722,0.8944711934355716
16918,0.9882586599684561,0.8741277860696689,0.8947791475803561
16919,0.9883170745954787,0.8745020770243305,0.8950894586011928
16920,0.9883754892225013,0.874878292210262,0.8954016202247409
16921,0.9884339038495239,0.8752554874609451,0.8957156126635188
16922,0.9884923184765465,0.8756335977289261,0.896031415942043
16923,0.9885507331035691,0.876011690769234,0.8963483607746077
16924,0.9886091477305917,0.8763897482374553,0.8966650238212585
16925,0.9886675623576143,0.8767682259505463,0.8969826920105084
16926,0.9887259769846369,0.8771488491386604,0.8973014723630219
16927,0.9887843916116595,0.8775296688813397,0.8976204720458537
16928,0.9888428062386821,0.8779114365293251,0.8979406800096456
16929,0.9889012208657048,0.8782932924124753,0.8982614481182563
16930,0.9889596354927274,0.8786748701299943,0.898582018334474
16931,0.98901805011975,0.8790562594377185,0.8989043392790033
16932,0.9890764647467726,0.8794374343156285,0.8992283906019709
16933,0.9891348793737952,0.8798184990960126,0.8995523034708516
16934,0.9891932940008178,0.8801998159293128,0.8998825771429672
16935,0.9892517086278404,0.8805809690733752,0.9002126410791775
16936,0.989310123254863,0.8809634536977955,0.9005433998557345
16937,0.9893685378818856,0.8813460054788488,0.9008738788106019
16938,0.9894269525089082,0.8817288107434533,0.9012051434831915
16939,0.9894853671359308,0.8821118091179823,0.9015361853798192
16940,0.9895437817629534,0.8824946641400194,0.9018685307164942
16941,0.989602196389976,0.8828772570110004,0.9022009348934087
16942,0.9896606110169986,0.8832595880000857,0.9025349734221182
16943,0.9897190256440213,0.8836425963239867,0.9028688681778084
16944,0.9897774402710439,0.8840263635597679,0.9032053985660059
16945,0.9898358548980665,0.8844116258926111,0.9035417225650657
16946,0.9898942695250891,0.8847966223126457,0.9038778403647929
16947,0.9899526841521117,0.8851816198065673,0.9042155867537492
16948,0.9900110987791343,0.8855679507316372,0.904554068799173
16949,0.9900695134061569,0.8859545282982553,0.9048935661325042
16950,0.9901279280331795,0.8863409955585378,0.9052359776215751
16951,0.9901863426602021,0.8867291709653979,0.9055813686686169
16952,0.9902447572872247,0.8871179325420827,0.9059290048253786
16953,0.9903031719142473,0.8875084134312374,0.9062774615061323
16954,0.9903615865412699,0.8878992131019202,0.9066259308764559
16955,0.9904200011682925,0.8882943468643686,0.9069756344305634
16956,0.9904784157953151,0.8886897859971592,0.9073250777538209
16957,0.9905368304223378,0.8890912293614586,0.9076760220868023
16958,0.9905952450493604,0.8894931215567231,0.9080303102511557
16959,0.990653659676383,0.8898958330892462,0.9083859659150448
16960,0.9907120743034056,0.89029828474465,0.9087428936016226
16961,0.9907704889304282,0.8907020110488653,0.9090995603433509
16962,0.9908289035574508,0.8911063851602361,0.9094558217842501
16963,0.9908873181844734,0.8915152600856584,0.909811751283514
16964,0.990945732811496,0.8919242022114051,0.9101708768128338
16965,0.9910041474385186,0.892335052754227,0.9105329647887993
16966,0.9910625620655412,0.8927456248107325,0.9108950376967925
16967,0.9911209766925638,0.8931582949676248,0.9112585547360728
16968,0.9911793913195864,0.8935739093175147,0.9116218165256006
16969,0.991237805946609,0.8939892371801429,0.9119848233341238
16970,0.9912962205736316,0.8944050600530634,0.9123508998160544
16971,0.9913546352006543,0.894820532181861,0.9127166917834836
16972,0.9914130498276769,0.8952362844139776,0.9130846609960785
16973,0.9914714644546995,0.8956568257218027,0.9134551652305652
16974,0.9915298790817221,0.8960774882687104,0.9138254169585218
16975,0.9915882937087447,0.8964979190290303,0.9141970402331479
16976,0.9916467083357673,0.8969197781022364,0.9145694424741098
16977,0.9917051229627899,0.8973467099855512,0.9149420940675963
16978,0.9917635375898125,0.89777695626487,0.9153154174698568
16979,0.9918219522168351,0.898212017566335,0.9156890526116935
16980,0.9918803668438577,0.8986488669547442,0.9160632523011565
16981,0.9919387814708803,0.8990856122163694,0.9164386405238626
16982,0.9919971960979029,0.8995264034991024,0.9168167969892189
16983,0.9920556107249255,0.8999676197971436,0.9171962511078844
16984,0.9921140253519481,0.9004099948639266,0.9175754262608745
16985,0.9921724399789708,0.9008525429807012,0.9179605064817606
16986,0.9922308546059934,0.9012950464861934,0.918346783686307
16987,0.992289269233016,0.9017484035949096,0.9187337029680601
16988,0.9923476838600386,0.9022030534298933,0.9191208294913532
16989,0.9924060984870612,0.9026628136764409,0.9195086623652677
16990,0.9924645131140838,0.9031223228978121,0.9198965922444183
16991,0.9925229277411064,0.9035824376709173,0.9202856337498826
16992,0.992581342368129,0.9040420418072526,0.92067547006781
16993,0.9926397569951516,0.9045025620662067,0.9210649843218986
16994,0.9926981716221742,0.9049652620917661,0.9214543748533897
16995,0.9927565862491968,0.9054284896904629,0.9218446647470948
16996,0.9928150008762194,0.9058926626982944,0.9222361785493335
16997,0.992873415503242,0.9063572419276255,0.9226272996365544
16998,0.9929318301302646,0.9068225315714599,0.9230207406713797
16999,0.9929902447572873,0.9072912473375315,0.9234153281665356
17000,0.9930486593843099,0.907760207349326,0.9238096129195243
17001,0.9931070740113325,0.908234919230309,0.924205013093902
17002,0.9931654886383551,0.9087093342091003,0.924601505165241
17003,0.9932239032653777,0.9091978206015249,0.925003504509135
17004,0.9932823178924003,0.9096856422293823,0.9254065971022074
17005,0.9933407325194229,0.9101783413103878,0.925810427248282
17006,0.9933991471464455,0.9106805532966786,0.9262162010860437
17007,0.9934575617734681,0.9111864434890975,0.9266245815577707
17008,0.9935159764004907,0.9116935738084896,0.9270347861750121
17009,0.9935743910275133,0.9122015489622876,0.9274455002794858
17010,0.9936328056545359,0.9127092175931639,0.9278563646014732
17011,0.9936912202815585,0.91321883878444,0.9282682354693376
17012,0.9937496349085811,0.9137284549684457,0.9286810886252617
17013,0.9938080495356038,0.9142411327493921,0.9290935808485705
17014,0.9938664641626264,0.914753535694317,0.9295122654049582
17015,0.993924878789649,0.9152674428165467,0.9299309806690138
17016,0.9939832934166716,0.9157820173020341,0.9303495984028971
17017,0.9940417080436942,0.9162979619251213,0.9307704444836323
17018,0.9941001226707168,0.9168141618190714,0.9311909157536343
17019,0.9941585372977394,0.9173390156566413,0.931612281043388
17020,0.994216951924762,0.917863603692407,0.9320345156775695
17021,0.9942753665517846,0.9183894205751477,0.9324614700652045
17022,0.9943337811788072,0.9189247497001187,0.9328889506087118
17023,0.9943921958058298,0.9194595491788198,0.9333172934557299
17024,0.9944506104328524,0.9199947635314216,0.9337501502945774
17025,0.994509025059875,0.9205344245692735,0.9341862012866967
17026,0.9945674396868976,0.9210749737321419,0.9346219232759257
17027,0.9946258543139203,0.9216180703887099,0.9350670939500004
17028,0.9946842689409429,0.9221620668821359,0.935513052468338
17029,0.9947426835679655,0.9227079972269617,0.9359585912919923
17030,0.9948010981949881,0.9232560908420371,0.9364111739262757
17031,0.9948595128220107,0.9238075219292952,0.9368645200542031
17032,0.9949179274490333,0.9243632542875206,0.9373186035583647
17033,0.9949763420760559,0.9249214087233899,0.9377785964265979
17034,0.9950347567030785,0.9254821453680632,0.9382409248214417
17035,0.9950931713301011,0.9260439905448022,0.9387165617985797
17036,0.9951515859571237,0.9266054989483149,0.9391931021169809
17037,0.9952100005841462,0.9271752172264438,0.9396689508202745
17038,0.9952684152111688,0.9277469743436811,0.9401470844771707
17039,0.9953268298381914,0.9283191637354099,0.9406247705748476
17040,0.995385244465214,0.9288935807998701,0.9411020213507465
17041,0.9954436590922366,0.9294688499733814,0.9415798109800255
17042,0.9955020737192593,0.9300582327051888,0.9420666910956395
17043,0.9955604883462819,0.9306532890211685,0.9425607310618894
17044,0.9956189029733045,0.9312515542723139,0.9430595211948166
17045,0.9956773176003271,0.9318506395235955,0.9435618843800587
17046,0.9957357322273497,0.9324530207073264,0.9440650852415559
17047,0.9957941468543723,0.9330648896817462,0.9445677895640892
17048,0.9958525614813949,0.9336774075765156,0.9450703968152517
17049,0.9959109761084175,0.9342914248233781,0.9455849345814857
17050,0.9959693907354401,0.9349068916849059,0.9461004677797332
17051,0.9960278053624627,0.9355292489314675,0.9466191522133411
17052,0.9960862199894853,0.9361597769092053,0.9471450301026496
17053,0.9961446346165079,0.9367912457759054,0.9476731483504479
17054,0.9962030492435305,0.937425673340962,0.9482043445038751
17055,0.9962614638705531,0.9380629905565341,0.9487407946176926
17056,0.9963198784975758,0.9387130538603716,0.9492766792672288
17057,0.9963782931245984,0.9393691404442904,0.9498165570852556
17058,0.996436707751621,0.940028883721509,0.9503634927982139
17059,0.9964951223786436,0.9406924070646225,0.9509157376246156
17060,0.9965535370056662,0.9413568464287875,0.9514718014269267
17061,0.9966119516326888,0.9420281337591078,0.9520289185442883
17062,0.9966703662597114,0.9427034714204694,0.952585309322686
17063,0.996728780886734,0.9433786138340412,0.9531460623331977
17064,0.9967871955137566,0.944054950674996,0.9537062153022658
17065,0.9968456101407792,0.9447366629710103,0.954268210035512
17066,0.9969040247678018,0.945435665745831,0.9548422050656915
17067,0.9969624393948244,0.9461340055821723,0.9554191859940439
17068,0.997020854021847,0.9468375045002997,0.9559955995599559
17069,0.9970792686488696,0.9475448402987342,0.9565726747591626
17070,0.9971376832758923,0.948251555692244,0.9571591963184106
17071,0.9971960979029149,0.9489688588902535,0.9577449577449577
17072,0.9972545125299375,0.9496910516086426,0.9583400787868976
17073,0.9973129271569601,0.9504152629577948,0.9589358738147665
17074,0.9973713417839827,0.9511451445255289,0.9595531448687094
17075,0.9974297564110053,0.951874200166136,0.9601873536299765
17076,0.9974881710380279,0.9526049017283956,0.960840753593558
17077,0.9975465856650505,0.9533395178438127,0.9614995206479764
17078,0.9976050002920731,0.9540745655463507,0.9621579036893134
17079,0.9976634149190957,0.9548100322667517,0.9628198246555735
17080,0.9977218295461183,0.955546763429502,0.9634881184401094
17081,0.9977802441731409,0.9562870593415401,0.9641647830321007
17082,0.9978386588001635,0.9570396641568167,0.9648510387558142
17083,0.9978970734271861,0.9577928153528857,0.9655393892898242
17084,0.9979554880542088,0.9585502630698632,0.9662278395265301
17085,0.9980139026812314,0.9593090961845719,0.9669196237708423
17086,0.998072317308254,0.9600725137028354,0.9676196240387354
17087,0.9981307319352766,0.9608401443079201,0.9683186281485698
17088,0.9981891465622992,0.9616307394105926,0.9690182904068683
17089,0.9982475611893218,0.9624256388477364,0.969734645305673
17090,0.9983059758163444,0.963228536893582,0.9704762665388813
17091,0.998364390443367,0.9640478870275571,0.9712177907038607
17092,0.9984228050703896,0.9648751548958838,0.9719763619771593
17093,0.9984812196974122,0.9657012163552202,0.9727432876251516
17094,0.9985396343244348,0.9665407771019172,0.9735289695490285
17095,0.9985980489514574,0.9673802467191656,0.9743458319709435
17096,0.99865646357848,0.9682521318222049,0.9751618058682772
17097,0.9987148782055026,0.969128463793511,0.976004799040192
17098,0.9987732928325253,0.9700100665862329,0.9768474860089015
17099,0.9988317074595479,0.9708989713229788,0.9777049873203719
17100,0.9988901220865705,0.9717999986836187,0.9785620662051251
17101,0.9989485367135931,0.97271331377104,0.9794239406537579
17102,0.9990069513406157,0.9736529250761777,0.9803033097113553
17103,0.9990653659676383,0.9746128853437325,0.9811820646214042
17104,0.9991237805946609,0.9756303123657993,0.9821027906324499
17105,0.9991821952216835,0.9766485750713305,0.9830303667121992
17106,0.9992406098487061,0.9776841266592704,0.9839836950341582
17107,0.9992990244757287,0.978776178739564,0.9849702901083537
17108,0.9993574391027513,0.9798860181658823,0.9859720488490445
17109,0.9994158537297739,0.981028363963315,0.9869896579989187
17110,0.9994742683567965,0.9822134239274775,0.9880229610724458
17111,0.9995326829838191,0.9834436673803002,0.9890626223602809
17112,0.9995910976108418,0.9847576537561126,0.9901525357437747
17113,0.9996495122378644,0.9860792047308677,0.9912661480761217
17114,0.999707926864887,0.987511079099807,0.992560865644725
17115,0.9997663414919096,0.9891285190254809,0.9939739216263485
17116,0.9998247561189322,0.9911533638767839,0.995383099029932
17117,0.9998831707459548,0.993206569727522,0.996866178032167
17118,0.9999415853729774,0.9965783488527068,0.9983535476307465
17119,1.0,0.9999999999999982,1.0
